{"timestamp":"2025-05-08T05:45:11.122Z","userId":2,"action":"view","resourceType":"healthData","resourceId":"multiple","details":"User 2 accessed their health data","userIp":"","userAgent":""}
{"timestamp":"2025-05-08T05:45:11.284Z","userId":2,"action":"view","resourceType":"healthData","resourceId":"multiple","details":"User 2 accessed their health data","userIp":"","userAgent":""}
{"timestamp":"2025-05-08T05:46:28.689Z","userId":2,"action":"create","resourceType":"healthData","resourceId":9,"details":"Created new health data record","userIp":"","userAgent":""}
{"timestamp":"2025-05-08T05:46:28.722Z","userId":2,"action":"view","resourceType":"healthData","resourceId":"multiple","details":"User 2 accessed their health data","userIp":"","userAgent":""}
{"timestamp":"2025-05-08T05:52:17.671Z","userId":2,"action":"view","resourceType":"healthData","resourceId":"multiple","details":"User 2 accessed their health data","userIp":"","userAgent":""}
{"timestamp":"2025-05-08T12:00:28.524Z","userId":0,"action":"view","resourceType":"User","resourceId":"sasu","details":"MongoDB view on User","userIp":"","userAgent":""}
{"timestamp":"2025-05-08T12:04:35.353Z","userId":0,"action":"view","resourceType":"User","resourceId":"sasu","details":"MongoDB view on User","userIp":"","userAgent":""}
{"timestamp":"2025-05-08T12:04:35.360Z","userId":0,"action":"view","resourceType":"User","resourceId":"sasu@ciklum.com","details":"MongoDB view on User","userIp":"","userAgent":""}
{"timestamp":"2025-05-08T12:04:35.493Z","userId":0,"action":"create","resourceType":"User","resourceId":"multiple","details":"MongoDB create on User","userIp":"","userAgent":""}
{"timestamp":"2025-05-08T12:04:35.676Z","userId":"681c9dd36087ce8c39fd17f0","action":"view","resourceType":"User","resourceId":"681c9dd36087ce8c39fd17f0","details":"MongoDB view on User","userIp":"","userAgent":""}
{"timestamp":"2025-05-08T12:04:35.685Z","userId":681,"action":"view","resourceType":"HealthData","resourceId":"latest","details":"MongoDB view on HealthData","userIp":"","userAgent":""}
{"timestamp":"2025-05-08T12:04:35.754Z","userId":681,"action":"view","resourceType":"HealthData","resourceId":"latest","details":"MongoDB view on HealthData","userIp":"","userAgent":""}
{"timestamp":"2025-05-08T12:04:35.760Z","userId":681,"action":"view","resourceType":"HealthData","resourceId":"latest","details":"MongoDB view on HealthData","userIp":"","userAgent":""}
{"timestamp":"2025-05-08T12:04:35.766Z","userId":681,"action":"view","resourceType":"HealthData","resourceId":"latest","details":"MongoDB view on HealthData","userIp":"","userAgent":""}
{"timestamp":"2025-05-08T12:04:35.774Z","userId":681,"action":"view","resourceType":"HealthData","resourceId":"latest","details":"MongoDB view on HealthData","userIp":"","userAgent":""}
{"timestamp":"2025-05-08T12:04:35.779Z","userId":681,"action":"view","resourceType":"HealthData","resourceId":"latest","details":"MongoDB view on HealthData","userIp":"","userAgent":""}
{"timestamp":"2025-05-08T12:04:35.785Z","userId":681,"action":"view","resourceType":"HealthData","resourceId":"latest","details":"MongoDB view on HealthData","userIp":"","userAgent":""}
{"timestamp":"2025-05-08T12:04:35.794Z","userId":681,"action":"view","resourceType":"HealthData","resourceId":"latest","details":"MongoDB view on HealthData","userIp":"","userAgent":""}
{"timestamp":"2025-05-08T12:04:35.801Z","userId":681,"action":"view","resourceType":"HealthData","resourceId":"latest","details":"MongoDB view on HealthData","userIp":"","userAgent":""}
{"timestamp":"2025-05-08T12:04:35.808Z","userId":681,"action":"view","resourceType":"HealthData","resourceId":"latest","details":"MongoDB view on HealthData","userIp":"","userAgent":""}
{"timestamp":"2025-05-08T12:04:35.815Z","userId":681,"action":"view","resourceType":"HealthData","resourceId":"latest","details":"MongoDB view on HealthData","userIp":"","userAgent":""}
{"timestamp":"2025-05-08T12:04:35.823Z","userId":681,"action":"view","resourceType":"HealthData","resourceId":"latest","details":"MongoDB view on HealthData","userIp":"","userAgent":""}
{"timestamp":"2025-05-08T12:04:35.830Z","userId":681,"action":"view","resourceType":"HealthData","resourceId":"latest","details":"MongoDB view on HealthData","userIp":"","userAgent":""}
{"timestamp":"2025-05-08T12:04:35.836Z","userId":681,"action":"view","resourceType":"HealthData","resourceId":"latest","details":"MongoDB view on HealthData","userIp":"","userAgent":""}
{"timestamp":"2025-05-08T12:04:35.843Z","userId":681,"action":"view","resourceType":"HealthData","resourceId":"latest","details":"MongoDB view on HealthData","userIp":"","userAgent":""}
{"timestamp":"2025-05-08T12:04:35.850Z","userId":681,"action":"view","resourceType":"HealthData","resourceId":"latest","details":"MongoDB view on HealthData","userIp":"","userAgent":""}
{"timestamp":"2025-05-08T12:04:35.856Z","userId":681,"action":"view","resourceType":"HealthData","resourceId":"latest","details":"MongoDB view on HealthData","userIp":"","userAgent":""}
{"timestamp":"2025-05-08T12:04:35.862Z","userId":681,"action":"view","resourceType":"HealthData","resourceId":"latest","details":"MongoDB view on HealthData","userIp":"","userAgent":""}
{"timestamp":"2025-05-08T12:04:35.868Z","userId":681,"action":"view","resourceType":"HealthData","resourceId":"latest","details":"MongoDB view on HealthData","userIp":"","userAgent":""}
{"timestamp":"2025-05-08T12:04:35.874Z","userId":681,"action":"view","resourceType":"HealthData","resourceId":"latest","details":"MongoDB view on HealthData","userIp":"","userAgent":""}
{"timestamp":"2025-05-08T12:04:35.881Z","userId":681,"action":"view","resourceType":"HealthData","resourceId":"latest","details":"MongoDB view on HealthData","userIp":"","userAgent":""}
{"timestamp":"2025-05-08T12:04:35.888Z","userId":681,"action":"view","resourceType":"HealthData","resourceId":"latest","details":"MongoDB view on HealthData","userIp":"","userAgent":""}
{"timestamp":"2025-05-08T12:04:35.895Z","userId":681,"action":"view","resourceType":"HealthData","resourceId":"latest","details":"MongoDB view on HealthData","userIp":"","userAgent":""}
{"timestamp":"2025-05-08T12:04:35.902Z","userId":681,"action":"view","resourceType":"HealthData","resourceId":"latest","details":"MongoDB view on HealthData","userIp":"","userAgent":""}
{"timestamp":"2025-05-08T12:04:35.910Z","userId":681,"action":"view","resourceType":"HealthData","resourceId":"latest","details":"MongoDB view on HealthData","userIp":"","userAgent":""}
{"timestamp":"2025-05-08T12:04:35.916Z","userId":681,"action":"view","resourceType":"HealthData","resourceId":"latest","details":"MongoDB view on HealthData","userIp":"","userAgent":""}
{"timestamp":"2025-05-08T12:04:35.922Z","userId":681,"action":"view","resourceType":"HealthData","resourceId":"latest","details":"MongoDB view on HealthData","userIp":"","userAgent":""}
{"timestamp":"2025-05-08T12:04:35.929Z","userId":681,"action":"view","resourceType":"HealthData","resourceId":"latest","details":"MongoDB view on HealthData","userIp":"","userAgent":""}
{"timestamp":"2025-05-08T12:04:35.936Z","userId":681,"action":"view","resourceType":"HealthData","resourceId":"latest","details":"MongoDB view on HealthData","userIp":"","userAgent":""}
{"timestamp":"2025-05-08T12:04:35.943Z","userId":681,"action":"view","resourceType":"HealthData","resourceId":"latest","details":"MongoDB view on HealthData","userIp":"","userAgent":""}
{"timestamp":"2025-05-08T12:04:35.948Z","userId":681,"action":"view","resourceType":"HealthData","resourceId":"latest","details":"MongoDB view on HealthData","userIp":"","userAgent":""}
{"timestamp":"2025-05-08T12:04:35.955Z","userId":681,"action":"view","resourceType":"HealthData","resourceId":"latest","details":"MongoDB view on HealthData","userIp":"","userAgent":""}
{"timestamp":"2025-05-08T12:04:35.962Z","userId":681,"action":"view","resourceType":"HealthData","resourceId":"latest","details":"MongoDB view on HealthData","userIp":"","userAgent":""}
{"timestamp":"2025-05-08T12:04:35.968Z","userId":681,"action":"view","resourceType":"HealthData","resourceId":"latest","details":"MongoDB view on HealthData","userIp":"","userAgent":""}
{"timestamp":"2025-05-08T12:04:35.974Z","userId":681,"action":"view","resourceType":"HealthData","resourceId":"latest","details":"MongoDB view on HealthData","userIp":"","userAgent":""}
{"timestamp":"2025-05-08T12:04:35.980Z","userId":681,"action":"view","resourceType":"HealthData","resourceId":"latest","details":"MongoDB view on HealthData","userIp":"","userAgent":""}
{"timestamp":"2025-05-08T12:04:35.986Z","userId":681,"action":"view","resourceType":"HealthData","resourceId":"latest","details":"MongoDB view on HealthData","userIp":"","userAgent":""}
{"timestamp":"2025-05-08T12:04:35.992Z","userId":681,"action":"view","resourceType":"HealthData","resourceId":"latest","details":"MongoDB view on HealthData","userIp":"","userAgent":""}
{"timestamp":"2025-05-08T12:04:35.998Z","userId":681,"action":"view","resourceType":"HealthData","resourceId":"latest","details":"MongoDB view on HealthData","userIp":"","userAgent":""}
{"timestamp":"2025-05-08T12:04:36.005Z","userId":681,"action":"view","resourceType":"HealthData","resourceId":"latest","details":"MongoDB view on HealthData","userIp":"","userAgent":""}
{"timestamp":"2025-05-08T12:04:36.013Z","userId":681,"action":"view","resourceType":"HealthData","resourceId":"latest","details":"MongoDB view on HealthData","userIp":"","userAgent":""}
{"timestamp":"2025-05-08T12:04:36.020Z","userId":681,"action":"view","resourceType":"HealthData","resourceId":"latest","details":"MongoDB view on HealthData","userIp":"","userAgent":""}
{"timestamp":"2025-05-08T12:04:36.028Z","userId":681,"action":"view","resourceType":"HealthData","resourceId":"latest","details":"MongoDB view on HealthData","userIp":"","userAgent":""}
{"timestamp":"2025-05-08T12:04:36.034Z","userId":681,"action":"view","resourceType":"HealthData","resourceId":"latest","details":"MongoDB view on HealthData","userIp":"","userAgent":""}
{"timestamp":"2025-05-08T12:04:36.043Z","userId":681,"action":"view","resourceType":"HealthData","resourceId":"latest","details":"MongoDB view on HealthData","userIp":"","userAgent":""}
{"timestamp":"2025-05-08T12:04:36.051Z","userId":681,"action":"view","resourceType":"HealthData","resourceId":"latest","details":"MongoDB view on HealthData","userIp":"","userAgent":""}
{"timestamp":"2025-05-08T12:04:36.059Z","userId":681,"action":"view","resourceType":"HealthData","resourceId":"latest","details":"MongoDB view on HealthData","userIp":"","userAgent":""}
{"timestamp":"2025-05-08T12:04:36.064Z","userId":681,"action":"view","resourceType":"HealthData","resourceId":"latest","details":"MongoDB view on HealthData","userIp":"","userAgent":""}
{"timestamp":"2025-05-08T12:04:36.070Z","userId":681,"action":"view","resourceType":"HealthData","resourceId":"latest","details":"MongoDB view on HealthData","userIp":"","userAgent":""}
{"timestamp":"2025-05-08T12:04:36.075Z","userId":681,"action":"view","resourceType":"HealthData","resourceId":"latest","details":"MongoDB view on HealthData","userIp":"","userAgent":""}
{"timestamp":"2025-05-08T12:04:36.083Z","userId":681,"action":"view","resourceType":"HealthData","resourceId":"latest","details":"MongoDB view on HealthData","userIp":"","userAgent":""}
{"timestamp":"2025-05-08T12:04:36.090Z","userId":681,"action":"view","resourceType":"HealthData","resourceId":"latest","details":"MongoDB view on HealthData","userIp":"","userAgent":""}
{"timestamp":"2025-05-08T12:04:36.095Z","userId":681,"action":"view","resourceType":"HealthData","resourceId":"latest","details":"MongoDB view on HealthData","userIp":"","userAgent":""}
{"timestamp":"2025-05-08T12:04:36.101Z","userId":681,"action":"view","resourceType":"HealthData","resourceId":"latest","details":"MongoDB view on HealthData","userIp":"","userAgent":""}
{"timestamp":"2025-05-08T12:04:36.107Z","userId":681,"action":"view","resourceType":"HealthData","resourceId":"latest","details":"MongoDB view on HealthData","userIp":"","userAgent":""}
{"timestamp":"2025-05-08T12:04:36.112Z","userId":681,"action":"view","resourceType":"HealthData","resourceId":"latest","details":"MongoDB view on HealthData","userIp":"","userAgent":""}
{"timestamp":"2025-05-08T12:04:36.117Z","userId":681,"action":"view","resourceType":"HealthData","resourceId":"latest","details":"MongoDB view on HealthData","userIp":"","userAgent":""}
{"timestamp":"2025-05-08T12:04:36.123Z","userId":681,"action":"view","resourceType":"HealthData","resourceId":"latest","details":"MongoDB view on HealthData","userIp":"","userAgent":""}
{"timestamp":"2025-05-08T12:04:36.129Z","userId":681,"action":"view","resourceType":"HealthData","resourceId":"latest","details":"MongoDB view on HealthData","userIp":"","userAgent":""}
{"timestamp":"2025-05-08T12:04:36.135Z","userId":681,"action":"view","resourceType":"HealthData","resourceId":"latest","details":"MongoDB view on HealthData","userIp":"","userAgent":""}
{"timestamp":"2025-05-08T12:04:36.141Z","userId":681,"action":"view","resourceType":"HealthData","resourceId":"latest","details":"MongoDB view on HealthData","userIp":"","userAgent":""}
{"timestamp":"2025-05-08T12:04:36.148Z","userId":681,"action":"view","resourceType":"HealthData","resourceId":"latest","details":"MongoDB view on HealthData","userIp":"","userAgent":""}
{"timestamp":"2025-05-08T12:04:36.153Z","userId":681,"action":"view","resourceType":"HealthData","resourceId":"latest","details":"MongoDB view on HealthData","userIp":"","userAgent":""}
{"timestamp":"2025-05-08T12:04:36.159Z","userId":681,"action":"view","resourceType":"HealthData","resourceId":"latest","details":"MongoDB view on HealthData","userIp":"","userAgent":""}
{"timestamp":"2025-05-08T12:04:36.164Z","userId":681,"action":"view","resourceType":"HealthData","resourceId":"latest","details":"MongoDB view on HealthData","userIp":"","userAgent":""}
{"timestamp":"2025-05-08T12:04:36.170Z","userId":681,"action":"view","resourceType":"HealthData","resourceId":"latest","details":"MongoDB view on HealthData","userIp":"","userAgent":""}
{"timestamp":"2025-05-08T12:04:36.176Z","userId":681,"action":"view","resourceType":"HealthData","resourceId":"latest","details":"MongoDB view on HealthData","userIp":"","userAgent":""}
{"timestamp":"2025-05-08T12:04:36.181Z","userId":681,"action":"view","resourceType":"HealthData","resourceId":"latest","details":"MongoDB view on HealthData","userIp":"","userAgent":""}
{"timestamp":"2025-05-08T12:04:36.186Z","userId":681,"action":"view","resourceType":"HealthData","resourceId":"latest","details":"MongoDB view on HealthData","userIp":"","userAgent":""}
{"timestamp":"2025-05-08T12:04:36.193Z","userId":681,"action":"view","resourceType":"HealthData","resourceId":"latest","details":"MongoDB view on HealthData","userIp":"","userAgent":""}
{"timestamp":"2025-05-08T12:04:36.199Z","userId":681,"action":"view","resourceType":"HealthData","resourceId":"latest","details":"MongoDB view on HealthData","userIp":"","userAgent":""}
{"timestamp":"2025-05-08T12:04:36.205Z","userId":681,"action":"view","resourceType":"HealthData","resourceId":"latest","details":"MongoDB view on HealthData","userIp":"","userAgent":""}
{"timestamp":"2025-05-08T12:04:36.212Z","userId":681,"action":"view","resourceType":"HealthData","resourceId":"latest","details":"MongoDB view on HealthData","userIp":"","userAgent":""}
{"timestamp":"2025-05-08T12:04:36.218Z","userId":681,"action":"view","resourceType":"HealthData","resourceId":"latest","details":"MongoDB view on HealthData","userIp":"","userAgent":""}
{"timestamp":"2025-05-08T12:04:36.223Z","userId":681,"action":"view","resourceType":"HealthData","resourceId":"latest","details":"MongoDB view on HealthData","userIp":"","userAgent":""}
{"timestamp":"2025-05-08T12:04:36.229Z","userId":681,"action":"view","resourceType":"HealthData","resourceId":"latest","details":"MongoDB view on HealthData","userIp":"","userAgent":""}
{"timestamp":"2025-05-08T12:04:36.234Z","userId":681,"action":"view","resourceType":"HealthData","resourceId":"latest","details":"MongoDB view on HealthData","userIp":"","userAgent":""}
{"timestamp":"2025-05-08T12:04:36.240Z","userId":681,"action":"view","resourceType":"HealthData","resourceId":"latest","details":"MongoDB view on HealthData","userIp":"","userAgent":""}
{"timestamp":"2025-05-08T12:04:36.247Z","userId":681,"action":"view","resourceType":"HealthData","resourceId":"latest","details":"MongoDB view on HealthData","userIp":"","userAgent":""}
{"timestamp":"2025-05-08T12:04:36.253Z","userId":681,"action":"view","resourceType":"HealthData","resourceId":"latest","details":"MongoDB view on HealthData","userIp":"","userAgent":""}
{"timestamp":"2025-05-08T12:04:36.259Z","userId":681,"action":"view","resourceType":"HealthData","resourceId":"latest","details":"MongoDB view on HealthData","userIp":"","userAgent":""}
{"timestamp":"2025-05-08T12:04:36.264Z","userId":681,"action":"view","resourceType":"HealthData","resourceId":"latest","details":"MongoDB view on HealthData","userIp":"","userAgent":""}
{"timestamp":"2025-05-08T12:04:36.270Z","userId":681,"action":"view","resourceType":"HealthData","resourceId":"latest","details":"MongoDB view on HealthData","userIp":"","userAgent":""}
{"timestamp":"2025-05-08T12:04:36.276Z","userId":681,"action":"view","resourceType":"HealthData","resourceId":"latest","details":"MongoDB view on HealthData","userIp":"","userAgent":""}
{"timestamp":"2025-05-08T12:04:36.282Z","userId":681,"action":"view","resourceType":"HealthData","resourceId":"latest","details":"MongoDB view on HealthData","userIp":"","userAgent":""}
{"timestamp":"2025-05-08T12:04:36.288Z","userId":681,"action":"view","resourceType":"HealthData","resourceId":"latest","details":"MongoDB view on HealthData","userIp":"","userAgent":""}
{"timestamp":"2025-05-08T12:04:36.295Z","userId":681,"action":"view","resourceType":"HealthData","resourceId":"latest","details":"MongoDB view on HealthData","userIp":"","userAgent":""}
{"timestamp":"2025-05-08T12:04:36.300Z","userId":681,"action":"view","resourceType":"HealthData","resourceId":"latest","details":"MongoDB view on HealthData","userIp":"","userAgent":""}
{"timestamp":"2025-05-08T12:04:36.306Z","userId":681,"action":"view","resourceType":"HealthData","resourceId":"latest","details":"MongoDB view on HealthData","userIp":"","userAgent":""}
{"timestamp":"2025-05-08T12:04:36.312Z","userId":681,"action":"view","resourceType":"HealthData","resourceId":"latest","details":"MongoDB view on HealthData","userIp":"","userAgent":""}
{"timestamp":"2025-05-08T12:04:36.318Z","userId":681,"action":"view","resourceType":"HealthData","resourceId":"latest","details":"MongoDB view on HealthData","userIp":"","userAgent":""}
{"timestamp":"2025-05-08T12:04:36.324Z","userId":681,"action":"view","resourceType":"HealthData","resourceId":"latest","details":"MongoDB view on HealthData","userIp":"","userAgent":""}
{"timestamp":"2025-05-08T12:04:36.329Z","userId":681,"action":"view","resourceType":"HealthData","resourceId":"latest","details":"MongoDB view on HealthData","userIp":"","userAgent":""}
{"timestamp":"2025-05-08T12:04:36.336Z","userId":681,"action":"view","resourceType":"HealthData","resourceId":"latest","details":"MongoDB view on HealthData","userIp":"","userAgent":""}
{"timestamp":"2025-05-08T12:04:36.341Z","userId":681,"action":"view","resourceType":"HealthData","resourceId":"latest","details":"MongoDB view on HealthData","userIp":"","userAgent":""}
{"timestamp":"2025-05-08T12:04:36.347Z","userId":681,"action":"view","resourceType":"HealthData","resourceId":"latest","details":"MongoDB view on HealthData","userIp":"","userAgent":""}
{"timestamp":"2025-05-08T12:04:36.353Z","userId":681,"action":"view","resourceType":"HealthData","resourceId":"latest","details":"MongoDB view on HealthData","userIp":"","userAgent":""}
{"timestamp":"2025-05-08T12:04:36.359Z","userId":681,"action":"view","resourceType":"HealthData","resourceId":"latest","details":"MongoDB view on HealthData","userIp":"","userAgent":""}
{"timestamp":"2025-05-08T12:04:36.364Z","userId":681,"action":"view","resourceType":"HealthData","resourceId":"latest","details":"MongoDB view on HealthData","userIp":"","userAgent":""}
{"timestamp":"2025-05-08T12:04:36.370Z","userId":681,"action":"view","resourceType":"HealthData","resourceId":"latest","details":"MongoDB view on HealthData","userIp":"","userAgent":""}
{"timestamp":"2025-05-08T12:04:36.376Z","userId":681,"action":"view","resourceType":"HealthData","resourceId":"latest","details":"MongoDB view on HealthData","userIp":"","userAgent":""}
{"timestamp":"2025-05-08T12:04:36.382Z","userId":681,"action":"view","resourceType":"HealthData","resourceId":"latest","details":"MongoDB view on HealthData","userIp":"","userAgent":""}
{"timestamp":"2025-05-08T12:04:36.388Z","userId":681,"action":"view","resourceType":"HealthData","resourceId":"latest","details":"MongoDB view on HealthData","userIp":"","userAgent":""}
{"timestamp":"2025-05-08T12:04:36.395Z","userId":681,"action":"view","resourceType":"HealthData","resourceId":"latest","details":"MongoDB view on HealthData","userIp":"","userAgent":""}
{"timestamp":"2025-05-08T12:04:36.400Z","userId":681,"action":"view","resourceType":"HealthData","resourceId":"latest","details":"MongoDB view on HealthData","userIp":"","userAgent":""}
{"timestamp":"2025-05-08T12:04:36.406Z","userId":681,"action":"view","resourceType":"HealthData","resourceId":"latest","details":"MongoDB view on HealthData","userIp":"","userAgent":""}
{"timestamp":"2025-05-08T12:04:36.412Z","userId":681,"action":"view","resourceType":"HealthData","resourceId":"latest","details":"MongoDB view on HealthData","userIp":"","userAgent":""}
{"timestamp":"2025-05-08T12:04:36.418Z","userId":681,"action":"view","resourceType":"HealthData","resourceId":"latest","details":"MongoDB view on HealthData","userIp":"","userAgent":""}
{"timestamp":"2025-05-08T12:04:36.425Z","userId":681,"action":"view","resourceType":"HealthData","resourceId":"latest","details":"MongoDB view on HealthData","userIp":"","userAgent":""}
{"timestamp":"2025-05-08T12:04:36.431Z","userId":681,"action":"view","resourceType":"HealthData","resourceId":"latest","details":"MongoDB view on HealthData","userIp":"","userAgent":""}
{"timestamp":"2025-05-08T12:04:36.437Z","userId":681,"action":"view","resourceType":"HealthData","resourceId":"latest","details":"MongoDB view on HealthData","userIp":"","userAgent":""}
{"timestamp":"2025-05-08T12:04:36.443Z","userId":681,"action":"view","resourceType":"HealthData","resourceId":"latest","details":"MongoDB view on HealthData","userIp":"","userAgent":""}
{"timestamp":"2025-05-08T12:04:36.450Z","userId":681,"action":"view","resourceType":"HealthData","resourceId":"latest","details":"MongoDB view on HealthData","userIp":"","userAgent":""}
{"timestamp":"2025-05-08T12:04:36.455Z","userId":681,"action":"view","resourceType":"HealthData","resourceId":"latest","details":"MongoDB view on HealthData","userIp":"","userAgent":""}
{"timestamp":"2025-05-08T12:04:36.461Z","userId":681,"action":"view","resourceType":"HealthData","resourceId":"latest","details":"MongoDB view on HealthData","userIp":"","userAgent":""}
{"timestamp":"2025-05-08T12:04:36.467Z","userId":681,"action":"view","resourceType":"HealthData","resourceId":"latest","details":"MongoDB view on HealthData","userIp":"","userAgent":""}
{"timestamp":"2025-05-08T12:04:36.473Z","userId":681,"action":"view","resourceType":"HealthData","resourceId":"latest","details":"MongoDB view on HealthData","userIp":"","userAgent":""}
{"timestamp":"2025-05-08T12:04:36.479Z","userId":681,"action":"view","resourceType":"HealthData","resourceId":"latest","details":"MongoDB view on HealthData","userIp":"","userAgent":""}
{"timestamp":"2025-05-08T12:04:36.485Z","userId":681,"action":"view","resourceType":"HealthData","resourceId":"latest","details":"MongoDB view on HealthData","userIp":"","userAgent":""}
{"timestamp":"2025-05-08T12:04:36.491Z","userId":681,"action":"view","resourceType":"HealthData","resourceId":"latest","details":"MongoDB view on HealthData","userIp":"","userAgent":""}
{"timestamp":"2025-05-08T12:04:36.497Z","userId":681,"action":"view","resourceType":"HealthData","resourceId":"latest","details":"MongoDB view on HealthData","userIp":"","userAgent":""}
{"timestamp":"2025-05-08T12:04:36.503Z","userId":681,"action":"view","resourceType":"HealthData","resourceId":"latest","details":"MongoDB view on HealthData","userIp":"","userAgent":""}
{"timestamp":"2025-05-08T12:04:36.509Z","userId":681,"action":"view","resourceType":"HealthData","resourceId":"latest","details":"MongoDB view on HealthData","userIp":"","userAgent":""}
{"timestamp":"2025-05-08T12:04:36.514Z","userId":681,"action":"view","resourceType":"HealthData","resourceId":"latest","details":"MongoDB view on HealthData","userIp":"","userAgent":""}
{"timestamp":"2025-05-08T12:04:36.521Z","userId":681,"action":"view","resourceType":"HealthData","resourceId":"latest","details":"MongoDB view on HealthData","userIp":"","userAgent":""}
{"timestamp":"2025-05-08T12:04:36.527Z","userId":681,"action":"view","resourceType":"HealthData","resourceId":"latest","details":"MongoDB view on HealthData","userIp":"","userAgent":""}
{"timestamp":"2025-05-08T12:04:36.532Z","userId":681,"action":"view","resourceType":"HealthData","resourceId":"latest","details":"MongoDB view on HealthData","userIp":"","userAgent":""}
{"timestamp":"2025-05-08T12:04:36.538Z","userId":681,"action":"view","resourceType":"HealthData","resourceId":"latest","details":"MongoDB view on HealthData","userIp":"","userAgent":""}
{"timestamp":"2025-05-08T12:04:36.560Z","userId":681,"action":"view","resourceType":"HealthData","resourceId":"latest","details":"MongoDB view on HealthData","userIp":"","userAgent":""}
{"timestamp":"2025-05-08T12:04:36.565Z","userId":681,"action":"view","resourceType":"HealthData","resourceId":"latest","details":"MongoDB view on HealthData","userIp":"","userAgent":""}
{"timestamp":"2025-05-08T12:04:36.571Z","userId":681,"action":"view","resourceType":"HealthData","resourceId":"latest","details":"MongoDB view on HealthData","userIp":"","userAgent":""}
{"timestamp":"2025-05-08T12:04:36.577Z","userId":681,"action":"view","resourceType":"HealthData","resourceId":"latest","details":"MongoDB view on HealthData","userIp":"","userAgent":""}
{"timestamp":"2025-05-08T12:04:36.583Z","userId":681,"action":"view","resourceType":"HealthData","resourceId":"latest","details":"MongoDB view on HealthData","userIp":"","userAgent":""}
{"timestamp":"2025-05-08T12:04:36.589Z","userId":681,"action":"view","resourceType":"HealthData","resourceId":"latest","details":"MongoDB view on HealthData","userIp":"","userAgent":""}
{"timestamp":"2025-05-08T12:04:36.594Z","userId":681,"action":"view","resourceType":"HealthData","resourceId":"latest","details":"MongoDB view on HealthData","userIp":"","userAgent":""}
{"timestamp":"2025-05-08T12:04:36.600Z","userId":681,"action":"view","resourceType":"HealthData","resourceId":"latest","details":"MongoDB view on HealthData","userIp":"","userAgent":""}
{"timestamp":"2025-05-08T12:04:36.605Z","userId":681,"action":"view","resourceType":"HealthData","resourceId":"latest","details":"MongoDB view on HealthData","userIp":"","userAgent":""}
{"timestamp":"2025-05-08T12:04:36.612Z","userId":681,"action":"view","resourceType":"HealthData","resourceId":"latest","details":"MongoDB view on HealthData","userIp":"","userAgent":""}
{"timestamp":"2025-05-08T12:04:36.618Z","userId":681,"action":"view","resourceType":"HealthData","resourceId":"latest","details":"MongoDB view on HealthData","userIp":"","userAgent":""}
{"timestamp":"2025-05-08T12:04:36.624Z","userId":681,"action":"view","resourceType":"HealthData","resourceId":"latest","details":"MongoDB view on HealthData","userIp":"","userAgent":""}
{"timestamp":"2025-05-08T12:04:36.629Z","userId":681,"action":"view","resourceType":"HealthData","resourceId":"latest","details":"MongoDB view on HealthData","userIp":"","userAgent":""}
{"timestamp":"2025-05-08T12:04:36.635Z","userId":681,"action":"view","resourceType":"HealthData","resourceId":"latest","details":"MongoDB view on HealthData","userIp":"","userAgent":""}
{"timestamp":"2025-05-08T12:04:36.641Z","userId":681,"action":"view","resourceType":"HealthData","resourceId":"latest","details":"MongoDB view on HealthData","userIp":"","userAgent":""}
{"timestamp":"2025-05-08T12:04:36.647Z","userId":681,"action":"view","resourceType":"HealthData","resourceId":"latest","details":"MongoDB view on HealthData","userIp":"","userAgent":""}
{"timestamp":"2025-05-08T12:04:36.653Z","userId":681,"action":"view","resourceType":"HealthData","resourceId":"latest","details":"MongoDB view on HealthData","userIp":"","userAgent":""}
{"timestamp":"2025-05-08T12:04:36.659Z","userId":681,"action":"view","resourceType":"HealthData","resourceId":"latest","details":"MongoDB view on HealthData","userIp":"","userAgent":""}
{"timestamp":"2025-05-08T12:04:36.665Z","userId":681,"action":"view","resourceType":"HealthData","resourceId":"latest","details":"MongoDB view on HealthData","userIp":"","userAgent":""}
{"timestamp":"2025-05-08T12:04:36.670Z","userId":681,"action":"view","resourceType":"HealthData","resourceId":"latest","details":"MongoDB view on HealthData","userIp":"","userAgent":""}
{"timestamp":"2025-05-08T12:04:36.676Z","userId":681,"action":"view","resourceType":"HealthData","resourceId":"latest","details":"MongoDB view on HealthData","userIp":"","userAgent":""}
{"timestamp":"2025-05-08T12:04:36.683Z","userId":681,"action":"view","resourceType":"HealthData","resourceId":"latest","details":"MongoDB view on HealthData","userIp":"","userAgent":""}
{"timestamp":"2025-05-08T12:04:36.688Z","userId":681,"action":"view","resourceType":"HealthData","resourceId":"latest","details":"MongoDB view on HealthData","userIp":"","userAgent":""}
{"timestamp":"2025-05-08T12:04:36.695Z","userId":681,"action":"view","resourceType":"HealthData","resourceId":"latest","details":"MongoDB view on HealthData","userIp":"","userAgent":""}
{"timestamp":"2025-05-08T12:04:36.700Z","userId":681,"action":"view","resourceType":"HealthData","resourceId":"latest","details":"MongoDB view on HealthData","userIp":"","userAgent":""}
{"timestamp":"2025-05-08T12:04:36.706Z","userId":681,"action":"view","resourceType":"HealthData","resourceId":"latest","details":"MongoDB view on HealthData","userIp":"","userAgent":""}
{"timestamp":"2025-05-08T12:04:36.712Z","userId":681,"action":"view","resourceType":"HealthData","resourceId":"latest","details":"MongoDB view on HealthData","userIp":"","userAgent":""}
{"timestamp":"2025-05-08T12:04:36.718Z","userId":681,"action":"view","resourceType":"HealthData","resourceId":"latest","details":"MongoDB view on HealthData","userIp":"","userAgent":""}
{"timestamp":"2025-05-08T12:04:36.724Z","userId":681,"action":"view","resourceType":"HealthData","resourceId":"latest","details":"MongoDB view on HealthData","userIp":"","userAgent":""}
{"timestamp":"2025-05-08T12:04:36.730Z","userId":681,"action":"view","resourceType":"HealthData","resourceId":"latest","details":"MongoDB view on HealthData","userIp":"","userAgent":""}
{"timestamp":"2025-05-08T12:04:36.736Z","userId":681,"action":"view","resourceType":"HealthData","resourceId":"latest","details":"MongoDB view on HealthData","userIp":"","userAgent":""}
{"timestamp":"2025-05-08T12:04:36.743Z","userId":681,"action":"view","resourceType":"HealthData","resourceId":"latest","details":"MongoDB view on HealthData","userIp":"","userAgent":""}
{"timestamp":"2025-05-08T12:04:36.751Z","userId":681,"action":"view","resourceType":"HealthData","resourceId":"latest","details":"MongoDB view on HealthData","userIp":"","userAgent":""}
{"timestamp":"2025-05-08T12:04:36.757Z","userId":681,"action":"view","resourceType":"HealthData","resourceId":"latest","details":"MongoDB view on HealthData","userIp":"","userAgent":""}
{"timestamp":"2025-05-08T12:04:36.764Z","userId":681,"action":"view","resourceType":"HealthData","resourceId":"latest","details":"MongoDB view on HealthData","userIp":"","userAgent":""}
{"timestamp":"2025-05-08T12:04:36.769Z","userId":681,"action":"view","resourceType":"HealthData","resourceId":"latest","details":"MongoDB view on HealthData","userIp":"","userAgent":""}
{"timestamp":"2025-05-08T12:04:36.776Z","userId":681,"action":"view","resourceType":"HealthData","resourceId":"latest","details":"MongoDB view on HealthData","userIp":"","userAgent":""}
{"timestamp":"2025-05-08T12:04:36.783Z","userId":681,"action":"view","resourceType":"HealthData","resourceId":"latest","details":"MongoDB view on HealthData","userIp":"","userAgent":""}
{"timestamp":"2025-05-08T12:04:36.789Z","userId":681,"action":"view","resourceType":"HealthData","resourceId":"latest","details":"MongoDB view on HealthData","userIp":"","userAgent":""}
{"timestamp":"2025-05-08T12:04:36.795Z","userId":681,"action":"view","resourceType":"HealthData","resourceId":"latest","details":"MongoDB view on HealthData","userIp":"","userAgent":""}
{"timestamp":"2025-05-08T12:04:36.800Z","userId":681,"action":"view","resourceType":"HealthData","resourceId":"latest","details":"MongoDB view on HealthData","userIp":"","userAgent":""}
{"timestamp":"2025-05-08T12:04:36.806Z","userId":681,"action":"view","resourceType":"HealthData","resourceId":"latest","details":"MongoDB view on HealthData","userIp":"","userAgent":""}
{"timestamp":"2025-05-08T12:04:36.812Z","userId":681,"action":"view","resourceType":"HealthData","resourceId":"latest","details":"MongoDB view on HealthData","userIp":"","userAgent":""}
{"timestamp":"2025-05-08T12:04:36.818Z","userId":681,"action":"view","resourceType":"HealthData","resourceId":"latest","details":"MongoDB view on HealthData","userIp":"","userAgent":""}
{"timestamp":"2025-05-08T12:04:36.824Z","userId":681,"action":"view","resourceType":"HealthData","resourceId":"latest","details":"MongoDB view on HealthData","userIp":"","userAgent":""}
{"timestamp":"2025-05-08T12:04:36.830Z","userId":681,"action":"view","resourceType":"HealthData","resourceId":"latest","details":"MongoDB view on HealthData","userIp":"","userAgent":""}
{"timestamp":"2025-05-08T12:04:36.836Z","userId":681,"action":"view","resourceType":"HealthData","resourceId":"latest","details":"MongoDB view on HealthData","userIp":"","userAgent":""}
{"timestamp":"2025-05-08T12:04:36.843Z","userId":681,"action":"view","resourceType":"HealthData","resourceId":"latest","details":"MongoDB view on HealthData","userIp":"","userAgent":""}
{"timestamp":"2025-05-08T12:04:36.849Z","userId":681,"action":"view","resourceType":"HealthData","resourceId":"latest","details":"MongoDB view on HealthData","userIp":"","userAgent":""}
{"timestamp":"2025-05-08T12:04:36.856Z","userId":681,"action":"view","resourceType":"HealthData","resourceId":"latest","details":"MongoDB view on HealthData","userIp":"","userAgent":""}
{"timestamp":"2025-05-08T12:04:36.862Z","userId":681,"action":"view","resourceType":"HealthData","resourceId":"latest","details":"MongoDB view on HealthData","userIp":"","userAgent":""}
{"timestamp":"2025-05-08T12:04:36.868Z","userId":681,"action":"view","resourceType":"HealthData","resourceId":"latest","details":"MongoDB view on HealthData","userIp":"","userAgent":""}
{"timestamp":"2025-05-08T12:04:36.874Z","userId":681,"action":"view","resourceType":"HealthData","resourceId":"latest","details":"MongoDB view on HealthData","userIp":"","userAgent":""}
{"timestamp":"2025-05-08T12:04:36.882Z","userId":681,"action":"view","resourceType":"HealthData","resourceId":"latest","details":"MongoDB view on HealthData","userIp":"","userAgent":""}
{"timestamp":"2025-05-08T12:04:36.887Z","userId":681,"action":"view","resourceType":"HealthData","resourceId":"latest","details":"MongoDB view on HealthData","userIp":"","userAgent":""}
{"timestamp":"2025-05-08T12:04:36.894Z","userId":681,"action":"view","resourceType":"HealthData","resourceId":"latest","details":"MongoDB view on HealthData","userIp":"","userAgent":""}
{"timestamp":"2025-05-08T12:04:36.900Z","userId":681,"action":"view","resourceType":"HealthData","resourceId":"latest","details":"MongoDB view on HealthData","userIp":"","userAgent":""}
{"timestamp":"2025-05-08T12:04:36.906Z","userId":681,"action":"view","resourceType":"HealthData","resourceId":"latest","details":"MongoDB view on HealthData","userIp":"","userAgent":""}
{"timestamp":"2025-05-08T12:04:36.912Z","userId":681,"action":"view","resourceType":"HealthData","resourceId":"latest","details":"MongoDB view on HealthData","userIp":"","userAgent":""}
{"timestamp":"2025-05-08T12:04:36.918Z","userId":681,"action":"view","resourceType":"HealthData","resourceId":"latest","details":"MongoDB view on HealthData","userIp":"","userAgent":""}
{"timestamp":"2025-05-08T12:04:36.925Z","userId":681,"action":"view","resourceType":"HealthData","resourceId":"latest","details":"MongoDB view on HealthData","userIp":"","userAgent":""}
{"timestamp":"2025-05-08T12:04:36.930Z","userId":681,"action":"view","resourceType":"HealthData","resourceId":"latest","details":"MongoDB view on HealthData","userIp":"","userAgent":""}
{"timestamp":"2025-05-08T12:04:36.937Z","userId":681,"action":"view","resourceType":"HealthData","resourceId":"latest","details":"MongoDB view on HealthData","userIp":"","userAgent":""}
{"timestamp":"2025-05-08T12:04:36.943Z","userId":681,"action":"view","resourceType":"HealthData","resourceId":"latest","details":"MongoDB view on HealthData","userIp":"","userAgent":""}
{"timestamp":"2025-05-08T12:04:36.949Z","userId":681,"action":"view","resourceType":"HealthData","resourceId":"latest","details":"MongoDB view on HealthData","userIp":"","userAgent":""}
{"timestamp":"2025-05-08T12:04:36.955Z","userId":681,"action":"view","resourceType":"HealthData","resourceId":"latest","details":"MongoDB view on HealthData","userIp":"","userAgent":""}
{"timestamp":"2025-05-08T12:04:36.961Z","userId":681,"action":"view","resourceType":"HealthData","resourceId":"latest","details":"MongoDB view on HealthData","userIp":"","userAgent":""}
{"timestamp":"2025-05-08T12:04:36.966Z","userId":681,"action":"view","resourceType":"HealthData","resourceId":"latest","details":"MongoDB view on HealthData","userIp":"","userAgent":""}
{"timestamp":"2025-05-08T12:04:36.972Z","userId":681,"action":"view","resourceType":"HealthData","resourceId":"latest","details":"MongoDB view on HealthData","userIp":"","userAgent":""}
{"timestamp":"2025-05-08T12:04:36.978Z","userId":681,"action":"view","resourceType":"HealthData","resourceId":"latest","details":"MongoDB view on HealthData","userIp":"","userAgent":""}
{"timestamp":"2025-05-08T12:04:36.984Z","userId":681,"action":"view","resourceType":"HealthData","resourceId":"latest","details":"MongoDB view on HealthData","userIp":"","userAgent":""}
{"timestamp":"2025-05-08T12:04:36.990Z","userId":681,"action":"view","resourceType":"HealthData","resourceId":"latest","details":"MongoDB view on HealthData","userIp":"","userAgent":""}
{"timestamp":"2025-05-08T12:04:36.997Z","userId":681,"action":"view","resourceType":"HealthData","resourceId":"latest","details":"MongoDB view on HealthData","userIp":"","userAgent":""}
{"timestamp":"2025-05-08T12:04:37.002Z","userId":681,"action":"view","resourceType":"HealthData","resourceId":"latest","details":"MongoDB view on HealthData","userIp":"","userAgent":""}
{"timestamp":"2025-05-08T12:04:37.009Z","userId":681,"action":"view","resourceType":"HealthData","resourceId":"latest","details":"MongoDB view on HealthData","userIp":"","userAgent":""}
{"timestamp":"2025-05-08T12:04:37.016Z","userId":681,"action":"view","resourceType":"HealthData","resourceId":"latest","details":"MongoDB view on HealthData","userIp":"","userAgent":""}
{"timestamp":"2025-05-08T12:04:37.024Z","userId":681,"action":"view","resourceType":"HealthData","resourceId":"latest","details":"MongoDB view on HealthData","userIp":"","userAgent":""}
{"timestamp":"2025-05-08T12:04:37.029Z","userId":681,"action":"view","resourceType":"HealthData","resourceId":"latest","details":"MongoDB view on HealthData","userIp":"","userAgent":""}
{"timestamp":"2025-05-08T12:04:37.032Z","userId":681,"action":"view","resourceType":"HealthData","resourceId":"latest","details":"MongoDB view on HealthData","userIp":"","userAgent":""}
{"timestamp":"2025-05-08T12:04:37.037Z","userId":681,"action":"view","resourceType":"HealthData","resourceId":"latest","details":"MongoDB view on HealthData","userIp":"","userAgent":""}
{"timestamp":"2025-05-08T12:04:37.043Z","userId":681,"action":"view","resourceType":"HealthData","resourceId":"latest","details":"MongoDB view on HealthData","userIp":"","userAgent":""}
{"timestamp":"2025-05-08T12:04:37.052Z","userId":681,"action":"view","resourceType":"HealthData","resourceId":"latest","details":"MongoDB view on HealthData","userIp":"","userAgent":""}
{"timestamp":"2025-05-08T12:04:37.060Z","userId":681,"action":"view","resourceType":"HealthData","resourceId":"latest","details":"MongoDB view on HealthData","userIp":"","userAgent":""}
{"timestamp":"2025-05-08T12:04:37.067Z","userId":681,"action":"view","resourceType":"HealthData","resourceId":"latest","details":"MongoDB view on HealthData","userIp":"","userAgent":""}
{"timestamp":"2025-05-08T12:04:37.074Z","userId":681,"action":"view","resourceType":"HealthData","resourceId":"latest","details":"MongoDB view on HealthData","userIp":"","userAgent":""}
{"timestamp":"2025-05-08T12:04:37.080Z","userId":681,"action":"view","resourceType":"HealthData","resourceId":"latest","details":"MongoDB view on HealthData","userIp":"","userAgent":""}
{"timestamp":"2025-05-08T12:04:37.085Z","userId":681,"action":"view","resourceType":"HealthData","resourceId":"latest","details":"MongoDB view on HealthData","userIp":"","userAgent":""}
{"timestamp":"2025-05-08T12:04:37.091Z","userId":681,"action":"view","resourceType":"HealthData","resourceId":"latest","details":"MongoDB view on HealthData","userIp":"","userAgent":""}
{"timestamp":"2025-05-08T12:04:37.096Z","userId":681,"action":"view","resourceType":"HealthData","resourceId":"latest","details":"MongoDB view on HealthData","userIp":"","userAgent":""}
{"timestamp":"2025-05-08T12:04:37.101Z","userId":681,"action":"view","resourceType":"HealthData","resourceId":"latest","details":"MongoDB view on HealthData","userIp":"","userAgent":""}
{"timestamp":"2025-05-08T12:04:37.107Z","userId":681,"action":"view","resourceType":"HealthData","resourceId":"latest","details":"MongoDB view on HealthData","userIp":"","userAgent":""}
{"timestamp":"2025-05-08T12:04:37.112Z","userId":681,"action":"view","resourceType":"HealthData","resourceId":"latest","details":"MongoDB view on HealthData","userIp":"","userAgent":""}
{"timestamp":"2025-05-08T12:04:37.118Z","userId":681,"action":"view","resourceType":"HealthData","resourceId":"latest","details":"MongoDB view on HealthData","userIp":"","userAgent":""}
{"timestamp":"2025-05-08T12:04:37.123Z","userId":681,"action":"view","resourceType":"HealthData","resourceId":"latest","details":"MongoDB view on HealthData","userIp":"","userAgent":""}
{"timestamp":"2025-05-08T12:04:37.129Z","userId":681,"action":"view","resourceType":"HealthData","resourceId":"latest","details":"MongoDB view on HealthData","userIp":"","userAgent":""}
{"timestamp":"2025-05-08T12:04:37.135Z","userId":681,"action":"view","resourceType":"HealthData","resourceId":"latest","details":"MongoDB view on HealthData","userIp":"","userAgent":""}
{"timestamp":"2025-05-08T12:04:37.142Z","userId":681,"action":"view","resourceType":"HealthData","resourceId":"latest","details":"MongoDB view on HealthData","userIp":"","userAgent":""}
{"timestamp":"2025-05-08T12:04:37.149Z","userId":681,"action":"view","resourceType":"HealthData","resourceId":"latest","details":"MongoDB view on HealthData","userIp":"","userAgent":""}
{"timestamp":"2025-05-08T12:04:37.155Z","userId":681,"action":"view","resourceType":"HealthData","resourceId":"latest","details":"MongoDB view on HealthData","userIp":"","userAgent":""}
{"timestamp":"2025-05-08T12:04:37.161Z","userId":681,"action":"view","resourceType":"HealthData","resourceId":"latest","details":"MongoDB view on HealthData","userIp":"","userAgent":""}
{"timestamp":"2025-05-08T12:04:37.166Z","userId":681,"action":"view","resourceType":"HealthData","resourceId":"latest","details":"MongoDB view on HealthData","userIp":"","userAgent":""}
{"timestamp":"2025-05-08T12:04:37.172Z","userId":681,"action":"view","resourceType":"HealthData","resourceId":"latest","details":"MongoDB view on HealthData","userIp":"","userAgent":""}
{"timestamp":"2025-05-08T12:04:37.178Z","userId":681,"action":"view","resourceType":"HealthData","resourceId":"latest","details":"MongoDB view on HealthData","userIp":"","userAgent":""}
{"timestamp":"2025-05-08T12:04:37.185Z","userId":681,"action":"view","resourceType":"HealthData","resourceId":"latest","details":"MongoDB view on HealthData","userIp":"","userAgent":""}
{"timestamp":"2025-05-08T12:04:37.191Z","userId":681,"action":"view","resourceType":"HealthData","resourceId":"latest","details":"MongoDB view on HealthData","userIp":"","userAgent":""}
{"timestamp":"2025-05-08T12:04:37.197Z","userId":681,"action":"view","resourceType":"HealthData","resourceId":"latest","details":"MongoDB view on HealthData","userIp":"","userAgent":""}
{"timestamp":"2025-05-08T12:04:37.202Z","userId":681,"action":"view","resourceType":"HealthData","resourceId":"latest","details":"MongoDB view on HealthData","userIp":"","userAgent":""}
{"timestamp":"2025-05-08T12:04:37.207Z","userId":681,"action":"view","resourceType":"HealthData","resourceId":"latest","details":"MongoDB view on HealthData","userIp":"","userAgent":""}
{"timestamp":"2025-05-08T12:04:37.214Z","userId":681,"action":"view","resourceType":"HealthData","resourceId":"latest","details":"MongoDB view on HealthData","userIp":"","userAgent":""}
{"timestamp":"2025-05-08T12:04:37.219Z","userId":681,"action":"view","resourceType":"HealthData","resourceId":"latest","details":"MongoDB view on HealthData","userIp":"","userAgent":""}
{"timestamp":"2025-05-08T12:04:37.225Z","userId":681,"action":"view","resourceType":"HealthData","resourceId":"latest","details":"MongoDB view on HealthData","userIp":"","userAgent":""}
{"timestamp":"2025-05-08T12:04:37.230Z","userId":681,"action":"view","resourceType":"HealthData","resourceId":"latest","details":"MongoDB view on HealthData","userIp":"","userAgent":""}
{"timestamp":"2025-05-08T12:04:37.236Z","userId":681,"action":"view","resourceType":"HealthData","resourceId":"latest","details":"MongoDB view on HealthData","userIp":"","userAgent":""}
{"timestamp":"2025-05-08T12:04:37.242Z","userId":681,"action":"view","resourceType":"HealthData","resourceId":"latest","details":"MongoDB view on HealthData","userIp":"","userAgent":""}
{"timestamp":"2025-05-08T12:04:37.248Z","userId":681,"action":"view","resourceType":"HealthData","resourceId":"latest","details":"MongoDB view on HealthData","userIp":"","userAgent":""}
{"timestamp":"2025-05-08T12:04:37.254Z","userId":681,"action":"view","resourceType":"HealthData","resourceId":"latest","details":"MongoDB view on HealthData","userIp":"","userAgent":""}
{"timestamp":"2025-05-08T12:04:37.260Z","userId":681,"action":"view","resourceType":"HealthData","resourceId":"latest","details":"MongoDB view on HealthData","userIp":"","userAgent":""}
{"timestamp":"2025-05-08T12:04:37.265Z","userId":681,"action":"view","resourceType":"HealthData","resourceId":"latest","details":"MongoDB view on HealthData","userIp":"","userAgent":""}
{"timestamp":"2025-05-08T12:04:37.270Z","userId":681,"action":"view","resourceType":"HealthData","resourceId":"latest","details":"MongoDB view on HealthData","userIp":"","userAgent":""}
{"timestamp":"2025-05-08T12:04:37.276Z","userId":681,"action":"view","resourceType":"HealthData","resourceId":"latest","details":"MongoDB view on HealthData","userIp":"","userAgent":""}
{"timestamp":"2025-05-08T12:04:37.281Z","userId":681,"action":"view","resourceType":"HealthData","resourceId":"latest","details":"MongoDB view on HealthData","userIp":"","userAgent":""}
{"timestamp":"2025-05-08T12:04:37.288Z","userId":681,"action":"view","resourceType":"HealthData","resourceId":"latest","details":"MongoDB view on HealthData","userIp":"","userAgent":""}
{"timestamp":"2025-05-08T12:04:37.294Z","userId":681,"action":"view","resourceType":"HealthData","resourceId":"latest","details":"MongoDB view on HealthData","userIp":"","userAgent":""}
{"timestamp":"2025-05-08T12:04:37.299Z","userId":681,"action":"view","resourceType":"HealthData","resourceId":"latest","details":"MongoDB view on HealthData","userIp":"","userAgent":""}
{"timestamp":"2025-05-08T12:04:37.305Z","userId":681,"action":"view","resourceType":"HealthData","resourceId":"latest","details":"MongoDB view on HealthData","userIp":"","userAgent":""}
{"timestamp":"2025-05-08T12:04:37.311Z","userId":681,"action":"view","resourceType":"HealthData","resourceId":"latest","details":"MongoDB view on HealthData","userIp":"","userAgent":""}
{"timestamp":"2025-05-08T12:04:37.317Z","userId":681,"action":"view","resourceType":"HealthData","resourceId":"latest","details":"MongoDB view on HealthData","userIp":"","userAgent":""}
{"timestamp":"2025-05-08T12:04:37.323Z","userId":681,"action":"view","resourceType":"HealthData","resourceId":"latest","details":"MongoDB view on HealthData","userIp":"","userAgent":""}
{"timestamp":"2025-05-08T12:04:37.330Z","userId":681,"action":"view","resourceType":"HealthData","resourceId":"latest","details":"MongoDB view on HealthData","userIp":"","userAgent":""}
{"timestamp":"2025-05-08T12:04:37.336Z","userId":681,"action":"view","resourceType":"HealthData","resourceId":"latest","details":"MongoDB view on HealthData","userIp":"","userAgent":""}
{"timestamp":"2025-05-08T12:04:37.341Z","userId":681,"action":"view","resourceType":"HealthData","resourceId":"latest","details":"MongoDB view on HealthData","userIp":"","userAgent":""}
{"timestamp":"2025-05-08T12:04:37.347Z","userId":681,"action":"view","resourceType":"HealthData","resourceId":"latest","details":"MongoDB view on HealthData","userIp":"","userAgent":""}
{"timestamp":"2025-05-08T12:04:37.353Z","userId":681,"action":"view","resourceType":"HealthData","resourceId":"latest","details":"MongoDB view on HealthData","userIp":"","userAgent":""}
{"timestamp":"2025-05-08T12:04:37.360Z","userId":681,"action":"view","resourceType":"HealthData","resourceId":"latest","details":"MongoDB view on HealthData","userIp":"","userAgent":""}
{"timestamp":"2025-05-08T12:04:37.365Z","userId":681,"action":"view","resourceType":"HealthData","resourceId":"latest","details":"MongoDB view on HealthData","userIp":"","userAgent":""}
{"timestamp":"2025-05-08T12:04:37.371Z","userId":681,"action":"view","resourceType":"HealthData","resourceId":"latest","details":"MongoDB view on HealthData","userIp":"","userAgent":""}
{"timestamp":"2025-05-08T12:04:37.377Z","userId":681,"action":"view","resourceType":"HealthData","resourceId":"latest","details":"MongoDB view on HealthData","userIp":"","userAgent":""}
{"timestamp":"2025-05-08T12:04:37.382Z","userId":681,"action":"view","resourceType":"HealthData","resourceId":"latest","details":"MongoDB view on HealthData","userIp":"","userAgent":""}
{"timestamp":"2025-05-08T12:04:37.388Z","userId":681,"action":"view","resourceType":"HealthData","resourceId":"latest","details":"MongoDB view on HealthData","userIp":"","userAgent":""}
{"timestamp":"2025-05-08T12:04:37.394Z","userId":681,"action":"view","resourceType":"HealthData","resourceId":"latest","details":"MongoDB view on HealthData","userIp":"","userAgent":""}
{"timestamp":"2025-05-08T12:04:37.399Z","userId":681,"action":"view","resourceType":"HealthData","resourceId":"latest","details":"MongoDB view on HealthData","userIp":"","userAgent":""}
{"timestamp":"2025-05-08T12:04:37.406Z","userId":681,"action":"view","resourceType":"HealthData","resourceId":"latest","details":"MongoDB view on HealthData","userIp":"","userAgent":""}
{"timestamp":"2025-05-08T12:04:37.412Z","userId":681,"action":"view","resourceType":"HealthData","resourceId":"latest","details":"MongoDB view on HealthData","userIp":"","userAgent":""}
{"timestamp":"2025-05-08T12:04:37.417Z","userId":681,"action":"view","resourceType":"HealthData","resourceId":"latest","details":"MongoDB view on HealthData","userIp":"","userAgent":""}
{"timestamp":"2025-05-08T12:04:37.422Z","userId":681,"action":"view","resourceType":"HealthData","resourceId":"latest","details":"MongoDB view on HealthData","userIp":"","userAgent":""}
{"timestamp":"2025-05-08T12:04:37.428Z","userId":681,"action":"view","resourceType":"HealthData","resourceId":"latest","details":"MongoDB view on HealthData","userIp":"","userAgent":""}
{"timestamp":"2025-05-08T12:04:37.433Z","userId":681,"action":"view","resourceType":"HealthData","resourceId":"latest","details":"MongoDB view on HealthData","userIp":"","userAgent":""}
{"timestamp":"2025-05-08T12:04:37.438Z","userId":681,"action":"view","resourceType":"HealthData","resourceId":"latest","details":"MongoDB view on HealthData","userIp":"","userAgent":""}
{"timestamp":"2025-05-08T12:04:37.444Z","userId":681,"action":"view","resourceType":"HealthData","resourceId":"latest","details":"MongoDB view on HealthData","userIp":"","userAgent":""}
{"timestamp":"2025-05-08T12:04:37.449Z","userId":681,"action":"view","resourceType":"HealthData","resourceId":"latest","details":"MongoDB view on HealthData","userIp":"","userAgent":""}
{"timestamp":"2025-05-08T12:04:37.455Z","userId":681,"action":"view","resourceType":"HealthData","resourceId":"latest","details":"MongoDB view on HealthData","userIp":"","userAgent":""}
{"timestamp":"2025-05-08T12:04:37.461Z","userId":681,"action":"view","resourceType":"HealthData","resourceId":"latest","details":"MongoDB view on HealthData","userIp":"","userAgent":""}
{"timestamp":"2025-05-08T12:04:37.467Z","userId":681,"action":"view","resourceType":"HealthData","resourceId":"latest","details":"MongoDB view on HealthData","userIp":"","userAgent":""}
{"timestamp":"2025-05-08T12:04:37.472Z","userId":681,"action":"view","resourceType":"HealthData","resourceId":"latest","details":"MongoDB view on HealthData","userIp":"","userAgent":""}
{"timestamp":"2025-05-08T12:04:37.478Z","userId":681,"action":"view","resourceType":"HealthData","resourceId":"latest","details":"MongoDB view on HealthData","userIp":"","userAgent":""}
{"timestamp":"2025-05-08T12:04:37.483Z","userId":681,"action":"view","resourceType":"HealthData","resourceId":"latest","details":"MongoDB view on HealthData","userIp":"","userAgent":""}
{"timestamp":"2025-05-08T12:04:37.489Z","userId":681,"action":"view","resourceType":"HealthData","resourceId":"latest","details":"MongoDB view on HealthData","userIp":"","userAgent":""}
{"timestamp":"2025-05-08T12:04:37.499Z","userId":681,"action":"view","resourceType":"HealthData","resourceId":"latest","details":"MongoDB view on HealthData","userIp":"","userAgent":""}
{"timestamp":"2025-05-08T12:04:37.504Z","userId":681,"action":"view","resourceType":"HealthData","resourceId":"latest","details":"MongoDB view on HealthData","userIp":"","userAgent":""}
{"timestamp":"2025-05-08T12:04:37.511Z","userId":681,"action":"view","resourceType":"HealthData","resourceId":"latest","details":"MongoDB view on HealthData","userIp":"","userAgent":""}
{"timestamp":"2025-05-08T12:04:37.517Z","userId":681,"action":"view","resourceType":"HealthData","resourceId":"latest","details":"MongoDB view on HealthData","userIp":"","userAgent":""}
{"timestamp":"2025-05-08T12:04:37.522Z","userId":681,"action":"view","resourceType":"HealthData","resourceId":"latest","details":"MongoDB view on HealthData","userIp":"","userAgent":""}
{"timestamp":"2025-05-08T12:04:37.528Z","userId":681,"action":"view","resourceType":"HealthData","resourceId":"latest","details":"MongoDB view on HealthData","userIp":"","userAgent":""}
{"timestamp":"2025-05-08T12:04:37.534Z","userId":681,"action":"view","resourceType":"HealthData","resourceId":"latest","details":"MongoDB view on HealthData","userIp":"","userAgent":""}
{"timestamp":"2025-05-08T12:04:37.541Z","userId":681,"action":"view","resourceType":"HealthData","resourceId":"latest","details":"MongoDB view on HealthData","userIp":"","userAgent":""}
{"timestamp":"2025-05-08T12:04:37.547Z","userId":681,"action":"view","resourceType":"HealthData","resourceId":"latest","details":"MongoDB view on HealthData","userIp":"","userAgent":""}
{"timestamp":"2025-05-08T12:04:37.553Z","userId":681,"action":"view","resourceType":"HealthData","resourceId":"latest","details":"MongoDB view on HealthData","userIp":"","userAgent":""}
{"timestamp":"2025-05-08T12:04:37.559Z","userId":681,"action":"view","resourceType":"HealthData","resourceId":"latest","details":"MongoDB view on HealthData","userIp":"","userAgent":""}
{"timestamp":"2025-05-08T12:04:37.565Z","userId":681,"action":"view","resourceType":"HealthData","resourceId":"latest","details":"MongoDB view on HealthData","userIp":"","userAgent":""}
{"timestamp":"2025-05-08T12:04:37.570Z","userId":681,"action":"view","resourceType":"HealthData","resourceId":"latest","details":"MongoDB view on HealthData","userIp":"","userAgent":""}
{"timestamp":"2025-05-08T12:04:37.576Z","userId":681,"action":"view","resourceType":"HealthData","resourceId":"latest","details":"MongoDB view on HealthData","userIp":"","userAgent":""}
{"timestamp":"2025-05-08T12:04:37.582Z","userId":681,"action":"view","resourceType":"HealthData","resourceId":"latest","details":"MongoDB view on HealthData","userIp":"","userAgent":""}
{"timestamp":"2025-05-08T12:04:37.588Z","userId":681,"action":"view","resourceType":"HealthData","resourceId":"latest","details":"MongoDB view on HealthData","userIp":"","userAgent":""}
{"timestamp":"2025-05-08T12:04:37.595Z","userId":681,"action":"view","resourceType":"HealthData","resourceId":"latest","details":"MongoDB view on HealthData","userIp":"","userAgent":""}
{"timestamp":"2025-05-08T12:04:37.601Z","userId":681,"action":"view","resourceType":"HealthData","resourceId":"latest","details":"MongoDB view on HealthData","userIp":"","userAgent":""}
{"timestamp":"2025-05-08T12:04:37.606Z","userId":681,"action":"view","resourceType":"HealthData","resourceId":"latest","details":"MongoDB view on HealthData","userIp":"","userAgent":""}
{"timestamp":"2025-05-08T12:04:37.613Z","userId":681,"action":"view","resourceType":"HealthData","resourceId":"latest","details":"MongoDB view on HealthData","userIp":"","userAgent":""}
{"timestamp":"2025-05-08T12:04:37.619Z","userId":681,"action":"view","resourceType":"HealthData","resourceId":"latest","details":"MongoDB view on HealthData","userIp":"","userAgent":""}
{"timestamp":"2025-05-08T12:04:37.624Z","userId":681,"action":"view","resourceType":"HealthData","resourceId":"latest","details":"MongoDB view on HealthData","userIp":"","userAgent":""}
{"timestamp":"2025-05-08T12:04:37.630Z","userId":681,"action":"view","resourceType":"HealthData","resourceId":"latest","details":"MongoDB view on HealthData","userIp":"","userAgent":""}
{"timestamp":"2025-05-08T12:04:37.636Z","userId":681,"action":"view","resourceType":"HealthData","resourceId":"latest","details":"MongoDB view on HealthData","userIp":"","userAgent":""}
{"timestamp":"2025-05-08T12:04:37.642Z","userId":681,"action":"view","resourceType":"HealthData","resourceId":"latest","details":"MongoDB view on HealthData","userIp":"","userAgent":""}
{"timestamp":"2025-05-08T12:04:37.648Z","userId":681,"action":"view","resourceType":"HealthData","resourceId":"latest","details":"MongoDB view on HealthData","userIp":"","userAgent":""}
{"timestamp":"2025-05-08T12:04:37.654Z","userId":681,"action":"view","resourceType":"HealthData","resourceId":"latest","details":"MongoDB view on HealthData","userIp":"","userAgent":""}
{"timestamp":"2025-05-08T12:04:37.659Z","userId":681,"action":"view","resourceType":"HealthData","resourceId":"latest","details":"MongoDB view on HealthData","userIp":"","userAgent":""}
{"timestamp":"2025-05-08T12:04:37.664Z","userId":681,"action":"view","resourceType":"HealthData","resourceId":"latest","details":"MongoDB view on HealthData","userIp":"","userAgent":""}
{"timestamp":"2025-05-08T12:04:37.670Z","userId":681,"action":"view","resourceType":"HealthData","resourceId":"latest","details":"MongoDB view on HealthData","userIp":"","userAgent":""}
{"timestamp":"2025-05-08T12:04:37.676Z","userId":681,"action":"view","resourceType":"HealthData","resourceId":"latest","details":"MongoDB view on HealthData","userIp":"","userAgent":""}
{"timestamp":"2025-05-08T12:04:37.681Z","userId":681,"action":"view","resourceType":"HealthData","resourceId":"latest","details":"MongoDB view on HealthData","userIp":"","userAgent":""}
{"timestamp":"2025-05-08T12:04:37.686Z","userId":681,"action":"view","resourceType":"HealthData","resourceId":"latest","details":"MongoDB view on HealthData","userIp":"","userAgent":""}
{"timestamp":"2025-05-08T12:04:37.692Z","userId":681,"action":"view","resourceType":"HealthData","resourceId":"latest","details":"MongoDB view on HealthData","userIp":"","userAgent":""}
{"timestamp":"2025-05-08T12:04:37.697Z","userId":681,"action":"view","resourceType":"HealthData","resourceId":"latest","details":"MongoDB view on HealthData","userIp":"","userAgent":""}
{"timestamp":"2025-05-08T12:04:37.702Z","userId":681,"action":"view","resourceType":"HealthData","resourceId":"latest","details":"MongoDB view on HealthData","userIp":"","userAgent":""}
{"timestamp":"2025-05-08T12:04:37.708Z","userId":681,"action":"view","resourceType":"HealthData","resourceId":"latest","details":"MongoDB view on HealthData","userIp":"","userAgent":""}
{"timestamp":"2025-05-08T12:04:37.714Z","userId":681,"action":"view","resourceType":"HealthData","resourceId":"latest","details":"MongoDB view on HealthData","userIp":"","userAgent":""}
{"timestamp":"2025-05-08T12:04:37.720Z","userId":681,"action":"view","resourceType":"HealthData","resourceId":"latest","details":"MongoDB view on HealthData","userIp":"","userAgent":""}
{"timestamp":"2025-05-08T12:04:37.725Z","userId":681,"action":"view","resourceType":"HealthData","resourceId":"latest","details":"MongoDB view on HealthData","userIp":"","userAgent":""}
{"timestamp":"2025-05-08T12:04:37.731Z","userId":681,"action":"view","resourceType":"HealthData","resourceId":"latest","details":"MongoDB view on HealthData","userIp":"","userAgent":""}
{"timestamp":"2025-05-08T12:04:37.737Z","userId":681,"action":"view","resourceType":"HealthData","resourceId":"latest","details":"MongoDB view on HealthData","userIp":"","userAgent":""}
{"timestamp":"2025-05-08T12:04:37.744Z","userId":681,"action":"view","resourceType":"HealthData","resourceId":"latest","details":"MongoDB view on HealthData","userIp":"","userAgent":""}
{"timestamp":"2025-05-08T12:04:37.750Z","userId":681,"action":"view","resourceType":"HealthData","resourceId":"latest","details":"MongoDB view on HealthData","userIp":"","userAgent":""}
{"timestamp":"2025-05-08T12:04:37.756Z","userId":681,"action":"view","resourceType":"HealthData","resourceId":"latest","details":"MongoDB view on HealthData","userIp":"","userAgent":""}
{"timestamp":"2025-05-08T12:04:37.761Z","userId":681,"action":"view","resourceType":"HealthData","resourceId":"latest","details":"MongoDB view on HealthData","userIp":"","userAgent":""}
{"timestamp":"2025-05-08T12:04:37.767Z","userId":681,"action":"view","resourceType":"HealthData","resourceId":"latest","details":"MongoDB view on HealthData","userIp":"","userAgent":""}
{"timestamp":"2025-05-08T12:04:37.773Z","userId":681,"action":"view","resourceType":"HealthData","resourceId":"latest","details":"MongoDB view on HealthData","userIp":"","userAgent":""}
{"timestamp":"2025-05-08T12:04:37.778Z","userId":681,"action":"view","resourceType":"HealthData","resourceId":"latest","details":"MongoDB view on HealthData","userIp":"","userAgent":""}
{"timestamp":"2025-05-08T12:04:37.783Z","userId":681,"action":"view","resourceType":"HealthData","resourceId":"latest","details":"MongoDB view on HealthData","userIp":"","userAgent":""}
{"timestamp":"2025-05-08T12:04:37.789Z","userId":681,"action":"view","resourceType":"HealthData","resourceId":"latest","details":"MongoDB view on HealthData","userIp":"","userAgent":""}
{"timestamp":"2025-05-08T12:04:37.794Z","userId":681,"action":"view","resourceType":"HealthData","resourceId":"latest","details":"MongoDB view on HealthData","userIp":"","userAgent":""}
{"timestamp":"2025-05-08T12:04:37.801Z","userId":681,"action":"view","resourceType":"HealthData","resourceId":"latest","details":"MongoDB view on HealthData","userIp":"","userAgent":""}
{"timestamp":"2025-05-08T12:04:37.807Z","userId":681,"action":"view","resourceType":"HealthData","resourceId":"latest","details":"MongoDB view on HealthData","userIp":"","userAgent":""}
{"timestamp":"2025-05-08T12:04:37.813Z","userId":681,"action":"view","resourceType":"HealthData","resourceId":"latest","details":"MongoDB view on HealthData","userIp":"","userAgent":""}
{"timestamp":"2025-05-08T12:04:37.818Z","userId":681,"action":"view","resourceType":"HealthData","resourceId":"latest","details":"MongoDB view on HealthData","userIp":"","userAgent":""}
{"timestamp":"2025-05-08T12:04:37.823Z","userId":681,"action":"view","resourceType":"HealthData","resourceId":"latest","details":"MongoDB view on HealthData","userIp":"","userAgent":""}
{"timestamp":"2025-05-08T12:04:37.829Z","userId":681,"action":"view","resourceType":"HealthData","resourceId":"latest","details":"MongoDB view on HealthData","userIp":"","userAgent":""}
{"timestamp":"2025-05-08T12:04:37.835Z","userId":681,"action":"view","resourceType":"HealthData","resourceId":"latest","details":"MongoDB view on HealthData","userIp":"","userAgent":""}
{"timestamp":"2025-05-08T12:04:37.841Z","userId":681,"action":"view","resourceType":"HealthData","resourceId":"latest","details":"MongoDB view on HealthData","userIp":"","userAgent":""}
{"timestamp":"2025-05-08T12:04:37.846Z","userId":681,"action":"view","resourceType":"HealthData","resourceId":"latest","details":"MongoDB view on HealthData","userIp":"","userAgent":""}
{"timestamp":"2025-05-08T12:04:37.852Z","userId":681,"action":"view","resourceType":"HealthData","resourceId":"latest","details":"MongoDB view on HealthData","userIp":"","userAgent":""}
{"timestamp":"2025-05-08T12:04:37.858Z","userId":681,"action":"view","resourceType":"HealthData","resourceId":"latest","details":"MongoDB view on HealthData","userIp":"","userAgent":""}
{"timestamp":"2025-05-08T12:04:37.864Z","userId":681,"action":"view","resourceType":"HealthData","resourceId":"latest","details":"MongoDB view on HealthData","userIp":"","userAgent":""}
{"timestamp":"2025-05-08T12:04:37.870Z","userId":681,"action":"view","resourceType":"HealthData","resourceId":"latest","details":"MongoDB view on HealthData","userIp":"","userAgent":""}
{"timestamp":"2025-05-08T12:04:37.876Z","userId":681,"action":"view","resourceType":"HealthData","resourceId":"latest","details":"MongoDB view on HealthData","userIp":"","userAgent":""}
{"timestamp":"2025-05-08T12:04:37.882Z","userId":681,"action":"view","resourceType":"HealthData","resourceId":"latest","details":"MongoDB view on HealthData","userIp":"","userAgent":""}
{"timestamp":"2025-05-08T12:04:37.888Z","userId":681,"action":"view","resourceType":"HealthData","resourceId":"latest","details":"MongoDB view on HealthData","userIp":"","userAgent":""}
{"timestamp":"2025-05-08T12:04:37.894Z","userId":681,"action":"view","resourceType":"HealthData","resourceId":"latest","details":"MongoDB view on HealthData","userIp":"","userAgent":""}
{"timestamp":"2025-05-08T12:04:37.900Z","userId":681,"action":"view","resourceType":"HealthData","resourceId":"latest","details":"MongoDB view on HealthData","userIp":"","userAgent":""}
{"timestamp":"2025-05-08T12:04:37.905Z","userId":681,"action":"view","resourceType":"HealthData","resourceId":"latest","details":"MongoDB view on HealthData","userIp":"","userAgent":""}
{"timestamp":"2025-05-08T12:04:37.910Z","userId":681,"action":"view","resourceType":"HealthData","resourceId":"latest","details":"MongoDB view on HealthData","userIp":"","userAgent":""}
{"timestamp":"2025-05-08T12:04:37.915Z","userId":681,"action":"view","resourceType":"HealthData","resourceId":"latest","details":"MongoDB view on HealthData","userIp":"","userAgent":""}
{"timestamp":"2025-05-08T12:04:37.921Z","userId":681,"action":"view","resourceType":"HealthData","resourceId":"latest","details":"MongoDB view on HealthData","userIp":"","userAgent":""}
{"timestamp":"2025-05-08T12:04:37.927Z","userId":681,"action":"view","resourceType":"HealthData","resourceId":"latest","details":"MongoDB view on HealthData","userIp":"","userAgent":""}
{"timestamp":"2025-05-08T12:04:37.933Z","userId":681,"action":"view","resourceType":"HealthData","resourceId":"latest","details":"MongoDB view on HealthData","userIp":"","userAgent":""}
{"timestamp":"2025-05-08T12:04:37.938Z","userId":681,"action":"view","resourceType":"HealthData","resourceId":"latest","details":"MongoDB view on HealthData","userIp":"","userAgent":""}
{"timestamp":"2025-05-08T12:04:37.944Z","userId":681,"action":"view","resourceType":"HealthData","resourceId":"latest","details":"MongoDB view on HealthData","userIp":"","userAgent":""}
{"timestamp":"2025-05-08T12:04:37.950Z","userId":681,"action":"view","resourceType":"HealthData","resourceId":"latest","details":"MongoDB view on HealthData","userIp":"","userAgent":""}
{"timestamp":"2025-05-08T12:04:37.955Z","userId":681,"action":"view","resourceType":"HealthData","resourceId":"latest","details":"MongoDB view on HealthData","userIp":"","userAgent":""}
{"timestamp":"2025-05-08T12:04:37.962Z","userId":681,"action":"view","resourceType":"HealthData","resourceId":"latest","details":"MongoDB view on HealthData","userIp":"","userAgent":""}
{"timestamp":"2025-05-08T12:04:37.967Z","userId":681,"action":"view","resourceType":"HealthData","resourceId":"latest","details":"MongoDB view on HealthData","userIp":"","userAgent":""}
{"timestamp":"2025-05-08T12:04:37.973Z","userId":681,"action":"view","resourceType":"HealthData","resourceId":"latest","details":"MongoDB view on HealthData","userIp":"","userAgent":""}
{"timestamp":"2025-05-08T12:04:37.980Z","userId":681,"action":"view","resourceType":"HealthData","resourceId":"latest","details":"MongoDB view on HealthData","userIp":"","userAgent":""}
{"timestamp":"2025-05-08T12:04:37.987Z","userId":681,"action":"view","resourceType":"HealthData","resourceId":"latest","details":"MongoDB view on HealthData","userIp":"","userAgent":""}
{"timestamp":"2025-05-08T12:04:37.992Z","userId":681,"action":"view","resourceType":"HealthData","resourceId":"latest","details":"MongoDB view on HealthData","userIp":"","userAgent":""}
{"timestamp":"2025-05-08T12:04:37.997Z","userId":681,"action":"view","resourceType":"HealthData","resourceId":"latest","details":"MongoDB view on HealthData","userIp":"","userAgent":""}
{"timestamp":"2025-05-08T12:04:38.003Z","userId":681,"action":"view","resourceType":"HealthData","resourceId":"latest","details":"MongoDB view on HealthData","userIp":"","userAgent":""}
{"timestamp":"2025-05-08T12:04:38.010Z","userId":681,"action":"view","resourceType":"HealthData","resourceId":"latest","details":"MongoDB view on HealthData","userIp":"","userAgent":""}
{"timestamp":"2025-05-08T12:04:38.016Z","userId":681,"action":"view","resourceType":"HealthData","resourceId":"latest","details":"MongoDB view on HealthData","userIp":"","userAgent":""}
{"timestamp":"2025-05-08T12:04:38.026Z","userId":681,"action":"view","resourceType":"HealthData","resourceId":"latest","details":"MongoDB view on HealthData","userIp":"","userAgent":""}
{"timestamp":"2025-05-08T12:04:38.033Z","userId":681,"action":"view","resourceType":"HealthData","resourceId":"latest","details":"MongoDB view on HealthData","userIp":"","userAgent":""}
{"timestamp":"2025-05-08T12:04:38.039Z","userId":681,"action":"view","resourceType":"HealthData","resourceId":"latest","details":"MongoDB view on HealthData","userIp":"","userAgent":""}
{"timestamp":"2025-05-08T12:04:38.044Z","userId":681,"action":"view","resourceType":"HealthData","resourceId":"latest","details":"MongoDB view on HealthData","userIp":"","userAgent":""}
{"timestamp":"2025-05-08T12:04:38.050Z","userId":681,"action":"view","resourceType":"HealthData","resourceId":"latest","details":"MongoDB view on HealthData","userIp":"","userAgent":""}
{"timestamp":"2025-05-08T12:04:38.055Z","userId":681,"action":"view","resourceType":"HealthData","resourceId":"latest","details":"MongoDB view on HealthData","userIp":"","userAgent":""}
{"timestamp":"2025-05-08T12:04:38.060Z","userId":681,"action":"view","resourceType":"HealthData","resourceId":"latest","details":"MongoDB view on HealthData","userIp":"","userAgent":""}
{"timestamp":"2025-05-08T12:04:38.065Z","userId":681,"action":"view","resourceType":"HealthData","resourceId":"latest","details":"MongoDB view on HealthData","userIp":"","userAgent":""}
{"timestamp":"2025-05-08T12:04:38.072Z","userId":681,"action":"view","resourceType":"HealthData","resourceId":"latest","details":"MongoDB view on HealthData","userIp":"","userAgent":""}
{"timestamp":"2025-05-08T12:04:38.077Z","userId":681,"action":"view","resourceType":"HealthData","resourceId":"latest","details":"MongoDB view on HealthData","userIp":"","userAgent":""}
{"timestamp":"2025-05-08T12:04:38.082Z","userId":681,"action":"view","resourceType":"HealthData","resourceId":"latest","details":"MongoDB view on HealthData","userIp":"","userAgent":""}
{"timestamp":"2025-05-08T12:04:38.088Z","userId":681,"action":"view","resourceType":"HealthData","resourceId":"latest","details":"MongoDB view on HealthData","userIp":"","userAgent":""}
{"timestamp":"2025-05-08T12:04:38.093Z","userId":681,"action":"view","resourceType":"HealthData","resourceId":"latest","details":"MongoDB view on HealthData","userIp":"","userAgent":""}
{"timestamp":"2025-05-08T12:04:38.099Z","userId":681,"action":"view","resourceType":"HealthData","resourceId":"latest","details":"MongoDB view on HealthData","userIp":"","userAgent":""}
{"timestamp":"2025-05-08T12:04:38.105Z","userId":681,"action":"view","resourceType":"HealthData","resourceId":"latest","details":"MongoDB view on HealthData","userIp":"","userAgent":""}
{"timestamp":"2025-05-08T12:04:38.111Z","userId":681,"action":"view","resourceType":"HealthData","resourceId":"latest","details":"MongoDB view on HealthData","userIp":"","userAgent":""}
{"timestamp":"2025-05-08T12:04:38.116Z","userId":681,"action":"view","resourceType":"HealthData","resourceId":"latest","details":"MongoDB view on HealthData","userIp":"","userAgent":""}
{"timestamp":"2025-05-08T12:04:38.122Z","userId":681,"action":"view","resourceType":"HealthData","resourceId":"latest","details":"MongoDB view on HealthData","userIp":"","userAgent":""}
{"timestamp":"2025-05-08T12:04:38.128Z","userId":681,"action":"view","resourceType":"HealthData","resourceId":"latest","details":"MongoDB view on HealthData","userIp":"","userAgent":""}
{"timestamp":"2025-05-08T12:04:38.134Z","userId":681,"action":"view","resourceType":"HealthData","resourceId":"latest","details":"MongoDB view on HealthData","userIp":"","userAgent":""}
{"timestamp":"2025-05-08T12:04:38.141Z","userId":681,"action":"view","resourceType":"HealthData","resourceId":"latest","details":"MongoDB view on HealthData","userIp":"","userAgent":""}
{"timestamp":"2025-05-08T12:04:38.149Z","userId":681,"action":"view","resourceType":"HealthData","resourceId":"latest","details":"MongoDB view on HealthData","userIp":"","userAgent":""}
{"timestamp":"2025-05-08T12:04:38.156Z","userId":681,"action":"view","resourceType":"HealthData","resourceId":"latest","details":"MongoDB view on HealthData","userIp":"","userAgent":""}
{"timestamp":"2025-05-08T12:04:38.164Z","userId":681,"action":"view","resourceType":"HealthData","resourceId":"latest","details":"MongoDB view on HealthData","userIp":"","userAgent":""}
{"timestamp":"2025-05-08T12:04:38.171Z","userId":681,"action":"view","resourceType":"HealthData","resourceId":"latest","details":"MongoDB view on HealthData","userIp":"","userAgent":""}
{"timestamp":"2025-05-08T12:04:38.177Z","userId":681,"action":"view","resourceType":"HealthData","resourceId":"latest","details":"MongoDB view on HealthData","userIp":"","userAgent":""}
{"timestamp":"2025-05-08T12:04:38.182Z","userId":681,"action":"view","resourceType":"HealthData","resourceId":"latest","details":"MongoDB view on HealthData","userIp":"","userAgent":""}
{"timestamp":"2025-05-08T12:04:38.188Z","userId":681,"action":"view","resourceType":"HealthData","resourceId":"latest","details":"MongoDB view on HealthData","userIp":"","userAgent":""}
{"timestamp":"2025-05-08T12:04:38.195Z","userId":681,"action":"view","resourceType":"HealthData","resourceId":"latest","details":"MongoDB view on HealthData","userIp":"","userAgent":""}
{"timestamp":"2025-05-08T12:04:38.202Z","userId":681,"action":"view","resourceType":"HealthData","resourceId":"latest","details":"MongoDB view on HealthData","userIp":"","userAgent":""}
{"timestamp":"2025-05-08T12:04:38.208Z","userId":681,"action":"view","resourceType":"HealthData","resourceId":"latest","details":"MongoDB view on HealthData","userIp":"","userAgent":""}
{"timestamp":"2025-05-08T12:04:38.216Z","userId":681,"action":"view","resourceType":"HealthData","resourceId":"latest","details":"MongoDB view on HealthData","userIp":"","userAgent":""}
{"timestamp":"2025-05-08T12:04:38.237Z","userId":681,"action":"view","resourceType":"HealthData","resourceId":"latest","details":"MongoDB view on HealthData","userIp":"","userAgent":""}
{"timestamp":"2025-05-08T12:04:38.278Z","userId":681,"action":"view","resourceType":"HealthData","resourceId":"latest","details":"MongoDB view on HealthData","userIp":"","userAgent":""}
{"timestamp":"2025-05-08T12:04:38.287Z","userId":681,"action":"view","resourceType":"HealthData","resourceId":"latest","details":"MongoDB view on HealthData","userIp":"","userAgent":""}
{"timestamp":"2025-05-08T12:04:38.292Z","userId":681,"action":"view","resourceType":"HealthData","resourceId":"latest","details":"MongoDB view on HealthData","userIp":"","userAgent":""}
{"timestamp":"2025-05-08T12:04:38.298Z","userId":681,"action":"view","resourceType":"HealthData","resourceId":"latest","details":"MongoDB view on HealthData","userIp":"","userAgent":""}
{"timestamp":"2025-05-08T12:04:38.303Z","userId":681,"action":"view","resourceType":"HealthData","resourceId":"latest","details":"MongoDB view on HealthData","userIp":"","userAgent":""}
{"timestamp":"2025-05-08T12:04:38.309Z","userId":681,"action":"view","resourceType":"HealthData","resourceId":"latest","details":"MongoDB view on HealthData","userIp":"","userAgent":""}
{"timestamp":"2025-05-08T12:04:38.318Z","userId":681,"action":"view","resourceType":"HealthData","resourceId":"latest","details":"MongoDB view on HealthData","userIp":"","userAgent":""}
{"timestamp":"2025-05-08T12:04:38.327Z","userId":681,"action":"view","resourceType":"HealthData","resourceId":"latest","details":"MongoDB view on HealthData","userIp":"","userAgent":""}
{"timestamp":"2025-05-08T12:04:38.333Z","userId":681,"action":"view","resourceType":"HealthData","resourceId":"latest","details":"MongoDB view on HealthData","userIp":"","userAgent":""}
{"timestamp":"2025-05-08T12:04:38.338Z","userId":681,"action":"view","resourceType":"HealthData","resourceId":"latest","details":"MongoDB view on HealthData","userIp":"","userAgent":""}
{"timestamp":"2025-05-08T12:04:38.344Z","userId":681,"action":"view","resourceType":"HealthData","resourceId":"latest","details":"MongoDB view on HealthData","userIp":"","userAgent":""}
{"timestamp":"2025-05-08T12:04:38.350Z","userId":681,"action":"view","resourceType":"HealthData","resourceId":"latest","details":"MongoDB view on HealthData","userIp":"","userAgent":""}
{"timestamp":"2025-05-08T12:04:38.355Z","userId":681,"action":"view","resourceType":"HealthData","resourceId":"latest","details":"MongoDB view on HealthData","userIp":"","userAgent":""}
{"timestamp":"2025-05-08T12:04:38.361Z","userId":681,"action":"view","resourceType":"HealthData","resourceId":"latest","details":"MongoDB view on HealthData","userIp":"","userAgent":""}
{"timestamp":"2025-05-08T12:04:38.367Z","userId":681,"action":"view","resourceType":"HealthData","resourceId":"latest","details":"MongoDB view on HealthData","userIp":"","userAgent":""}
{"timestamp":"2025-05-08T12:04:38.373Z","userId":681,"action":"view","resourceType":"HealthData","resourceId":"latest","details":"MongoDB view on HealthData","userIp":"","userAgent":""}
{"timestamp":"2025-05-08T12:04:38.379Z","userId":681,"action":"view","resourceType":"HealthData","resourceId":"latest","details":"MongoDB view on HealthData","userIp":"","userAgent":""}
{"timestamp":"2025-05-08T12:04:38.386Z","userId":681,"action":"view","resourceType":"HealthData","resourceId":"latest","details":"MongoDB view on HealthData","userIp":"","userAgent":""}
{"timestamp":"2025-05-08T12:04:38.391Z","userId":681,"action":"view","resourceType":"HealthData","resourceId":"latest","details":"MongoDB view on HealthData","userIp":"","userAgent":""}
{"timestamp":"2025-05-08T12:04:38.397Z","userId":681,"action":"view","resourceType":"HealthData","resourceId":"latest","details":"MongoDB view on HealthData","userIp":"","userAgent":""}
{"timestamp":"2025-05-08T12:04:38.402Z","userId":681,"action":"view","resourceType":"HealthData","resourceId":"latest","details":"MongoDB view on HealthData","userIp":"","userAgent":""}
{"timestamp":"2025-05-08T12:04:38.409Z","userId":681,"action":"view","resourceType":"HealthData","resourceId":"latest","details":"MongoDB view on HealthData","userIp":"","userAgent":""}
{"timestamp":"2025-05-08T12:04:38.415Z","userId":681,"action":"view","resourceType":"HealthData","resourceId":"latest","details":"MongoDB view on HealthData","userIp":"","userAgent":""}
{"timestamp":"2025-05-08T12:04:38.421Z","userId":681,"action":"view","resourceType":"HealthData","resourceId":"latest","details":"MongoDB view on HealthData","userIp":"","userAgent":""}
{"timestamp":"2025-05-08T12:04:38.426Z","userId":681,"action":"view","resourceType":"HealthData","resourceId":"latest","details":"MongoDB view on HealthData","userIp":"","userAgent":""}
{"timestamp":"2025-05-08T12:04:38.432Z","userId":681,"action":"view","resourceType":"HealthData","resourceId":"latest","details":"MongoDB view on HealthData","userIp":"","userAgent":""}
{"timestamp":"2025-05-08T12:04:38.438Z","userId":681,"action":"view","resourceType":"HealthData","resourceId":"latest","details":"MongoDB view on HealthData","userIp":"","userAgent":""}
{"timestamp":"2025-05-08T12:04:38.444Z","userId":681,"action":"view","resourceType":"HealthData","resourceId":"latest","details":"MongoDB view on HealthData","userIp":"","userAgent":""}
{"timestamp":"2025-05-08T12:04:38.451Z","userId":681,"action":"view","resourceType":"HealthData","resourceId":"latest","details":"MongoDB view on HealthData","userIp":"","userAgent":""}
{"timestamp":"2025-05-08T12:04:38.459Z","userId":681,"action":"view","resourceType":"HealthData","resourceId":"latest","details":"MongoDB view on HealthData","userIp":"","userAgent":""}
{"timestamp":"2025-05-08T12:04:38.465Z","userId":681,"action":"view","resourceType":"HealthData","resourceId":"latest","details":"MongoDB view on HealthData","userIp":"","userAgent":""}
{"timestamp":"2025-05-08T12:04:38.472Z","userId":681,"action":"view","resourceType":"HealthData","resourceId":"latest","details":"MongoDB view on HealthData","userIp":"","userAgent":""}
{"timestamp":"2025-05-08T12:04:38.479Z","userId":681,"action":"view","resourceType":"HealthData","resourceId":"latest","details":"MongoDB view on HealthData","userIp":"","userAgent":""}
{"timestamp":"2025-05-08T12:04:38.485Z","userId":681,"action":"view","resourceType":"HealthData","resourceId":"latest","details":"MongoDB view on HealthData","userIp":"","userAgent":""}
{"timestamp":"2025-05-08T12:04:38.492Z","userId":681,"action":"view","resourceType":"HealthData","resourceId":"latest","details":"MongoDB view on HealthData","userIp":"","userAgent":""}
{"timestamp":"2025-05-08T12:04:38.497Z","userId":681,"action":"view","resourceType":"HealthData","resourceId":"latest","details":"MongoDB view on HealthData","userIp":"","userAgent":""}
{"timestamp":"2025-05-08T12:04:38.505Z","userId":681,"action":"view","resourceType":"HealthData","resourceId":"latest","details":"MongoDB view on HealthData","userIp":"","userAgent":""}
{"timestamp":"2025-05-08T12:04:38.512Z","userId":681,"action":"view","resourceType":"HealthData","resourceId":"latest","details":"MongoDB view on HealthData","userIp":"","userAgent":""}
{"timestamp":"2025-05-08T12:04:38.518Z","userId":681,"action":"view","resourceType":"HealthData","resourceId":"latest","details":"MongoDB view on HealthData","userIp":"","userAgent":""}
{"timestamp":"2025-05-08T12:04:38.524Z","userId":681,"action":"view","resourceType":"HealthData","resourceId":"latest","details":"MongoDB view on HealthData","userIp":"","userAgent":""}
{"timestamp":"2025-05-08T12:04:38.530Z","userId":681,"action":"view","resourceType":"HealthData","resourceId":"latest","details":"MongoDB view on HealthData","userIp":"","userAgent":""}
{"timestamp":"2025-05-08T12:04:38.535Z","userId":681,"action":"view","resourceType":"HealthData","resourceId":"latest","details":"MongoDB view on HealthData","userIp":"","userAgent":""}
{"timestamp":"2025-05-08T12:04:38.541Z","userId":681,"action":"view","resourceType":"HealthData","resourceId":"latest","details":"MongoDB view on HealthData","userIp":"","userAgent":""}
{"timestamp":"2025-05-08T12:04:38.546Z","userId":681,"action":"view","resourceType":"HealthData","resourceId":"latest","details":"MongoDB view on HealthData","userIp":"","userAgent":""}
{"timestamp":"2025-05-08T12:04:38.553Z","userId":681,"action":"view","resourceType":"HealthData","resourceId":"latest","details":"MongoDB view on HealthData","userIp":"","userAgent":""}
{"timestamp":"2025-05-08T12:04:38.558Z","userId":681,"action":"view","resourceType":"HealthData","resourceId":"latest","details":"MongoDB view on HealthData","userIp":"","userAgent":""}
{"timestamp":"2025-05-08T12:04:38.564Z","userId":681,"action":"view","resourceType":"HealthData","resourceId":"latest","details":"MongoDB view on HealthData","userIp":"","userAgent":""}
{"timestamp":"2025-05-08T12:04:38.569Z","userId":681,"action":"view","resourceType":"HealthData","resourceId":"latest","details":"MongoDB view on HealthData","userIp":"","userAgent":""}
{"timestamp":"2025-05-08T12:04:38.575Z","userId":681,"action":"view","resourceType":"HealthData","resourceId":"latest","details":"MongoDB view on HealthData","userIp":"","userAgent":""}
{"timestamp":"2025-05-08T12:04:38.582Z","userId":681,"action":"view","resourceType":"HealthData","resourceId":"latest","details":"MongoDB view on HealthData","userIp":"","userAgent":""}
{"timestamp":"2025-05-08T12:04:38.587Z","userId":681,"action":"view","resourceType":"HealthData","resourceId":"latest","details":"MongoDB view on HealthData","userIp":"","userAgent":""}
{"timestamp":"2025-05-08T12:04:38.593Z","userId":681,"action":"view","resourceType":"HealthData","resourceId":"latest","details":"MongoDB view on HealthData","userIp":"","userAgent":""}
{"timestamp":"2025-05-08T12:04:38.599Z","userId":681,"action":"view","resourceType":"HealthData","resourceId":"latest","details":"MongoDB view on HealthData","userIp":"","userAgent":""}
{"timestamp":"2025-05-08T12:04:38.605Z","userId":681,"action":"view","resourceType":"HealthData","resourceId":"latest","details":"MongoDB view on HealthData","userIp":"","userAgent":""}
{"timestamp":"2025-05-08T12:04:38.611Z","userId":681,"action":"view","resourceType":"HealthData","resourceId":"latest","details":"MongoDB view on HealthData","userIp":"","userAgent":""}
{"timestamp":"2025-05-08T12:04:38.616Z","userId":681,"action":"view","resourceType":"HealthData","resourceId":"latest","details":"MongoDB view on HealthData","userIp":"","userAgent":""}
{"timestamp":"2025-05-08T12:04:38.622Z","userId":681,"action":"view","resourceType":"HealthData","resourceId":"latest","details":"MongoDB view on HealthData","userIp":"","userAgent":""}
{"timestamp":"2025-05-08T12:04:38.628Z","userId":681,"action":"view","resourceType":"HealthData","resourceId":"latest","details":"MongoDB view on HealthData","userIp":"","userAgent":""}
{"timestamp":"2025-05-08T12:04:38.634Z","userId":681,"action":"view","resourceType":"HealthData","resourceId":"latest","details":"MongoDB view on HealthData","userIp":"","userAgent":""}
{"timestamp":"2025-05-08T12:04:38.639Z","userId":681,"action":"view","resourceType":"HealthData","resourceId":"latest","details":"MongoDB view on HealthData","userIp":"","userAgent":""}
{"timestamp":"2025-05-08T12:04:38.646Z","userId":681,"action":"view","resourceType":"HealthData","resourceId":"latest","details":"MongoDB view on HealthData","userIp":"","userAgent":""}
{"timestamp":"2025-05-08T12:04:38.652Z","userId":681,"action":"view","resourceType":"HealthData","resourceId":"latest","details":"MongoDB view on HealthData","userIp":"","userAgent":""}
{"timestamp":"2025-05-08T12:04:38.657Z","userId":681,"action":"view","resourceType":"HealthData","resourceId":"latest","details":"MongoDB view on HealthData","userIp":"","userAgent":""}
{"timestamp":"2025-05-08T12:04:38.666Z","userId":681,"action":"view","resourceType":"HealthData","resourceId":"latest","details":"MongoDB view on HealthData","userIp":"","userAgent":""}
{"timestamp":"2025-05-08T12:04:38.671Z","userId":681,"action":"view","resourceType":"HealthData","resourceId":"latest","details":"MongoDB view on HealthData","userIp":"","userAgent":""}
{"timestamp":"2025-05-08T12:04:38.676Z","userId":681,"action":"view","resourceType":"HealthData","resourceId":"latest","details":"MongoDB view on HealthData","userIp":"","userAgent":""}
{"timestamp":"2025-05-08T12:04:38.681Z","userId":681,"action":"view","resourceType":"HealthData","resourceId":"latest","details":"MongoDB view on HealthData","userIp":"","userAgent":""}
{"timestamp":"2025-05-08T12:04:38.686Z","userId":681,"action":"view","resourceType":"HealthData","resourceId":"latest","details":"MongoDB view on HealthData","userIp":"","userAgent":""}
{"timestamp":"2025-05-08T12:04:38.692Z","userId":681,"action":"view","resourceType":"HealthData","resourceId":"latest","details":"MongoDB view on HealthData","userIp":"","userAgent":""}
{"timestamp":"2025-05-08T12:04:38.697Z","userId":681,"action":"view","resourceType":"HealthData","resourceId":"latest","details":"MongoDB view on HealthData","userIp":"","userAgent":""}
{"timestamp":"2025-05-08T12:04:38.702Z","userId":681,"action":"view","resourceType":"HealthData","resourceId":"latest","details":"MongoDB view on HealthData","userIp":"","userAgent":""}
{"timestamp":"2025-05-08T12:04:38.708Z","userId":681,"action":"view","resourceType":"HealthData","resourceId":"latest","details":"MongoDB view on HealthData","userIp":"","userAgent":""}
{"timestamp":"2025-05-08T12:04:38.713Z","userId":681,"action":"view","resourceType":"HealthData","resourceId":"latest","details":"MongoDB view on HealthData","userIp":"","userAgent":""}
{"timestamp":"2025-05-08T12:04:38.719Z","userId":681,"action":"view","resourceType":"HealthData","resourceId":"latest","details":"MongoDB view on HealthData","userIp":"","userAgent":""}
{"timestamp":"2025-05-08T12:04:38.724Z","userId":681,"action":"view","resourceType":"HealthData","resourceId":"latest","details":"MongoDB view on HealthData","userIp":"","userAgent":""}
{"timestamp":"2025-05-08T12:04:38.729Z","userId":681,"action":"view","resourceType":"HealthData","resourceId":"latest","details":"MongoDB view on HealthData","userIp":"","userAgent":""}
{"timestamp":"2025-05-08T12:04:38.735Z","userId":681,"action":"view","resourceType":"HealthData","resourceId":"latest","details":"MongoDB view on HealthData","userIp":"","userAgent":""}
{"timestamp":"2025-05-08T12:04:38.741Z","userId":681,"action":"view","resourceType":"HealthData","resourceId":"latest","details":"MongoDB view on HealthData","userIp":"","userAgent":""}
{"timestamp":"2025-05-08T12:04:38.747Z","userId":681,"action":"view","resourceType":"HealthData","resourceId":"latest","details":"MongoDB view on HealthData","userIp":"","userAgent":""}
{"timestamp":"2025-05-08T12:04:38.754Z","userId":681,"action":"view","resourceType":"HealthData","resourceId":"latest","details":"MongoDB view on HealthData","userIp":"","userAgent":""}
{"timestamp":"2025-05-08T12:04:38.762Z","userId":681,"action":"view","resourceType":"HealthData","resourceId":"latest","details":"MongoDB view on HealthData","userIp":"","userAgent":""}
{"timestamp":"2025-05-08T12:04:38.767Z","userId":681,"action":"view","resourceType":"HealthData","resourceId":"latest","details":"MongoDB view on HealthData","userIp":"","userAgent":""}
{"timestamp":"2025-05-08T12:04:38.774Z","userId":681,"action":"view","resourceType":"HealthData","resourceId":"latest","details":"MongoDB view on HealthData","userIp":"","userAgent":""}
{"timestamp":"2025-05-08T12:04:38.780Z","userId":681,"action":"view","resourceType":"HealthData","resourceId":"latest","details":"MongoDB view on HealthData","userIp":"","userAgent":""}
{"timestamp":"2025-05-08T12:04:38.785Z","userId":681,"action":"view","resourceType":"HealthData","resourceId":"latest","details":"MongoDB view on HealthData","userIp":"","userAgent":""}
{"timestamp":"2025-05-08T12:04:38.791Z","userId":681,"action":"view","resourceType":"HealthData","resourceId":"latest","details":"MongoDB view on HealthData","userIp":"","userAgent":""}
{"timestamp":"2025-05-08T12:04:38.796Z","userId":681,"action":"view","resourceType":"HealthData","resourceId":"latest","details":"MongoDB view on HealthData","userIp":"","userAgent":""}
{"timestamp":"2025-05-08T12:04:38.802Z","userId":681,"action":"view","resourceType":"HealthData","resourceId":"latest","details":"MongoDB view on HealthData","userIp":"","userAgent":""}
{"timestamp":"2025-05-08T12:04:38.807Z","userId":681,"action":"view","resourceType":"HealthData","resourceId":"latest","details":"MongoDB view on HealthData","userIp":"","userAgent":""}
{"timestamp":"2025-05-08T12:04:38.813Z","userId":681,"action":"view","resourceType":"HealthData","resourceId":"latest","details":"MongoDB view on HealthData","userIp":"","userAgent":""}
{"timestamp":"2025-05-08T12:04:38.820Z","userId":681,"action":"view","resourceType":"HealthData","resourceId":"latest","details":"MongoDB view on HealthData","userIp":"","userAgent":""}
{"timestamp":"2025-05-08T12:04:38.825Z","userId":681,"action":"view","resourceType":"HealthData","resourceId":"latest","details":"MongoDB view on HealthData","userIp":"","userAgent":""}
{"timestamp":"2025-05-08T12:04:38.831Z","userId":681,"action":"view","resourceType":"HealthData","resourceId":"latest","details":"MongoDB view on HealthData","userIp":"","userAgent":""}
{"timestamp":"2025-05-08T12:04:38.837Z","userId":681,"action":"view","resourceType":"HealthData","resourceId":"latest","details":"MongoDB view on HealthData","userIp":"","userAgent":""}
{"timestamp":"2025-05-08T12:04:38.842Z","userId":681,"action":"view","resourceType":"HealthData","resourceId":"latest","details":"MongoDB view on HealthData","userIp":"","userAgent":""}
{"timestamp":"2025-05-08T12:04:38.847Z","userId":681,"action":"view","resourceType":"HealthData","resourceId":"latest","details":"MongoDB view on HealthData","userIp":"","userAgent":""}
{"timestamp":"2025-05-08T12:04:38.853Z","userId":681,"action":"view","resourceType":"HealthData","resourceId":"latest","details":"MongoDB view on HealthData","userIp":"","userAgent":""}
{"timestamp":"2025-05-08T12:04:38.859Z","userId":681,"action":"view","resourceType":"HealthData","resourceId":"latest","details":"MongoDB view on HealthData","userIp":"","userAgent":""}
{"timestamp":"2025-05-08T12:04:38.864Z","userId":681,"action":"view","resourceType":"HealthData","resourceId":"latest","details":"MongoDB view on HealthData","userIp":"","userAgent":""}
{"timestamp":"2025-05-08T12:04:38.870Z","userId":681,"action":"view","resourceType":"HealthData","resourceId":"latest","details":"MongoDB view on HealthData","userIp":"","userAgent":""}
{"timestamp":"2025-05-08T12:04:38.877Z","userId":681,"action":"view","resourceType":"HealthData","resourceId":"latest","details":"MongoDB view on HealthData","userIp":"","userAgent":""}
{"timestamp":"2025-05-08T12:04:38.884Z","userId":681,"action":"view","resourceType":"HealthData","resourceId":"latest","details":"MongoDB view on HealthData","userIp":"","userAgent":""}
{"timestamp":"2025-05-08T12:04:38.889Z","userId":681,"action":"view","resourceType":"HealthData","resourceId":"latest","details":"MongoDB view on HealthData","userIp":"","userAgent":""}
{"timestamp":"2025-05-08T12:04:38.896Z","userId":681,"action":"view","resourceType":"HealthData","resourceId":"latest","details":"MongoDB view on HealthData","userIp":"","userAgent":""}
{"timestamp":"2025-05-08T12:04:38.900Z","userId":681,"action":"view","resourceType":"HealthData","resourceId":"latest","details":"MongoDB view on HealthData","userIp":"","userAgent":""}
{"timestamp":"2025-05-08T12:04:38.906Z","userId":681,"action":"view","resourceType":"HealthData","resourceId":"latest","details":"MongoDB view on HealthData","userIp":"","userAgent":""}
{"timestamp":"2025-05-08T12:04:38.911Z","userId":681,"action":"view","resourceType":"HealthData","resourceId":"latest","details":"MongoDB view on HealthData","userIp":"","userAgent":""}
{"timestamp":"2025-05-08T12:04:38.917Z","userId":681,"action":"view","resourceType":"HealthData","resourceId":"latest","details":"MongoDB view on HealthData","userIp":"","userAgent":""}
{"timestamp":"2025-05-08T12:04:38.922Z","userId":681,"action":"view","resourceType":"HealthData","resourceId":"latest","details":"MongoDB view on HealthData","userIp":"","userAgent":""}
{"timestamp":"2025-05-08T12:04:38.928Z","userId":681,"action":"view","resourceType":"HealthData","resourceId":"latest","details":"MongoDB view on HealthData","userIp":"","userAgent":""}
{"timestamp":"2025-05-08T12:04:38.934Z","userId":681,"action":"view","resourceType":"HealthData","resourceId":"latest","details":"MongoDB view on HealthData","userIp":"","userAgent":""}
{"timestamp":"2025-05-08T12:04:38.940Z","userId":681,"action":"view","resourceType":"HealthData","resourceId":"latest","details":"MongoDB view on HealthData","userIp":"","userAgent":""}
{"timestamp":"2025-05-08T12:04:38.946Z","userId":681,"action":"view","resourceType":"HealthData","resourceId":"latest","details":"MongoDB view on HealthData","userIp":"","userAgent":""}
{"timestamp":"2025-05-08T12:04:38.952Z","userId":681,"action":"view","resourceType":"HealthData","resourceId":"latest","details":"MongoDB view on HealthData","userIp":"","userAgent":""}
{"timestamp":"2025-05-08T12:04:38.957Z","userId":681,"action":"view","resourceType":"HealthData","resourceId":"latest","details":"MongoDB view on HealthData","userIp":"","userAgent":""}
{"timestamp":"2025-05-08T12:04:38.963Z","userId":681,"action":"view","resourceType":"HealthData","resourceId":"latest","details":"MongoDB view on HealthData","userIp":"","userAgent":""}
{"timestamp":"2025-05-08T12:04:38.968Z","userId":681,"action":"view","resourceType":"HealthData","resourceId":"latest","details":"MongoDB view on HealthData","userIp":"","userAgent":""}
{"timestamp":"2025-05-08T12:04:38.975Z","userId":681,"action":"view","resourceType":"HealthData","resourceId":"latest","details":"MongoDB view on HealthData","userIp":"","userAgent":""}
{"timestamp":"2025-05-08T12:04:38.981Z","userId":681,"action":"view","resourceType":"HealthData","resourceId":"latest","details":"MongoDB view on HealthData","userIp":"","userAgent":""}
{"timestamp":"2025-05-08T12:04:38.986Z","userId":681,"action":"view","resourceType":"HealthData","resourceId":"latest","details":"MongoDB view on HealthData","userIp":"","userAgent":""}
{"timestamp":"2025-05-08T12:04:38.992Z","userId":681,"action":"view","resourceType":"HealthData","resourceId":"latest","details":"MongoDB view on HealthData","userIp":"","userAgent":""}
{"timestamp":"2025-05-08T12:04:38.997Z","userId":681,"action":"view","resourceType":"HealthData","resourceId":"latest","details":"MongoDB view on HealthData","userIp":"","userAgent":""}
{"timestamp":"2025-05-08T12:04:39.003Z","userId":681,"action":"view","resourceType":"HealthData","resourceId":"latest","details":"MongoDB view on HealthData","userIp":"","userAgent":""}
{"timestamp":"2025-05-08T12:04:39.010Z","userId":681,"action":"view","resourceType":"HealthData","resourceId":"latest","details":"MongoDB view on HealthData","userIp":"","userAgent":""}
{"timestamp":"2025-05-08T12:04:39.018Z","userId":681,"action":"view","resourceType":"HealthData","resourceId":"latest","details":"MongoDB view on HealthData","userIp":"","userAgent":""}
{"timestamp":"2025-05-08T12:04:39.025Z","userId":681,"action":"view","resourceType":"HealthData","resourceId":"latest","details":"MongoDB view on HealthData","userIp":"","userAgent":""}
{"timestamp":"2025-05-08T12:04:39.031Z","userId":681,"action":"view","resourceType":"HealthData","resourceId":"latest","details":"MongoDB view on HealthData","userIp":"","userAgent":""}
{"timestamp":"2025-05-08T12:04:39.038Z","userId":681,"action":"view","resourceType":"HealthData","resourceId":"latest","details":"MongoDB view on HealthData","userIp":"","userAgent":""}
{"timestamp":"2025-05-08T12:04:39.044Z","userId":681,"action":"view","resourceType":"HealthData","resourceId":"latest","details":"MongoDB view on HealthData","userIp":"","userAgent":""}
{"timestamp":"2025-05-08T12:04:39.050Z","userId":681,"action":"view","resourceType":"HealthData","resourceId":"latest","details":"MongoDB view on HealthData","userIp":"","userAgent":""}
{"timestamp":"2025-05-08T12:04:39.056Z","userId":681,"action":"view","resourceType":"HealthData","resourceId":"latest","details":"MongoDB view on HealthData","userIp":"","userAgent":""}
{"timestamp":"2025-05-08T12:04:39.062Z","userId":681,"action":"view","resourceType":"HealthData","resourceId":"latest","details":"MongoDB view on HealthData","userIp":"","userAgent":""}
{"timestamp":"2025-05-08T12:04:39.068Z","userId":681,"action":"view","resourceType":"HealthData","resourceId":"latest","details":"MongoDB view on HealthData","userIp":"","userAgent":""}
{"timestamp":"2025-05-08T12:04:39.074Z","userId":681,"action":"view","resourceType":"HealthData","resourceId":"latest","details":"MongoDB view on HealthData","userIp":"","userAgent":""}
{"timestamp":"2025-05-08T12:04:39.079Z","userId":681,"action":"view","resourceType":"HealthData","resourceId":"latest","details":"MongoDB view on HealthData","userIp":"","userAgent":""}
{"timestamp":"2025-05-08T12:04:39.086Z","userId":681,"action":"view","resourceType":"HealthData","resourceId":"latest","details":"MongoDB view on HealthData","userIp":"","userAgent":""}
{"timestamp":"2025-05-08T12:04:39.091Z","userId":681,"action":"view","resourceType":"HealthData","resourceId":"latest","details":"MongoDB view on HealthData","userIp":"","userAgent":""}
{"timestamp":"2025-05-08T12:04:39.097Z","userId":681,"action":"view","resourceType":"HealthData","resourceId":"latest","details":"MongoDB view on HealthData","userIp":"","userAgent":""}
{"timestamp":"2025-05-08T12:04:39.102Z","userId":681,"action":"view","resourceType":"HealthData","resourceId":"latest","details":"MongoDB view on HealthData","userIp":"","userAgent":""}
{"timestamp":"2025-05-08T12:04:39.107Z","userId":681,"action":"view","resourceType":"HealthData","resourceId":"latest","details":"MongoDB view on HealthData","userIp":"","userAgent":""}
{"timestamp":"2025-05-08T12:04:39.113Z","userId":681,"action":"view","resourceType":"HealthData","resourceId":"latest","details":"MongoDB view on HealthData","userIp":"","userAgent":""}
{"timestamp":"2025-05-08T12:04:39.119Z","userId":681,"action":"view","resourceType":"HealthData","resourceId":"latest","details":"MongoDB view on HealthData","userIp":"","userAgent":""}
{"timestamp":"2025-05-08T12:04:39.125Z","userId":681,"action":"view","resourceType":"HealthData","resourceId":"latest","details":"MongoDB view on HealthData","userIp":"","userAgent":""}
{"timestamp":"2025-05-08T12:04:39.131Z","userId":681,"action":"view","resourceType":"HealthData","resourceId":"latest","details":"MongoDB view on HealthData","userIp":"","userAgent":""}
{"timestamp":"2025-05-08T12:04:39.137Z","userId":681,"action":"view","resourceType":"HealthData","resourceId":"latest","details":"MongoDB view on HealthData","userIp":"","userAgent":""}
{"timestamp":"2025-05-08T12:04:39.143Z","userId":681,"action":"view","resourceType":"HealthData","resourceId":"latest","details":"MongoDB view on HealthData","userIp":"","userAgent":""}
{"timestamp":"2025-05-08T12:04:39.148Z","userId":681,"action":"view","resourceType":"HealthData","resourceId":"latest","details":"MongoDB view on HealthData","userIp":"","userAgent":""}
{"timestamp":"2025-05-08T12:04:39.155Z","userId":681,"action":"view","resourceType":"HealthData","resourceId":"latest","details":"MongoDB view on HealthData","userIp":"","userAgent":""}
{"timestamp":"2025-05-08T12:04:39.161Z","userId":681,"action":"view","resourceType":"HealthData","resourceId":"latest","details":"MongoDB view on HealthData","userIp":"","userAgent":""}
{"timestamp":"2025-05-08T12:04:39.166Z","userId":681,"action":"view","resourceType":"HealthData","resourceId":"latest","details":"MongoDB view on HealthData","userIp":"","userAgent":""}
{"timestamp":"2025-05-08T12:04:39.172Z","userId":681,"action":"view","resourceType":"HealthData","resourceId":"latest","details":"MongoDB view on HealthData","userIp":"","userAgent":""}
{"timestamp":"2025-05-08T12:04:39.177Z","userId":681,"action":"view","resourceType":"HealthData","resourceId":"latest","details":"MongoDB view on HealthData","userIp":"","userAgent":""}
{"timestamp":"2025-05-08T12:04:39.182Z","userId":681,"action":"view","resourceType":"HealthData","resourceId":"latest","details":"MongoDB view on HealthData","userIp":"","userAgent":""}
{"timestamp":"2025-05-08T12:04:39.188Z","userId":681,"action":"view","resourceType":"HealthData","resourceId":"latest","details":"MongoDB view on HealthData","userIp":"","userAgent":""}
{"timestamp":"2025-05-08T12:04:39.193Z","userId":681,"action":"view","resourceType":"HealthData","resourceId":"latest","details":"MongoDB view on HealthData","userIp":"","userAgent":""}
{"timestamp":"2025-05-08T12:04:39.197Z","userId":681,"action":"view","resourceType":"HealthData","resourceId":"latest","details":"MongoDB view on HealthData","userIp":"","userAgent":""}
{"timestamp":"2025-05-08T12:04:39.203Z","userId":681,"action":"view","resourceType":"HealthData","resourceId":"latest","details":"MongoDB view on HealthData","userIp":"","userAgent":""}
{"timestamp":"2025-05-08T12:04:39.208Z","userId":681,"action":"view","resourceType":"HealthData","resourceId":"latest","details":"MongoDB view on HealthData","userIp":"","userAgent":""}
{"timestamp":"2025-05-08T12:04:39.213Z","userId":681,"action":"view","resourceType":"HealthData","resourceId":"latest","details":"MongoDB view on HealthData","userIp":"","userAgent":""}
{"timestamp":"2025-05-08T12:04:39.218Z","userId":681,"action":"view","resourceType":"HealthData","resourceId":"latest","details":"MongoDB view on HealthData","userIp":"","userAgent":""}
{"timestamp":"2025-05-08T12:04:39.224Z","userId":681,"action":"view","resourceType":"HealthData","resourceId":"latest","details":"MongoDB view on HealthData","userIp":"","userAgent":""}
{"timestamp":"2025-05-08T12:04:39.229Z","userId":681,"action":"view","resourceType":"HealthData","resourceId":"latest","details":"MongoDB view on HealthData","userIp":"","userAgent":""}
{"timestamp":"2025-05-08T12:04:39.235Z","userId":681,"action":"view","resourceType":"HealthData","resourceId":"latest","details":"MongoDB view on HealthData","userIp":"","userAgent":""}
{"timestamp":"2025-05-08T12:04:39.240Z","userId":681,"action":"view","resourceType":"HealthData","resourceId":"latest","details":"MongoDB view on HealthData","userIp":"","userAgent":""}
{"timestamp":"2025-05-08T12:04:39.246Z","userId":681,"action":"view","resourceType":"HealthData","resourceId":"latest","details":"MongoDB view on HealthData","userIp":"","userAgent":""}
{"timestamp":"2025-05-08T12:04:39.252Z","userId":681,"action":"view","resourceType":"HealthData","resourceId":"latest","details":"MongoDB view on HealthData","userIp":"","userAgent":""}
{"timestamp":"2025-05-08T12:04:39.257Z","userId":681,"action":"view","resourceType":"HealthData","resourceId":"latest","details":"MongoDB view on HealthData","userIp":"","userAgent":""}
{"timestamp":"2025-05-08T12:04:39.263Z","userId":681,"action":"view","resourceType":"HealthData","resourceId":"latest","details":"MongoDB view on HealthData","userIp":"","userAgent":""}
{"timestamp":"2025-05-08T12:04:39.269Z","userId":681,"action":"view","resourceType":"HealthData","resourceId":"latest","details":"MongoDB view on HealthData","userIp":"","userAgent":""}
{"timestamp":"2025-05-08T12:04:39.275Z","userId":681,"action":"view","resourceType":"HealthData","resourceId":"latest","details":"MongoDB view on HealthData","userIp":"","userAgent":""}
{"timestamp":"2025-05-08T12:04:39.281Z","userId":681,"action":"view","resourceType":"HealthData","resourceId":"latest","details":"MongoDB view on HealthData","userIp":"","userAgent":""}
{"timestamp":"2025-05-08T12:04:39.286Z","userId":681,"action":"view","resourceType":"HealthData","resourceId":"latest","details":"MongoDB view on HealthData","userIp":"","userAgent":""}
{"timestamp":"2025-05-08T12:04:39.291Z","userId":681,"action":"view","resourceType":"HealthData","resourceId":"latest","details":"MongoDB view on HealthData","userIp":"","userAgent":""}
{"timestamp":"2025-05-08T12:04:39.297Z","userId":681,"action":"view","resourceType":"HealthData","resourceId":"latest","details":"MongoDB view on HealthData","userIp":"","userAgent":""}
{"timestamp":"2025-05-08T12:04:39.303Z","userId":681,"action":"view","resourceType":"HealthData","resourceId":"latest","details":"MongoDB view on HealthData","userIp":"","userAgent":""}
{"timestamp":"2025-05-08T12:04:39.308Z","userId":681,"action":"view","resourceType":"HealthData","resourceId":"latest","details":"MongoDB view on HealthData","userIp":"","userAgent":""}
{"timestamp":"2025-05-08T12:04:39.314Z","userId":681,"action":"view","resourceType":"HealthData","resourceId":"latest","details":"MongoDB view on HealthData","userIp":"","userAgent":""}
{"timestamp":"2025-05-08T12:04:39.319Z","userId":681,"action":"view","resourceType":"HealthData","resourceId":"latest","details":"MongoDB view on HealthData","userIp":"","userAgent":""}
{"timestamp":"2025-05-08T12:04:39.324Z","userId":681,"action":"view","resourceType":"HealthData","resourceId":"latest","details":"MongoDB view on HealthData","userIp":"","userAgent":""}
{"timestamp":"2025-05-08T12:04:39.329Z","userId":681,"action":"view","resourceType":"HealthData","resourceId":"latest","details":"MongoDB view on HealthData","userIp":"","userAgent":""}
{"timestamp":"2025-05-08T12:04:39.334Z","userId":681,"action":"view","resourceType":"HealthData","resourceId":"latest","details":"MongoDB view on HealthData","userIp":"","userAgent":""}
{"timestamp":"2025-05-08T12:04:39.340Z","userId":681,"action":"view","resourceType":"HealthData","resourceId":"latest","details":"MongoDB view on HealthData","userIp":"","userAgent":""}
{"timestamp":"2025-05-08T12:04:39.345Z","userId":681,"action":"view","resourceType":"HealthData","resourceId":"latest","details":"MongoDB view on HealthData","userIp":"","userAgent":""}
{"timestamp":"2025-05-08T12:04:39.350Z","userId":681,"action":"view","resourceType":"HealthData","resourceId":"latest","details":"MongoDB view on HealthData","userIp":"","userAgent":""}
{"timestamp":"2025-05-08T12:04:39.355Z","userId":681,"action":"view","resourceType":"HealthData","resourceId":"latest","details":"MongoDB view on HealthData","userIp":"","userAgent":""}
{"timestamp":"2025-05-08T12:04:39.360Z","userId":681,"action":"view","resourceType":"HealthData","resourceId":"latest","details":"MongoDB view on HealthData","userIp":"","userAgent":""}
{"timestamp":"2025-05-08T12:04:39.365Z","userId":681,"action":"view","resourceType":"HealthData","resourceId":"latest","details":"MongoDB view on HealthData","userIp":"","userAgent":""}
{"timestamp":"2025-05-08T12:04:39.371Z","userId":681,"action":"view","resourceType":"HealthData","resourceId":"latest","details":"MongoDB view on HealthData","userIp":"","userAgent":""}
{"timestamp":"2025-05-08T12:04:39.375Z","userId":681,"action":"view","resourceType":"HealthData","resourceId":"latest","details":"MongoDB view on HealthData","userIp":"","userAgent":""}
{"timestamp":"2025-05-08T12:04:39.382Z","userId":681,"action":"view","resourceType":"HealthData","resourceId":"latest","details":"MongoDB view on HealthData","userIp":"","userAgent":""}
{"timestamp":"2025-05-08T12:04:39.387Z","userId":681,"action":"view","resourceType":"HealthData","resourceId":"latest","details":"MongoDB view on HealthData","userIp":"","userAgent":""}
{"timestamp":"2025-05-08T12:04:39.392Z","userId":681,"action":"view","resourceType":"HealthData","resourceId":"latest","details":"MongoDB view on HealthData","userIp":"","userAgent":""}
{"timestamp":"2025-05-08T12:04:39.398Z","userId":681,"action":"view","resourceType":"HealthData","resourceId":"latest","details":"MongoDB view on HealthData","userIp":"","userAgent":""}
{"timestamp":"2025-05-08T12:04:39.403Z","userId":681,"action":"view","resourceType":"HealthData","resourceId":"latest","details":"MongoDB view on HealthData","userIp":"","userAgent":""}
{"timestamp":"2025-05-08T12:04:39.409Z","userId":681,"action":"view","resourceType":"HealthData","resourceId":"latest","details":"MongoDB view on HealthData","userIp":"","userAgent":""}
{"timestamp":"2025-05-08T12:04:39.414Z","userId":681,"action":"view","resourceType":"HealthData","resourceId":"latest","details":"MongoDB view on HealthData","userIp":"","userAgent":""}
{"timestamp":"2025-05-08T12:04:39.419Z","userId":681,"action":"view","resourceType":"HealthData","resourceId":"latest","details":"MongoDB view on HealthData","userIp":"","userAgent":""}
{"timestamp":"2025-05-08T12:04:39.425Z","userId":681,"action":"view","resourceType":"HealthData","resourceId":"latest","details":"MongoDB view on HealthData","userIp":"","userAgent":""}
{"timestamp":"2025-05-08T12:04:39.431Z","userId":681,"action":"view","resourceType":"HealthData","resourceId":"latest","details":"MongoDB view on HealthData","userIp":"","userAgent":""}
{"timestamp":"2025-05-08T12:04:39.436Z","userId":681,"action":"view","resourceType":"HealthData","resourceId":"latest","details":"MongoDB view on HealthData","userIp":"","userAgent":""}
{"timestamp":"2025-05-08T12:04:39.442Z","userId":681,"action":"view","resourceType":"HealthData","resourceId":"latest","details":"MongoDB view on HealthData","userIp":"","userAgent":""}
{"timestamp":"2025-05-08T12:04:39.448Z","userId":681,"action":"view","resourceType":"HealthData","resourceId":"latest","details":"MongoDB view on HealthData","userIp":"","userAgent":""}
{"timestamp":"2025-05-08T12:04:39.453Z","userId":681,"action":"view","resourceType":"HealthData","resourceId":"latest","details":"MongoDB view on HealthData","userIp":"","userAgent":""}
{"timestamp":"2025-05-08T12:04:39.458Z","userId":681,"action":"view","resourceType":"HealthData","resourceId":"latest","details":"MongoDB view on HealthData","userIp":"","userAgent":""}
{"timestamp":"2025-05-08T12:04:39.465Z","userId":681,"action":"view","resourceType":"HealthData","resourceId":"latest","details":"MongoDB view on HealthData","userIp":"","userAgent":""}
{"timestamp":"2025-05-08T12:04:39.471Z","userId":681,"action":"view","resourceType":"HealthData","resourceId":"latest","details":"MongoDB view on HealthData","userIp":"","userAgent":""}
{"timestamp":"2025-05-08T12:04:39.476Z","userId":681,"action":"view","resourceType":"HealthData","resourceId":"latest","details":"MongoDB view on HealthData","userIp":"","userAgent":""}
{"timestamp":"2025-05-08T12:04:39.482Z","userId":681,"action":"view","resourceType":"HealthData","resourceId":"latest","details":"MongoDB view on HealthData","userIp":"","userAgent":""}
{"timestamp":"2025-05-08T12:04:39.487Z","userId":681,"action":"view","resourceType":"HealthData","resourceId":"latest","details":"MongoDB view on HealthData","userIp":"","userAgent":""}
{"timestamp":"2025-05-08T12:04:39.491Z","userId":681,"action":"view","resourceType":"HealthData","resourceId":"latest","details":"MongoDB view on HealthData","userIp":"","userAgent":""}
{"timestamp":"2025-05-08T12:04:39.497Z","userId":681,"action":"view","resourceType":"HealthData","resourceId":"latest","details":"MongoDB view on HealthData","userIp":"","userAgent":""}
{"timestamp":"2025-05-08T12:04:39.502Z","userId":681,"action":"view","resourceType":"HealthData","resourceId":"latest","details":"MongoDB view on HealthData","userIp":"","userAgent":""}
{"timestamp":"2025-05-08T12:04:39.507Z","userId":681,"action":"view","resourceType":"HealthData","resourceId":"latest","details":"MongoDB view on HealthData","userIp":"","userAgent":""}
{"timestamp":"2025-05-08T12:04:39.512Z","userId":681,"action":"view","resourceType":"HealthData","resourceId":"latest","details":"MongoDB view on HealthData","userIp":"","userAgent":""}
{"timestamp":"2025-05-08T12:04:39.517Z","userId":681,"action":"view","resourceType":"HealthData","resourceId":"latest","details":"MongoDB view on HealthData","userIp":"","userAgent":""}
{"timestamp":"2025-05-08T12:04:39.523Z","userId":681,"action":"view","resourceType":"HealthData","resourceId":"latest","details":"MongoDB view on HealthData","userIp":"","userAgent":""}
{"timestamp":"2025-05-08T12:04:39.529Z","userId":681,"action":"view","resourceType":"HealthData","resourceId":"latest","details":"MongoDB view on HealthData","userIp":"","userAgent":""}
{"timestamp":"2025-05-08T12:04:39.534Z","userId":681,"action":"view","resourceType":"HealthData","resourceId":"latest","details":"MongoDB view on HealthData","userIp":"","userAgent":""}
{"timestamp":"2025-05-08T12:04:39.539Z","userId":681,"action":"view","resourceType":"HealthData","resourceId":"latest","details":"MongoDB view on HealthData","userIp":"","userAgent":""}
{"timestamp":"2025-05-08T12:04:39.548Z","userId":681,"action":"view","resourceType":"HealthData","resourceId":"latest","details":"MongoDB view on HealthData","userIp":"","userAgent":""}
{"timestamp":"2025-05-08T12:04:39.554Z","userId":681,"action":"view","resourceType":"HealthData","resourceId":"latest","details":"MongoDB view on HealthData","userIp":"","userAgent":""}
{"timestamp":"2025-05-08T12:04:39.560Z","userId":681,"action":"view","resourceType":"HealthData","resourceId":"latest","details":"MongoDB view on HealthData","userIp":"","userAgent":""}
{"timestamp":"2025-05-08T12:04:39.566Z","userId":681,"action":"view","resourceType":"HealthData","resourceId":"latest","details":"MongoDB view on HealthData","userIp":"","userAgent":""}
{"timestamp":"2025-05-08T12:04:39.572Z","userId":681,"action":"view","resourceType":"HealthData","resourceId":"latest","details":"MongoDB view on HealthData","userIp":"","userAgent":""}
{"timestamp":"2025-05-08T12:04:39.578Z","userId":681,"action":"view","resourceType":"HealthData","resourceId":"latest","details":"MongoDB view on HealthData","userIp":"","userAgent":""}
{"timestamp":"2025-05-08T12:04:39.584Z","userId":681,"action":"view","resourceType":"HealthData","resourceId":"latest","details":"MongoDB view on HealthData","userIp":"","userAgent":""}
{"timestamp":"2025-05-08T12:04:39.591Z","userId":681,"action":"view","resourceType":"HealthData","resourceId":"latest","details":"MongoDB view on HealthData","userIp":"","userAgent":""}
{"timestamp":"2025-05-08T12:04:39.597Z","userId":681,"action":"view","resourceType":"HealthData","resourceId":"latest","details":"MongoDB view on HealthData","userIp":"","userAgent":""}
{"timestamp":"2025-05-08T12:04:39.603Z","userId":681,"action":"view","resourceType":"HealthData","resourceId":"latest","details":"MongoDB view on HealthData","userIp":"","userAgent":""}
{"timestamp":"2025-05-08T12:04:39.608Z","userId":681,"action":"view","resourceType":"HealthData","resourceId":"latest","details":"MongoDB view on HealthData","userIp":"","userAgent":""}
{"timestamp":"2025-05-08T12:04:39.613Z","userId":681,"action":"view","resourceType":"HealthData","resourceId":"latest","details":"MongoDB view on HealthData","userIp":"","userAgent":""}
{"timestamp":"2025-05-08T12:04:39.618Z","userId":681,"action":"view","resourceType":"HealthData","resourceId":"latest","details":"MongoDB view on HealthData","userIp":"","userAgent":""}
{"timestamp":"2025-05-08T12:04:39.624Z","userId":681,"action":"view","resourceType":"HealthData","resourceId":"latest","details":"MongoDB view on HealthData","userIp":"","userAgent":""}
{"timestamp":"2025-05-08T12:04:39.629Z","userId":681,"action":"view","resourceType":"HealthData","resourceId":"latest","details":"MongoDB view on HealthData","userIp":"","userAgent":""}
{"timestamp":"2025-05-08T12:04:39.635Z","userId":681,"action":"view","resourceType":"HealthData","resourceId":"latest","details":"MongoDB view on HealthData","userIp":"","userAgent":""}
{"timestamp":"2025-05-08T12:04:39.641Z","userId":681,"action":"view","resourceType":"HealthData","resourceId":"latest","details":"MongoDB view on HealthData","userIp":"","userAgent":""}
{"timestamp":"2025-05-08T12:04:39.646Z","userId":681,"action":"view","resourceType":"HealthData","resourceId":"latest","details":"MongoDB view on HealthData","userIp":"","userAgent":""}
{"timestamp":"2025-05-08T12:04:39.652Z","userId":681,"action":"view","resourceType":"HealthData","resourceId":"latest","details":"MongoDB view on HealthData","userIp":"","userAgent":""}
{"timestamp":"2025-05-08T12:04:39.657Z","userId":681,"action":"view","resourceType":"HealthData","resourceId":"latest","details":"MongoDB view on HealthData","userIp":"","userAgent":""}
{"timestamp":"2025-05-08T12:04:39.670Z","userId":681,"action":"view","resourceType":"HealthData","resourceId":"latest","details":"MongoDB view on HealthData","userIp":"","userAgent":""}
{"timestamp":"2025-05-08T12:04:39.675Z","userId":681,"action":"view","resourceType":"HealthData","resourceId":"latest","details":"MongoDB view on HealthData","userIp":"","userAgent":""}
{"timestamp":"2025-05-08T12:04:39.682Z","userId":681,"action":"view","resourceType":"HealthData","resourceId":"latest","details":"MongoDB view on HealthData","userIp":"","userAgent":""}
{"timestamp":"2025-05-08T12:04:39.687Z","userId":681,"action":"view","resourceType":"HealthData","resourceId":"latest","details":"MongoDB view on HealthData","userIp":"","userAgent":""}
{"timestamp":"2025-05-08T12:04:39.692Z","userId":681,"action":"view","resourceType":"HealthData","resourceId":"latest","details":"MongoDB view on HealthData","userIp":"","userAgent":""}
{"timestamp":"2025-05-08T12:04:39.698Z","userId":681,"action":"view","resourceType":"HealthData","resourceId":"latest","details":"MongoDB view on HealthData","userIp":"","userAgent":""}
{"timestamp":"2025-05-08T12:04:39.704Z","userId":681,"action":"view","resourceType":"HealthData","resourceId":"latest","details":"MongoDB view on HealthData","userIp":"","userAgent":""}
{"timestamp":"2025-05-08T12:04:39.709Z","userId":681,"action":"view","resourceType":"HealthData","resourceId":"latest","details":"MongoDB view on HealthData","userIp":"","userAgent":""}
{"timestamp":"2025-05-08T12:04:39.714Z","userId":681,"action":"view","resourceType":"HealthData","resourceId":"latest","details":"MongoDB view on HealthData","userIp":"","userAgent":""}
{"timestamp":"2025-05-08T12:04:39.720Z","userId":681,"action":"view","resourceType":"HealthData","resourceId":"latest","details":"MongoDB view on HealthData","userIp":"","userAgent":""}
{"timestamp":"2025-05-08T12:04:39.725Z","userId":681,"action":"view","resourceType":"HealthData","resourceId":"latest","details":"MongoDB view on HealthData","userIp":"","userAgent":""}
{"timestamp":"2025-05-08T12:04:39.732Z","userId":681,"action":"view","resourceType":"HealthData","resourceId":"latest","details":"MongoDB view on HealthData","userIp":"","userAgent":""}
{"timestamp":"2025-05-08T12:04:39.737Z","userId":681,"action":"view","resourceType":"HealthData","resourceId":"latest","details":"MongoDB view on HealthData","userIp":"","userAgent":""}
{"timestamp":"2025-05-08T12:04:39.744Z","userId":681,"action":"view","resourceType":"HealthData","resourceId":"latest","details":"MongoDB view on HealthData","userIp":"","userAgent":""}
{"timestamp":"2025-05-08T12:04:39.750Z","userId":681,"action":"view","resourceType":"HealthData","resourceId":"latest","details":"MongoDB view on HealthData","userIp":"","userAgent":""}
{"timestamp":"2025-05-08T12:04:39.757Z","userId":681,"action":"view","resourceType":"HealthData","resourceId":"latest","details":"MongoDB view on HealthData","userIp":"","userAgent":""}
{"timestamp":"2025-05-08T12:04:39.764Z","userId":681,"action":"view","resourceType":"HealthData","resourceId":"latest","details":"MongoDB view on HealthData","userIp":"","userAgent":""}
{"timestamp":"2025-05-08T12:04:39.769Z","userId":681,"action":"view","resourceType":"HealthData","resourceId":"latest","details":"MongoDB view on HealthData","userIp":"","userAgent":""}
{"timestamp":"2025-05-08T12:04:39.775Z","userId":681,"action":"view","resourceType":"HealthData","resourceId":"latest","details":"MongoDB view on HealthData","userIp":"","userAgent":""}
{"timestamp":"2025-05-08T12:04:39.781Z","userId":681,"action":"view","resourceType":"HealthData","resourceId":"latest","details":"MongoDB view on HealthData","userIp":"","userAgent":""}
{"timestamp":"2025-05-08T12:04:39.786Z","userId":681,"action":"view","resourceType":"HealthData","resourceId":"latest","details":"MongoDB view on HealthData","userIp":"","userAgent":""}
{"timestamp":"2025-05-08T12:04:39.793Z","userId":681,"action":"view","resourceType":"HealthData","resourceId":"latest","details":"MongoDB view on HealthData","userIp":"","userAgent":""}
{"timestamp":"2025-05-08T12:04:39.799Z","userId":681,"action":"view","resourceType":"HealthData","resourceId":"latest","details":"MongoDB view on HealthData","userIp":"","userAgent":""}
{"timestamp":"2025-05-08T12:04:39.805Z","userId":681,"action":"view","resourceType":"HealthData","resourceId":"latest","details":"MongoDB view on HealthData","userIp":"","userAgent":""}
{"timestamp":"2025-05-08T12:04:39.811Z","userId":681,"action":"view","resourceType":"HealthData","resourceId":"latest","details":"MongoDB view on HealthData","userIp":"","userAgent":""}
{"timestamp":"2025-05-08T12:04:39.818Z","userId":681,"action":"view","resourceType":"HealthData","resourceId":"latest","details":"MongoDB view on HealthData","userIp":"","userAgent":""}
{"timestamp":"2025-05-08T12:04:39.823Z","userId":681,"action":"view","resourceType":"HealthData","resourceId":"latest","details":"MongoDB view on HealthData","userIp":"","userAgent":""}
{"timestamp":"2025-05-08T12:04:39.829Z","userId":681,"action":"view","resourceType":"HealthData","resourceId":"latest","details":"MongoDB view on HealthData","userIp":"","userAgent":""}
{"timestamp":"2025-05-08T12:04:39.834Z","userId":681,"action":"view","resourceType":"HealthData","resourceId":"latest","details":"MongoDB view on HealthData","userIp":"","userAgent":""}
{"timestamp":"2025-05-08T12:04:39.839Z","userId":681,"action":"view","resourceType":"HealthData","resourceId":"latest","details":"MongoDB view on HealthData","userIp":"","userAgent":""}
{"timestamp":"2025-05-08T12:04:39.844Z","userId":681,"action":"view","resourceType":"HealthData","resourceId":"latest","details":"MongoDB view on HealthData","userIp":"","userAgent":""}
{"timestamp":"2025-05-08T12:04:39.850Z","userId":681,"action":"view","resourceType":"HealthData","resourceId":"latest","details":"MongoDB view on HealthData","userIp":"","userAgent":""}
{"timestamp":"2025-05-08T12:04:39.855Z","userId":681,"action":"view","resourceType":"HealthData","resourceId":"latest","details":"MongoDB view on HealthData","userIp":"","userAgent":""}
{"timestamp":"2025-05-08T12:04:39.861Z","userId":681,"action":"view","resourceType":"HealthData","resourceId":"latest","details":"MongoDB view on HealthData","userIp":"","userAgent":""}
{"timestamp":"2025-05-08T12:04:39.867Z","userId":681,"action":"view","resourceType":"HealthData","resourceId":"latest","details":"MongoDB view on HealthData","userIp":"","userAgent":""}
{"timestamp":"2025-05-08T12:04:39.872Z","userId":681,"action":"view","resourceType":"HealthData","resourceId":"latest","details":"MongoDB view on HealthData","userIp":"","userAgent":""}
{"timestamp":"2025-05-08T12:04:39.881Z","userId":681,"action":"view","resourceType":"HealthData","resourceId":"latest","details":"MongoDB view on HealthData","userIp":"","userAgent":""}
{"timestamp":"2025-05-08T12:04:39.886Z","userId":681,"action":"view","resourceType":"HealthData","resourceId":"latest","details":"MongoDB view on HealthData","userIp":"","userAgent":""}
{"timestamp":"2025-05-08T12:04:39.892Z","userId":681,"action":"view","resourceType":"HealthData","resourceId":"latest","details":"MongoDB view on HealthData","userIp":"","userAgent":""}
{"timestamp":"2025-05-08T12:04:39.897Z","userId":681,"action":"view","resourceType":"HealthData","resourceId":"latest","details":"MongoDB view on HealthData","userIp":"","userAgent":""}
{"timestamp":"2025-05-08T12:04:39.902Z","userId":681,"action":"view","resourceType":"HealthData","resourceId":"latest","details":"MongoDB view on HealthData","userIp":"","userAgent":""}
{"timestamp":"2025-05-08T12:04:39.907Z","userId":681,"action":"view","resourceType":"HealthData","resourceId":"latest","details":"MongoDB view on HealthData","userIp":"","userAgent":""}
{"timestamp":"2025-05-08T12:04:39.913Z","userId":681,"action":"view","resourceType":"HealthData","resourceId":"latest","details":"MongoDB view on HealthData","userIp":"","userAgent":""}
{"timestamp":"2025-05-08T12:04:39.918Z","userId":681,"action":"view","resourceType":"HealthData","resourceId":"latest","details":"MongoDB view on HealthData","userIp":"","userAgent":""}
{"timestamp":"2025-05-08T12:04:39.924Z","userId":681,"action":"view","resourceType":"HealthData","resourceId":"latest","details":"MongoDB view on HealthData","userIp":"","userAgent":""}
{"timestamp":"2025-05-08T12:04:39.929Z","userId":681,"action":"view","resourceType":"HealthData","resourceId":"latest","details":"MongoDB view on HealthData","userIp":"","userAgent":""}
{"timestamp":"2025-05-08T12:04:39.934Z","userId":681,"action":"view","resourceType":"HealthData","resourceId":"latest","details":"MongoDB view on HealthData","userIp":"","userAgent":""}
{"timestamp":"2025-05-08T12:04:39.939Z","userId":681,"action":"view","resourceType":"HealthData","resourceId":"latest","details":"MongoDB view on HealthData","userIp":"","userAgent":""}
{"timestamp":"2025-05-08T12:04:39.945Z","userId":681,"action":"view","resourceType":"HealthData","resourceId":"latest","details":"MongoDB view on HealthData","userIp":"","userAgent":""}
{"timestamp":"2025-05-08T12:04:39.950Z","userId":681,"action":"view","resourceType":"HealthData","resourceId":"latest","details":"MongoDB view on HealthData","userIp":"","userAgent":""}
{"timestamp":"2025-05-08T12:04:39.956Z","userId":681,"action":"view","resourceType":"HealthData","resourceId":"latest","details":"MongoDB view on HealthData","userIp":"","userAgent":""}
{"timestamp":"2025-05-08T12:04:39.962Z","userId":681,"action":"view","resourceType":"HealthData","resourceId":"latest","details":"MongoDB view on HealthData","userIp":"","userAgent":""}
{"timestamp":"2025-05-08T12:04:39.968Z","userId":681,"action":"view","resourceType":"HealthData","resourceId":"latest","details":"MongoDB view on HealthData","userIp":"","userAgent":""}
{"timestamp":"2025-05-08T12:04:39.974Z","userId":681,"action":"view","resourceType":"HealthData","resourceId":"latest","details":"MongoDB view on HealthData","userIp":"","userAgent":""}
{"timestamp":"2025-05-08T12:04:39.980Z","userId":681,"action":"view","resourceType":"HealthData","resourceId":"latest","details":"MongoDB view on HealthData","userIp":"","userAgent":""}
{"timestamp":"2025-05-08T12:04:39.986Z","userId":681,"action":"view","resourceType":"HealthData","resourceId":"latest","details":"MongoDB view on HealthData","userIp":"","userAgent":""}
{"timestamp":"2025-05-08T12:04:39.992Z","userId":681,"action":"view","resourceType":"HealthData","resourceId":"latest","details":"MongoDB view on HealthData","userIp":"","userAgent":""}
{"timestamp":"2025-05-08T12:04:39.998Z","userId":681,"action":"view","resourceType":"HealthData","resourceId":"latest","details":"MongoDB view on HealthData","userIp":"","userAgent":""}
{"timestamp":"2025-05-08T12:04:40.004Z","userId":681,"action":"view","resourceType":"HealthData","resourceId":"latest","details":"MongoDB view on HealthData","userIp":"","userAgent":""}
{"timestamp":"2025-05-08T12:04:40.009Z","userId":681,"action":"view","resourceType":"HealthData","resourceId":"latest","details":"MongoDB view on HealthData","userIp":"","userAgent":""}
{"timestamp":"2025-05-08T12:04:40.016Z","userId":681,"action":"view","resourceType":"HealthData","resourceId":"latest","details":"MongoDB view on HealthData","userIp":"","userAgent":""}
{"timestamp":"2025-05-08T12:04:40.021Z","userId":681,"action":"view","resourceType":"HealthData","resourceId":"latest","details":"MongoDB view on HealthData","userIp":"","userAgent":""}
{"timestamp":"2025-05-08T12:04:40.025Z","userId":681,"action":"view","resourceType":"HealthData","resourceId":"latest","details":"MongoDB view on HealthData","userIp":"","userAgent":""}
{"timestamp":"2025-05-08T12:04:40.031Z","userId":681,"action":"view","resourceType":"HealthData","resourceId":"latest","details":"MongoDB view on HealthData","userIp":"","userAgent":""}
{"timestamp":"2025-05-08T12:04:40.037Z","userId":681,"action":"view","resourceType":"HealthData","resourceId":"latest","details":"MongoDB view on HealthData","userIp":"","userAgent":""}
{"timestamp":"2025-05-08T12:04:40.042Z","userId":681,"action":"view","resourceType":"HealthData","resourceId":"latest","details":"MongoDB view on HealthData","userIp":"","userAgent":""}
{"timestamp":"2025-05-08T12:04:40.047Z","userId":681,"action":"view","resourceType":"HealthData","resourceId":"latest","details":"MongoDB view on HealthData","userIp":"","userAgent":""}
{"timestamp":"2025-05-08T12:04:40.053Z","userId":681,"action":"view","resourceType":"HealthData","resourceId":"latest","details":"MongoDB view on HealthData","userIp":"","userAgent":""}
{"timestamp":"2025-05-08T12:04:40.058Z","userId":681,"action":"view","resourceType":"HealthData","resourceId":"latest","details":"MongoDB view on HealthData","userIp":"","userAgent":""}
{"timestamp":"2025-05-08T12:04:40.064Z","userId":681,"action":"view","resourceType":"HealthData","resourceId":"latest","details":"MongoDB view on HealthData","userIp":"","userAgent":""}
{"timestamp":"2025-05-08T12:04:40.069Z","userId":681,"action":"view","resourceType":"HealthData","resourceId":"latest","details":"MongoDB view on HealthData","userIp":"","userAgent":""}
{"timestamp":"2025-05-08T12:04:40.074Z","userId":681,"action":"view","resourceType":"HealthData","resourceId":"latest","details":"MongoDB view on HealthData","userIp":"","userAgent":""}
{"timestamp":"2025-05-08T12:04:40.079Z","userId":681,"action":"view","resourceType":"HealthData","resourceId":"latest","details":"MongoDB view on HealthData","userIp":"","userAgent":""}
{"timestamp":"2025-05-08T12:04:40.085Z","userId":681,"action":"view","resourceType":"HealthData","resourceId":"latest","details":"MongoDB view on HealthData","userIp":"","userAgent":""}
{"timestamp":"2025-05-08T12:04:40.090Z","userId":681,"action":"view","resourceType":"HealthData","resourceId":"latest","details":"MongoDB view on HealthData","userIp":"","userAgent":""}
{"timestamp":"2025-05-08T12:04:40.096Z","userId":681,"action":"view","resourceType":"HealthData","resourceId":"latest","details":"MongoDB view on HealthData","userIp":"","userAgent":""}
{"timestamp":"2025-05-08T12:04:40.101Z","userId":681,"action":"view","resourceType":"HealthData","resourceId":"latest","details":"MongoDB view on HealthData","userIp":"","userAgent":""}
{"timestamp":"2025-05-08T12:04:40.106Z","userId":681,"action":"view","resourceType":"HealthData","resourceId":"latest","details":"MongoDB view on HealthData","userIp":"","userAgent":""}
{"timestamp":"2025-05-08T12:04:40.111Z","userId":681,"action":"view","resourceType":"HealthData","resourceId":"latest","details":"MongoDB view on HealthData","userIp":"","userAgent":""}
{"timestamp":"2025-05-08T12:04:40.115Z","userId":681,"action":"view","resourceType":"HealthData","resourceId":"latest","details":"MongoDB view on HealthData","userIp":"","userAgent":""}
{"timestamp":"2025-05-08T12:04:40.122Z","userId":681,"action":"view","resourceType":"HealthData","resourceId":"latest","details":"MongoDB view on HealthData","userIp":"","userAgent":""}
{"timestamp":"2025-05-08T12:04:40.127Z","userId":681,"action":"view","resourceType":"HealthData","resourceId":"latest","details":"MongoDB view on HealthData","userIp":"","userAgent":""}
{"timestamp":"2025-05-08T12:04:40.132Z","userId":681,"action":"view","resourceType":"HealthData","resourceId":"latest","details":"MongoDB view on HealthData","userIp":"","userAgent":""}
{"timestamp":"2025-05-08T12:04:40.137Z","userId":681,"action":"view","resourceType":"HealthData","resourceId":"latest","details":"MongoDB view on HealthData","userIp":"","userAgent":""}
{"timestamp":"2025-05-08T12:04:40.143Z","userId":681,"action":"view","resourceType":"HealthData","resourceId":"latest","details":"MongoDB view on HealthData","userIp":"","userAgent":""}
{"timestamp":"2025-05-08T12:04:40.148Z","userId":681,"action":"view","resourceType":"HealthData","resourceId":"latest","details":"MongoDB view on HealthData","userIp":"","userAgent":""}
{"timestamp":"2025-05-08T12:04:40.153Z","userId":681,"action":"view","resourceType":"HealthData","resourceId":"latest","details":"MongoDB view on HealthData","userIp":"","userAgent":""}
{"timestamp":"2025-05-08T12:04:40.159Z","userId":681,"action":"view","resourceType":"HealthData","resourceId":"latest","details":"MongoDB view on HealthData","userIp":"","userAgent":""}
{"timestamp":"2025-05-08T12:04:40.165Z","userId":681,"action":"view","resourceType":"HealthData","resourceId":"latest","details":"MongoDB view on HealthData","userIp":"","userAgent":""}
{"timestamp":"2025-05-08T12:04:40.170Z","userId":681,"action":"view","resourceType":"HealthData","resourceId":"latest","details":"MongoDB view on HealthData","userIp":"","userAgent":""}
{"timestamp":"2025-05-08T12:04:40.176Z","userId":681,"action":"view","resourceType":"HealthData","resourceId":"latest","details":"MongoDB view on HealthData","userIp":"","userAgent":""}
{"timestamp":"2025-05-08T12:04:40.179Z","userId":681,"action":"view","resourceType":"HealthData","resourceId":"latest","details":"MongoDB view on HealthData","userIp":"","userAgent":""}
{"timestamp":"2025-05-08T12:04:40.184Z","userId":681,"action":"view","resourceType":"HealthData","resourceId":"latest","details":"MongoDB view on HealthData","userIp":"","userAgent":""}
{"timestamp":"2025-05-08T12:04:40.189Z","userId":681,"action":"view","resourceType":"HealthData","resourceId":"latest","details":"MongoDB view on HealthData","userIp":"","userAgent":""}
{"timestamp":"2025-05-08T12:04:40.195Z","userId":681,"action":"view","resourceType":"HealthData","resourceId":"latest","details":"MongoDB view on HealthData","userIp":"","userAgent":""}
{"timestamp":"2025-05-08T12:04:40.200Z","userId":681,"action":"view","resourceType":"HealthData","resourceId":"latest","details":"MongoDB view on HealthData","userIp":"","userAgent":""}
{"timestamp":"2025-05-08T12:04:40.207Z","userId":681,"action":"view","resourceType":"HealthData","resourceId":"latest","details":"MongoDB view on HealthData","userIp":"","userAgent":""}
{"timestamp":"2025-05-08T12:04:40.213Z","userId":681,"action":"view","resourceType":"HealthData","resourceId":"latest","details":"MongoDB view on HealthData","userIp":"","userAgent":""}
{"timestamp":"2025-05-08T12:04:40.219Z","userId":681,"action":"view","resourceType":"HealthData","resourceId":"latest","details":"MongoDB view on HealthData","userIp":"","userAgent":""}
{"timestamp":"2025-05-08T12:04:40.224Z","userId":681,"action":"view","resourceType":"HealthData","resourceId":"latest","details":"MongoDB view on HealthData","userIp":"","userAgent":""}
{"timestamp":"2025-05-08T12:04:40.229Z","userId":681,"action":"view","resourceType":"HealthData","resourceId":"latest","details":"MongoDB view on HealthData","userIp":"","userAgent":""}
{"timestamp":"2025-05-08T12:04:40.235Z","userId":681,"action":"view","resourceType":"HealthData","resourceId":"latest","details":"MongoDB view on HealthData","userIp":"","userAgent":""}
{"timestamp":"2025-05-08T12:04:40.240Z","userId":681,"action":"view","resourceType":"HealthData","resourceId":"latest","details":"MongoDB view on HealthData","userIp":"","userAgent":""}
{"timestamp":"2025-05-08T12:04:40.246Z","userId":681,"action":"view","resourceType":"HealthData","resourceId":"latest","details":"MongoDB view on HealthData","userIp":"","userAgent":""}
{"timestamp":"2025-05-08T12:04:40.251Z","userId":681,"action":"view","resourceType":"HealthData","resourceId":"latest","details":"MongoDB view on HealthData","userIp":"","userAgent":""}
{"timestamp":"2025-05-08T12:04:40.256Z","userId":681,"action":"view","resourceType":"HealthData","resourceId":"latest","details":"MongoDB view on HealthData","userIp":"","userAgent":""}
{"timestamp":"2025-05-08T12:04:40.262Z","userId":681,"action":"view","resourceType":"HealthData","resourceId":"latest","details":"MongoDB view on HealthData","userIp":"","userAgent":""}
{"timestamp":"2025-05-08T12:04:40.267Z","userId":681,"action":"view","resourceType":"HealthData","resourceId":"latest","details":"MongoDB view on HealthData","userIp":"","userAgent":""}
{"timestamp":"2025-05-08T12:04:40.272Z","userId":681,"action":"view","resourceType":"HealthData","resourceId":"latest","details":"MongoDB view on HealthData","userIp":"","userAgent":""}
{"timestamp":"2025-05-08T12:04:40.277Z","userId":681,"action":"view","resourceType":"HealthData","resourceId":"latest","details":"MongoDB view on HealthData","userIp":"","userAgent":""}
{"timestamp":"2025-05-08T12:04:40.280Z","userId":681,"action":"view","resourceType":"HealthData","resourceId":"latest","details":"MongoDB view on HealthData","userIp":"","userAgent":""}
{"timestamp":"2025-05-08T12:04:40.283Z","userId":681,"action":"view","resourceType":"HealthData","resourceId":"latest","details":"MongoDB view on HealthData","userIp":"","userAgent":""}
{"timestamp":"2025-05-08T12:04:40.285Z","userId":681,"action":"view","resourceType":"HealthData","resourceId":"latest","details":"MongoDB view on HealthData","userIp":"","userAgent":""}
{"timestamp":"2025-05-08T12:04:40.289Z","userId":681,"action":"view","resourceType":"HealthData","resourceId":"latest","details":"MongoDB view on HealthData","userIp":"","userAgent":""}
{"timestamp":"2025-05-08T12:04:40.294Z","userId":681,"action":"view","resourceType":"HealthData","resourceId":"latest","details":"MongoDB view on HealthData","userIp":"","userAgent":""}
{"timestamp":"2025-05-08T12:04:40.299Z","userId":681,"action":"view","resourceType":"HealthData","resourceId":"latest","details":"MongoDB view on HealthData","userIp":"","userAgent":""}
{"timestamp":"2025-05-08T12:04:40.303Z","userId":681,"action":"view","resourceType":"HealthData","resourceId":"latest","details":"MongoDB view on HealthData","userIp":"","userAgent":""}
{"timestamp":"2025-05-08T12:04:40.309Z","userId":681,"action":"view","resourceType":"HealthData","resourceId":"latest","details":"MongoDB view on HealthData","userIp":"","userAgent":""}
{"timestamp":"2025-05-08T12:04:40.315Z","userId":681,"action":"view","resourceType":"HealthData","resourceId":"latest","details":"MongoDB view on HealthData","userIp":"","userAgent":""}
{"timestamp":"2025-05-08T12:04:40.320Z","userId":681,"action":"view","resourceType":"HealthData","resourceId":"latest","details":"MongoDB view on HealthData","userIp":"","userAgent":""}
{"timestamp":"2025-05-08T12:04:40.327Z","userId":681,"action":"view","resourceType":"HealthData","resourceId":"latest","details":"MongoDB view on HealthData","userIp":"","userAgent":""}
{"timestamp":"2025-05-08T12:04:40.330Z","userId":681,"action":"view","resourceType":"HealthData","resourceId":"latest","details":"MongoDB view on HealthData","userIp":"","userAgent":""}
{"timestamp":"2025-05-08T12:04:40.334Z","userId":681,"action":"view","resourceType":"HealthData","resourceId":"latest","details":"MongoDB view on HealthData","userIp":"","userAgent":""}
{"timestamp":"2025-05-08T12:04:40.337Z","userId":681,"action":"view","resourceType":"HealthData","resourceId":"latest","details":"MongoDB view on HealthData","userIp":"","userAgent":""}
{"timestamp":"2025-05-08T12:04:40.340Z","userId":681,"action":"view","resourceType":"HealthData","resourceId":"latest","details":"MongoDB view on HealthData","userIp":"","userAgent":""}
{"timestamp":"2025-05-08T12:04:40.345Z","userId":681,"action":"view","resourceType":"HealthData","resourceId":"latest","details":"MongoDB view on HealthData","userIp":"","userAgent":""}
{"timestamp":"2025-05-08T12:04:40.351Z","userId":681,"action":"view","resourceType":"HealthData","resourceId":"latest","details":"MongoDB view on HealthData","userIp":"","userAgent":""}
{"timestamp":"2025-05-08T12:04:40.357Z","userId":681,"action":"view","resourceType":"HealthData","resourceId":"latest","details":"MongoDB view on HealthData","userIp":"","userAgent":""}
{"timestamp":"2025-05-08T12:04:40.362Z","userId":681,"action":"view","resourceType":"HealthData","resourceId":"latest","details":"MongoDB view on HealthData","userIp":"","userAgent":""}
{"timestamp":"2025-05-08T12:04:40.367Z","userId":681,"action":"view","resourceType":"HealthData","resourceId":"latest","details":"MongoDB view on HealthData","userIp":"","userAgent":""}
{"timestamp":"2025-05-08T12:04:40.372Z","userId":681,"action":"view","resourceType":"HealthData","resourceId":"latest","details":"MongoDB view on HealthData","userIp":"","userAgent":""}
{"timestamp":"2025-05-08T12:04:40.379Z","userId":681,"action":"view","resourceType":"HealthData","resourceId":"latest","details":"MongoDB view on HealthData","userIp":"","userAgent":""}
{"timestamp":"2025-05-08T12:04:40.385Z","userId":681,"action":"view","resourceType":"HealthData","resourceId":"latest","details":"MongoDB view on HealthData","userIp":"","userAgent":""}
{"timestamp":"2025-05-08T12:04:40.391Z","userId":681,"action":"view","resourceType":"HealthData","resourceId":"latest","details":"MongoDB view on HealthData","userIp":"","userAgent":""}
{"timestamp":"2025-05-08T12:04:40.396Z","userId":681,"action":"view","resourceType":"HealthData","resourceId":"latest","details":"MongoDB view on HealthData","userIp":"","userAgent":""}
{"timestamp":"2025-05-08T12:04:40.402Z","userId":681,"action":"view","resourceType":"HealthData","resourceId":"latest","details":"MongoDB view on HealthData","userIp":"","userAgent":""}
{"timestamp":"2025-05-08T12:04:40.408Z","userId":681,"action":"view","resourceType":"HealthData","resourceId":"latest","details":"MongoDB view on HealthData","userIp":"","userAgent":""}
{"timestamp":"2025-05-08T12:04:40.413Z","userId":681,"action":"view","resourceType":"HealthData","resourceId":"latest","details":"MongoDB view on HealthData","userIp":"","userAgent":""}
{"timestamp":"2025-05-08T12:04:40.419Z","userId":681,"action":"view","resourceType":"HealthData","resourceId":"latest","details":"MongoDB view on HealthData","userIp":"","userAgent":""}
{"timestamp":"2025-05-08T12:04:40.424Z","userId":681,"action":"view","resourceType":"HealthData","resourceId":"latest","details":"MongoDB view on HealthData","userIp":"","userAgent":""}
{"timestamp":"2025-05-08T12:04:40.429Z","userId":681,"action":"view","resourceType":"HealthData","resourceId":"latest","details":"MongoDB view on HealthData","userIp":"","userAgent":""}
{"timestamp":"2025-05-08T12:04:40.435Z","userId":681,"action":"view","resourceType":"HealthData","resourceId":"latest","details":"MongoDB view on HealthData","userIp":"","userAgent":""}
{"timestamp":"2025-05-08T12:04:40.441Z","userId":681,"action":"view","resourceType":"HealthData","resourceId":"latest","details":"MongoDB view on HealthData","userIp":"","userAgent":""}
{"timestamp":"2025-05-08T12:04:40.447Z","userId":681,"action":"view","resourceType":"HealthData","resourceId":"latest","details":"MongoDB view on HealthData","userIp":"","userAgent":""}
{"timestamp":"2025-05-08T12:04:40.452Z","userId":681,"action":"view","resourceType":"HealthData","resourceId":"latest","details":"MongoDB view on HealthData","userIp":"","userAgent":""}
{"timestamp":"2025-05-08T12:04:40.458Z","userId":681,"action":"view","resourceType":"HealthData","resourceId":"latest","details":"MongoDB view on HealthData","userIp":"","userAgent":""}
{"timestamp":"2025-05-08T12:04:40.464Z","userId":681,"action":"view","resourceType":"HealthData","resourceId":"latest","details":"MongoDB view on HealthData","userIp":"","userAgent":""}
{"timestamp":"2025-05-08T12:04:40.469Z","userId":681,"action":"view","resourceType":"HealthData","resourceId":"latest","details":"MongoDB view on HealthData","userIp":"","userAgent":""}
{"timestamp":"2025-05-08T12:04:40.475Z","userId":681,"action":"view","resourceType":"HealthData","resourceId":"latest","details":"MongoDB view on HealthData","userIp":"","userAgent":""}
{"timestamp":"2025-05-08T12:04:40.480Z","userId":681,"action":"view","resourceType":"HealthData","resourceId":"latest","details":"MongoDB view on HealthData","userIp":"","userAgent":""}
{"timestamp":"2025-05-08T12:04:40.487Z","userId":681,"action":"view","resourceType":"HealthData","resourceId":"latest","details":"MongoDB view on HealthData","userIp":"","userAgent":""}
{"timestamp":"2025-05-08T12:04:40.493Z","userId":681,"action":"view","resourceType":"HealthData","resourceId":"latest","details":"MongoDB view on HealthData","userIp":"","userAgent":""}
{"timestamp":"2025-05-08T12:04:40.498Z","userId":681,"action":"view","resourceType":"HealthData","resourceId":"latest","details":"MongoDB view on HealthData","userIp":"","userAgent":""}
{"timestamp":"2025-05-08T12:04:40.504Z","userId":681,"action":"view","resourceType":"HealthData","resourceId":"latest","details":"MongoDB view on HealthData","userIp":"","userAgent":""}
{"timestamp":"2025-05-08T12:04:40.509Z","userId":681,"action":"view","resourceType":"HealthData","resourceId":"latest","details":"MongoDB view on HealthData","userIp":"","userAgent":""}
{"timestamp":"2025-05-08T12:04:40.515Z","userId":681,"action":"view","resourceType":"HealthData","resourceId":"latest","details":"MongoDB view on HealthData","userIp":"","userAgent":""}
{"timestamp":"2025-05-08T12:04:40.521Z","userId":681,"action":"view","resourceType":"HealthData","resourceId":"latest","details":"MongoDB view on HealthData","userIp":"","userAgent":""}
{"timestamp":"2025-05-08T12:04:40.526Z","userId":681,"action":"view","resourceType":"HealthData","resourceId":"latest","details":"MongoDB view on HealthData","userIp":"","userAgent":""}
{"timestamp":"2025-05-08T12:04:40.531Z","userId":681,"action":"view","resourceType":"HealthData","resourceId":"latest","details":"MongoDB view on HealthData","userIp":"","userAgent":""}
{"timestamp":"2025-05-08T12:04:40.537Z","userId":681,"action":"view","resourceType":"HealthData","resourceId":"latest","details":"MongoDB view on HealthData","userIp":"","userAgent":""}
{"timestamp":"2025-05-08T12:04:40.543Z","userId":681,"action":"view","resourceType":"HealthData","resourceId":"latest","details":"MongoDB view on HealthData","userIp":"","userAgent":""}
{"timestamp":"2025-05-08T12:04:40.548Z","userId":681,"action":"view","resourceType":"HealthData","resourceId":"latest","details":"MongoDB view on HealthData","userIp":"","userAgent":""}
{"timestamp":"2025-05-08T12:04:40.554Z","userId":681,"action":"view","resourceType":"HealthData","resourceId":"latest","details":"MongoDB view on HealthData","userIp":"","userAgent":""}
{"timestamp":"2025-05-08T12:04:40.561Z","userId":681,"action":"view","resourceType":"HealthData","resourceId":"latest","details":"MongoDB view on HealthData","userIp":"","userAgent":""}
{"timestamp":"2025-05-08T12:04:40.566Z","userId":681,"action":"view","resourceType":"HealthData","resourceId":"latest","details":"MongoDB view on HealthData","userIp":"","userAgent":""}
{"timestamp":"2025-05-08T12:04:40.572Z","userId":681,"action":"view","resourceType":"HealthData","resourceId":"latest","details":"MongoDB view on HealthData","userIp":"","userAgent":""}
{"timestamp":"2025-05-08T12:04:40.578Z","userId":681,"action":"view","resourceType":"HealthData","resourceId":"latest","details":"MongoDB view on HealthData","userIp":"","userAgent":""}
{"timestamp":"2025-05-08T12:04:40.584Z","userId":681,"action":"view","resourceType":"HealthData","resourceId":"latest","details":"MongoDB view on HealthData","userIp":"","userAgent":""}
{"timestamp":"2025-05-08T12:04:40.590Z","userId":681,"action":"view","resourceType":"HealthData","resourceId":"latest","details":"MongoDB view on HealthData","userIp":"","userAgent":""}
{"timestamp":"2025-05-08T12:04:40.597Z","userId":681,"action":"view","resourceType":"HealthData","resourceId":"latest","details":"MongoDB view on HealthData","userIp":"","userAgent":""}
{"timestamp":"2025-05-08T12:04:40.604Z","userId":681,"action":"view","resourceType":"HealthData","resourceId":"latest","details":"MongoDB view on HealthData","userIp":"","userAgent":""}
{"timestamp":"2025-05-08T12:04:40.610Z","userId":681,"action":"view","resourceType":"HealthData","resourceId":"latest","details":"MongoDB view on HealthData","userIp":"","userAgent":""}
{"timestamp":"2025-05-08T12:04:40.618Z","userId":681,"action":"view","resourceType":"HealthData","resourceId":"latest","details":"MongoDB view on HealthData","userIp":"","userAgent":""}
{"timestamp":"2025-05-08T12:04:40.624Z","userId":681,"action":"view","resourceType":"HealthData","resourceId":"latest","details":"MongoDB view on HealthData","userIp":"","userAgent":""}
{"timestamp":"2025-05-08T12:04:40.629Z","userId":681,"action":"view","resourceType":"HealthData","resourceId":"latest","details":"MongoDB view on HealthData","userIp":"","userAgent":""}
{"timestamp":"2025-05-08T12:04:40.636Z","userId":681,"action":"view","resourceType":"HealthData","resourceId":"latest","details":"MongoDB view on HealthData","userIp":"","userAgent":""}
{"timestamp":"2025-05-08T12:04:40.643Z","userId":681,"action":"view","resourceType":"HealthData","resourceId":"latest","details":"MongoDB view on HealthData","userIp":"","userAgent":""}
{"timestamp":"2025-05-08T12:04:40.649Z","userId":681,"action":"view","resourceType":"HealthData","resourceId":"latest","details":"MongoDB view on HealthData","userIp":"","userAgent":""}
{"timestamp":"2025-05-08T12:04:40.656Z","userId":681,"action":"view","resourceType":"HealthData","resourceId":"latest","details":"MongoDB view on HealthData","userIp":"","userAgent":""}
{"timestamp":"2025-05-08T12:04:40.662Z","userId":681,"action":"view","resourceType":"HealthData","resourceId":"latest","details":"MongoDB view on HealthData","userIp":"","userAgent":""}
{"timestamp":"2025-05-08T12:04:40.668Z","userId":681,"action":"view","resourceType":"HealthData","resourceId":"latest","details":"MongoDB view on HealthData","userIp":"","userAgent":""}
{"timestamp":"2025-05-08T12:04:40.674Z","userId":681,"action":"view","resourceType":"HealthData","resourceId":"latest","details":"MongoDB view on HealthData","userIp":"","userAgent":""}
{"timestamp":"2025-05-08T12:04:40.680Z","userId":681,"action":"view","resourceType":"HealthData","resourceId":"latest","details":"MongoDB view on HealthData","userIp":"","userAgent":""}
{"timestamp":"2025-05-08T12:04:40.686Z","userId":681,"action":"view","resourceType":"HealthData","resourceId":"latest","details":"MongoDB view on HealthData","userIp":"","userAgent":""}
{"timestamp":"2025-05-08T12:04:40.692Z","userId":681,"action":"view","resourceType":"HealthData","resourceId":"latest","details":"MongoDB view on HealthData","userIp":"","userAgent":""}
{"timestamp":"2025-05-08T12:04:40.697Z","userId":681,"action":"view","resourceType":"HealthData","resourceId":"latest","details":"MongoDB view on HealthData","userIp":"","userAgent":""}
{"timestamp":"2025-05-08T12:04:40.703Z","userId":681,"action":"view","resourceType":"HealthData","resourceId":"latest","details":"MongoDB view on HealthData","userIp":"","userAgent":""}
{"timestamp":"2025-05-08T12:04:40.708Z","userId":681,"action":"view","resourceType":"HealthData","resourceId":"latest","details":"MongoDB view on HealthData","userIp":"","userAgent":""}
{"timestamp":"2025-05-08T12:04:40.713Z","userId":681,"action":"view","resourceType":"HealthData","resourceId":"latest","details":"MongoDB view on HealthData","userIp":"","userAgent":""}
{"timestamp":"2025-05-08T12:04:40.719Z","userId":681,"action":"view","resourceType":"HealthData","resourceId":"latest","details":"MongoDB view on HealthData","userIp":"","userAgent":""}
{"timestamp":"2025-05-08T12:04:40.725Z","userId":681,"action":"view","resourceType":"HealthData","resourceId":"latest","details":"MongoDB view on HealthData","userIp":"","userAgent":""}
{"timestamp":"2025-05-08T12:04:40.732Z","userId":681,"action":"view","resourceType":"HealthData","resourceId":"latest","details":"MongoDB view on HealthData","userIp":"","userAgent":""}
{"timestamp":"2025-05-08T12:04:40.738Z","userId":681,"action":"view","resourceType":"HealthData","resourceId":"latest","details":"MongoDB view on HealthData","userIp":"","userAgent":""}
{"timestamp":"2025-05-08T12:04:40.744Z","userId":681,"action":"view","resourceType":"HealthData","resourceId":"latest","details":"MongoDB view on HealthData","userIp":"","userAgent":""}
{"timestamp":"2025-05-08T12:04:40.751Z","userId":681,"action":"view","resourceType":"HealthData","resourceId":"latest","details":"MongoDB view on HealthData","userIp":"","userAgent":""}
{"timestamp":"2025-05-08T12:04:40.756Z","userId":681,"action":"view","resourceType":"HealthData","resourceId":"latest","details":"MongoDB view on HealthData","userIp":"","userAgent":""}
{"timestamp":"2025-05-08T12:04:40.760Z","userId":681,"action":"view","resourceType":"HealthData","resourceId":"latest","details":"MongoDB view on HealthData","userIp":"","userAgent":""}
{"timestamp":"2025-05-08T12:04:40.766Z","userId":681,"action":"view","resourceType":"HealthData","resourceId":"latest","details":"MongoDB view on HealthData","userIp":"","userAgent":""}
{"timestamp":"2025-05-08T12:04:40.772Z","userId":681,"action":"view","resourceType":"HealthData","resourceId":"latest","details":"MongoDB view on HealthData","userIp":"","userAgent":""}
{"timestamp":"2025-05-08T12:04:40.778Z","userId":681,"action":"view","resourceType":"HealthData","resourceId":"latest","details":"MongoDB view on HealthData","userIp":"","userAgent":""}
{"timestamp":"2025-05-08T12:04:40.784Z","userId":681,"action":"view","resourceType":"HealthData","resourceId":"latest","details":"MongoDB view on HealthData","userIp":"","userAgent":""}
{"timestamp":"2025-05-08T12:04:40.792Z","userId":681,"action":"view","resourceType":"HealthData","resourceId":"latest","details":"MongoDB view on HealthData","userIp":"","userAgent":""}
{"timestamp":"2025-05-08T12:04:40.799Z","userId":681,"action":"view","resourceType":"HealthData","resourceId":"latest","details":"MongoDB view on HealthData","userIp":"","userAgent":""}
{"timestamp":"2025-05-08T12:04:40.806Z","userId":681,"action":"view","resourceType":"HealthData","resourceId":"latest","details":"MongoDB view on HealthData","userIp":"","userAgent":""}
{"timestamp":"2025-05-08T12:04:40.812Z","userId":681,"action":"view","resourceType":"HealthData","resourceId":"latest","details":"MongoDB view on HealthData","userIp":"","userAgent":""}
{"timestamp":"2025-05-08T12:04:40.819Z","userId":681,"action":"view","resourceType":"HealthData","resourceId":"latest","details":"MongoDB view on HealthData","userIp":"","userAgent":""}
{"timestamp":"2025-05-08T12:04:40.825Z","userId":681,"action":"view","resourceType":"HealthData","resourceId":"latest","details":"MongoDB view on HealthData","userIp":"","userAgent":""}
{"timestamp":"2025-05-08T12:04:40.832Z","userId":681,"action":"view","resourceType":"HealthData","resourceId":"latest","details":"MongoDB view on HealthData","userIp":"","userAgent":""}
{"timestamp":"2025-05-08T12:04:40.838Z","userId":681,"action":"view","resourceType":"HealthData","resourceId":"latest","details":"MongoDB view on HealthData","userIp":"","userAgent":""}
{"timestamp":"2025-05-08T12:04:40.844Z","userId":681,"action":"view","resourceType":"HealthData","resourceId":"latest","details":"MongoDB view on HealthData","userIp":"","userAgent":""}
{"timestamp":"2025-05-08T12:04:40.850Z","userId":681,"action":"view","resourceType":"HealthData","resourceId":"latest","details":"MongoDB view on HealthData","userIp":"","userAgent":""}
{"timestamp":"2025-05-08T12:04:40.855Z","userId":681,"action":"view","resourceType":"HealthData","resourceId":"latest","details":"MongoDB view on HealthData","userIp":"","userAgent":""}
{"timestamp":"2025-05-08T12:04:40.861Z","userId":681,"action":"view","resourceType":"HealthData","resourceId":"latest","details":"MongoDB view on HealthData","userIp":"","userAgent":""}
{"timestamp":"2025-05-08T12:04:40.868Z","userId":681,"action":"view","resourceType":"HealthData","resourceId":"latest","details":"MongoDB view on HealthData","userIp":"","userAgent":""}
{"timestamp":"2025-05-08T12:04:40.874Z","userId":681,"action":"view","resourceType":"HealthData","resourceId":"latest","details":"MongoDB view on HealthData","userIp":"","userAgent":""}
{"timestamp":"2025-05-08T12:04:40.880Z","userId":681,"action":"view","resourceType":"HealthData","resourceId":"latest","details":"MongoDB view on HealthData","userIp":"","userAgent":""}
{"timestamp":"2025-05-08T12:04:40.886Z","userId":681,"action":"view","resourceType":"HealthData","resourceId":"latest","details":"MongoDB view on HealthData","userIp":"","userAgent":""}
{"timestamp":"2025-05-08T12:04:40.893Z","userId":681,"action":"view","resourceType":"HealthData","resourceId":"latest","details":"MongoDB view on HealthData","userIp":"","userAgent":""}
{"timestamp":"2025-05-08T12:04:40.900Z","userId":681,"action":"view","resourceType":"HealthData","resourceId":"latest","details":"MongoDB view on HealthData","userIp":"","userAgent":""}
{"timestamp":"2025-05-08T12:04:40.907Z","userId":681,"action":"view","resourceType":"HealthData","resourceId":"latest","details":"MongoDB view on HealthData","userIp":"","userAgent":""}
{"timestamp":"2025-05-08T12:04:40.914Z","userId":681,"action":"view","resourceType":"HealthData","resourceId":"latest","details":"MongoDB view on HealthData","userIp":"","userAgent":""}
{"timestamp":"2025-05-08T12:04:40.921Z","userId":681,"action":"view","resourceType":"HealthData","resourceId":"latest","details":"MongoDB view on HealthData","userIp":"","userAgent":""}
{"timestamp":"2025-05-08T12:04:40.926Z","userId":681,"action":"view","resourceType":"HealthData","resourceId":"latest","details":"MongoDB view on HealthData","userIp":"","userAgent":""}
{"timestamp":"2025-05-08T12:04:40.931Z","userId":681,"action":"view","resourceType":"HealthData","resourceId":"latest","details":"MongoDB view on HealthData","userIp":"","userAgent":""}
{"timestamp":"2025-05-08T12:04:40.937Z","userId":681,"action":"view","resourceType":"HealthData","resourceId":"latest","details":"MongoDB view on HealthData","userIp":"","userAgent":""}
{"timestamp":"2025-05-08T12:04:40.942Z","userId":681,"action":"view","resourceType":"HealthData","resourceId":"latest","details":"MongoDB view on HealthData","userIp":"","userAgent":""}
{"timestamp":"2025-05-08T12:04:40.947Z","userId":681,"action":"view","resourceType":"HealthData","resourceId":"latest","details":"MongoDB view on HealthData","userIp":"","userAgent":""}
{"timestamp":"2025-05-08T12:04:40.953Z","userId":681,"action":"view","resourceType":"HealthData","resourceId":"latest","details":"MongoDB view on HealthData","userIp":"","userAgent":""}
{"timestamp":"2025-05-08T12:04:40.958Z","userId":681,"action":"view","resourceType":"HealthData","resourceId":"latest","details":"MongoDB view on HealthData","userIp":"","userAgent":""}
{"timestamp":"2025-05-08T12:04:40.963Z","userId":681,"action":"view","resourceType":"HealthData","resourceId":"latest","details":"MongoDB view on HealthData","userIp":"","userAgent":""}
{"timestamp":"2025-05-08T12:04:40.969Z","userId":681,"action":"view","resourceType":"HealthData","resourceId":"latest","details":"MongoDB view on HealthData","userIp":"","userAgent":""}
{"timestamp":"2025-05-08T12:04:40.974Z","userId":681,"action":"view","resourceType":"HealthData","resourceId":"latest","details":"MongoDB view on HealthData","userIp":"","userAgent":""}
{"timestamp":"2025-05-08T12:04:40.978Z","userId":681,"action":"view","resourceType":"HealthData","resourceId":"latest","details":"MongoDB view on HealthData","userIp":"","userAgent":""}
{"timestamp":"2025-05-08T12:04:40.983Z","userId":681,"action":"view","resourceType":"HealthData","resourceId":"latest","details":"MongoDB view on HealthData","userIp":"","userAgent":""}
{"timestamp":"2025-05-08T12:04:40.988Z","userId":681,"action":"view","resourceType":"HealthData","resourceId":"latest","details":"MongoDB view on HealthData","userIp":"","userAgent":""}
{"timestamp":"2025-05-08T12:04:40.993Z","userId":681,"action":"view","resourceType":"HealthData","resourceId":"latest","details":"MongoDB view on HealthData","userIp":"","userAgent":""}
{"timestamp":"2025-05-08T12:04:40.999Z","userId":681,"action":"view","resourceType":"HealthData","resourceId":"latest","details":"MongoDB view on HealthData","userIp":"","userAgent":""}
{"timestamp":"2025-05-08T12:04:41.005Z","userId":681,"action":"view","resourceType":"HealthData","resourceId":"latest","details":"MongoDB view on HealthData","userIp":"","userAgent":""}
{"timestamp":"2025-05-08T12:04:41.015Z","userId":681,"action":"view","resourceType":"HealthData","resourceId":"latest","details":"MongoDB view on HealthData","userIp":"","userAgent":""}
{"timestamp":"2025-05-08T12:04:41.024Z","userId":681,"action":"view","resourceType":"HealthData","resourceId":"latest","details":"MongoDB view on HealthData","userIp":"","userAgent":""}
{"timestamp":"2025-05-08T12:04:41.028Z","userId":681,"action":"view","resourceType":"HealthData","resourceId":"latest","details":"MongoDB view on HealthData","userIp":"","userAgent":""}
{"timestamp":"2025-05-08T12:04:41.033Z","userId":681,"action":"view","resourceType":"HealthData","resourceId":"latest","details":"MongoDB view on HealthData","userIp":"","userAgent":""}
{"timestamp":"2025-05-08T12:04:41.037Z","userId":681,"action":"view","resourceType":"HealthData","resourceId":"latest","details":"MongoDB view on HealthData","userIp":"","userAgent":""}
{"timestamp":"2025-05-08T12:04:41.043Z","userId":681,"action":"view","resourceType":"HealthData","resourceId":"latest","details":"MongoDB view on HealthData","userIp":"","userAgent":""}
{"timestamp":"2025-05-08T12:04:41.048Z","userId":681,"action":"view","resourceType":"HealthData","resourceId":"latest","details":"MongoDB view on HealthData","userIp":"","userAgent":""}
{"timestamp":"2025-05-08T12:04:41.053Z","userId":681,"action":"view","resourceType":"HealthData","resourceId":"latest","details":"MongoDB view on HealthData","userIp":"","userAgent":""}
{"timestamp":"2025-05-08T12:04:41.058Z","userId":681,"action":"view","resourceType":"HealthData","resourceId":"latest","details":"MongoDB view on HealthData","userIp":"","userAgent":""}
{"timestamp":"2025-05-08T12:04:41.063Z","userId":681,"action":"view","resourceType":"HealthData","resourceId":"latest","details":"MongoDB view on HealthData","userIp":"","userAgent":""}
{"timestamp":"2025-05-08T12:04:41.067Z","userId":681,"action":"view","resourceType":"HealthData","resourceId":"latest","details":"MongoDB view on HealthData","userIp":"","userAgent":""}
{"timestamp":"2025-05-08T12:04:41.072Z","userId":681,"action":"view","resourceType":"HealthData","resourceId":"latest","details":"MongoDB view on HealthData","userIp":"","userAgent":""}
{"timestamp":"2025-05-08T12:04:41.078Z","userId":681,"action":"view","resourceType":"HealthData","resourceId":"latest","details":"MongoDB view on HealthData","userIp":"","userAgent":""}
{"timestamp":"2025-05-08T12:04:41.083Z","userId":681,"action":"view","resourceType":"HealthData","resourceId":"latest","details":"MongoDB view on HealthData","userIp":"","userAgent":""}
{"timestamp":"2025-05-08T12:04:41.089Z","userId":681,"action":"view","resourceType":"HealthData","resourceId":"latest","details":"MongoDB view on HealthData","userIp":"","userAgent":""}
{"timestamp":"2025-05-08T12:04:41.094Z","userId":681,"action":"view","resourceType":"HealthData","resourceId":"latest","details":"MongoDB view on HealthData","userIp":"","userAgent":""}
{"timestamp":"2025-05-08T12:04:41.099Z","userId":681,"action":"view","resourceType":"HealthData","resourceId":"latest","details":"MongoDB view on HealthData","userIp":"","userAgent":""}
{"timestamp":"2025-05-08T12:04:41.104Z","userId":681,"action":"view","resourceType":"HealthData","resourceId":"latest","details":"MongoDB view on HealthData","userIp":"","userAgent":""}
{"timestamp":"2025-05-08T12:04:41.108Z","userId":681,"action":"view","resourceType":"HealthData","resourceId":"latest","details":"MongoDB view on HealthData","userIp":"","userAgent":""}
{"timestamp":"2025-05-08T12:04:41.114Z","userId":681,"action":"view","resourceType":"HealthData","resourceId":"latest","details":"MongoDB view on HealthData","userIp":"","userAgent":""}
{"timestamp":"2025-05-08T12:04:41.118Z","userId":681,"action":"view","resourceType":"HealthData","resourceId":"latest","details":"MongoDB view on HealthData","userIp":"","userAgent":""}
{"timestamp":"2025-05-08T12:04:41.124Z","userId":681,"action":"view","resourceType":"HealthData","resourceId":"latest","details":"MongoDB view on HealthData","userIp":"","userAgent":""}
{"timestamp":"2025-05-08T12:04:41.129Z","userId":681,"action":"view","resourceType":"HealthData","resourceId":"latest","details":"MongoDB view on HealthData","userIp":"","userAgent":""}
{"timestamp":"2025-05-08T12:04:41.134Z","userId":681,"action":"view","resourceType":"HealthData","resourceId":"latest","details":"MongoDB view on HealthData","userIp":"","userAgent":""}
{"timestamp":"2025-05-08T12:04:41.139Z","userId":681,"action":"view","resourceType":"HealthData","resourceId":"latest","details":"MongoDB view on HealthData","userIp":"","userAgent":""}
{"timestamp":"2025-05-08T12:04:41.144Z","userId":681,"action":"view","resourceType":"HealthData","resourceId":"latest","details":"MongoDB view on HealthData","userIp":"","userAgent":""}
{"timestamp":"2025-05-08T12:04:41.149Z","userId":681,"action":"view","resourceType":"HealthData","resourceId":"latest","details":"MongoDB view on HealthData","userIp":"","userAgent":""}
{"timestamp":"2025-05-08T12:04:41.155Z","userId":681,"action":"view","resourceType":"HealthData","resourceId":"latest","details":"MongoDB view on HealthData","userIp":"","userAgent":""}
{"timestamp":"2025-05-08T12:04:41.160Z","userId":681,"action":"view","resourceType":"HealthData","resourceId":"latest","details":"MongoDB view on HealthData","userIp":"","userAgent":""}
{"timestamp":"2025-05-08T12:04:41.165Z","userId":681,"action":"view","resourceType":"HealthData","resourceId":"latest","details":"MongoDB view on HealthData","userIp":"","userAgent":""}
{"timestamp":"2025-05-08T12:04:41.170Z","userId":681,"action":"view","resourceType":"HealthData","resourceId":"latest","details":"MongoDB view on HealthData","userIp":"","userAgent":""}
{"timestamp":"2025-05-08T12:04:41.175Z","userId":681,"action":"view","resourceType":"HealthData","resourceId":"latest","details":"MongoDB view on HealthData","userIp":"","userAgent":""}
{"timestamp":"2025-05-08T12:04:41.180Z","userId":681,"action":"view","resourceType":"HealthData","resourceId":"latest","details":"MongoDB view on HealthData","userIp":"","userAgent":""}
{"timestamp":"2025-05-08T12:04:41.186Z","userId":681,"action":"view","resourceType":"HealthData","resourceId":"latest","details":"MongoDB view on HealthData","userIp":"","userAgent":""}
{"timestamp":"2025-05-08T12:04:41.190Z","userId":681,"action":"view","resourceType":"HealthData","resourceId":"latest","details":"MongoDB view on HealthData","userIp":"","userAgent":""}
{"timestamp":"2025-05-08T12:04:41.195Z","userId":681,"action":"view","resourceType":"HealthData","resourceId":"latest","details":"MongoDB view on HealthData","userIp":"","userAgent":""}
{"timestamp":"2025-05-08T12:04:41.201Z","userId":681,"action":"view","resourceType":"HealthData","resourceId":"latest","details":"MongoDB view on HealthData","userIp":"","userAgent":""}
{"timestamp":"2025-05-08T12:04:41.207Z","userId":681,"action":"view","resourceType":"HealthData","resourceId":"latest","details":"MongoDB view on HealthData","userIp":"","userAgent":""}
{"timestamp":"2025-05-08T12:04:41.211Z","userId":681,"action":"view","resourceType":"HealthData","resourceId":"latest","details":"MongoDB view on HealthData","userIp":"","userAgent":""}
{"timestamp":"2025-05-08T12:04:41.217Z","userId":681,"action":"view","resourceType":"HealthData","resourceId":"latest","details":"MongoDB view on HealthData","userIp":"","userAgent":""}
{"timestamp":"2025-05-08T12:04:41.222Z","userId":681,"action":"view","resourceType":"HealthData","resourceId":"latest","details":"MongoDB view on HealthData","userIp":"","userAgent":""}
{"timestamp":"2025-05-08T12:04:41.227Z","userId":681,"action":"view","resourceType":"HealthData","resourceId":"latest","details":"MongoDB view on HealthData","userIp":"","userAgent":""}
{"timestamp":"2025-05-08T12:04:41.232Z","userId":681,"action":"view","resourceType":"HealthData","resourceId":"latest","details":"MongoDB view on HealthData","userIp":"","userAgent":""}
{"timestamp":"2025-05-08T12:04:41.237Z","userId":681,"action":"view","resourceType":"HealthData","resourceId":"latest","details":"MongoDB view on HealthData","userIp":"","userAgent":""}
{"timestamp":"2025-05-08T12:04:41.242Z","userId":681,"action":"view","resourceType":"HealthData","resourceId":"latest","details":"MongoDB view on HealthData","userIp":"","userAgent":""}
{"timestamp":"2025-05-08T12:04:41.247Z","userId":681,"action":"view","resourceType":"HealthData","resourceId":"latest","details":"MongoDB view on HealthData","userIp":"","userAgent":""}
{"timestamp":"2025-05-08T12:04:41.252Z","userId":681,"action":"view","resourceType":"HealthData","resourceId":"latest","details":"MongoDB view on HealthData","userIp":"","userAgent":""}
{"timestamp":"2025-05-08T12:04:41.258Z","userId":681,"action":"view","resourceType":"HealthData","resourceId":"latest","details":"MongoDB view on HealthData","userIp":"","userAgent":""}
{"timestamp":"2025-05-08T12:04:41.263Z","userId":681,"action":"view","resourceType":"HealthData","resourceId":"latest","details":"MongoDB view on HealthData","userIp":"","userAgent":""}
{"timestamp":"2025-05-08T12:04:41.269Z","userId":681,"action":"view","resourceType":"HealthData","resourceId":"latest","details":"MongoDB view on HealthData","userIp":"","userAgent":""}
{"timestamp":"2025-05-08T12:04:41.274Z","userId":681,"action":"view","resourceType":"HealthData","resourceId":"latest","details":"MongoDB view on HealthData","userIp":"","userAgent":""}
{"timestamp":"2025-05-08T12:04:41.279Z","userId":681,"action":"view","resourceType":"HealthData","resourceId":"latest","details":"MongoDB view on HealthData","userIp":"","userAgent":""}
{"timestamp":"2025-05-08T12:04:41.285Z","userId":681,"action":"view","resourceType":"HealthData","resourceId":"latest","details":"MongoDB view on HealthData","userIp":"","userAgent":""}
{"timestamp":"2025-05-08T12:04:41.291Z","userId":681,"action":"view","resourceType":"HealthData","resourceId":"latest","details":"MongoDB view on HealthData","userIp":"","userAgent":""}
{"timestamp":"2025-05-08T12:04:41.297Z","userId":681,"action":"view","resourceType":"HealthData","resourceId":"latest","details":"MongoDB view on HealthData","userIp":"","userAgent":""}
{"timestamp":"2025-05-08T12:04:41.303Z","userId":681,"action":"view","resourceType":"HealthData","resourceId":"latest","details":"MongoDB view on HealthData","userIp":"","userAgent":""}
{"timestamp":"2025-05-08T12:04:41.309Z","userId":681,"action":"view","resourceType":"HealthData","resourceId":"latest","details":"MongoDB view on HealthData","userIp":"","userAgent":""}
{"timestamp":"2025-05-08T12:04:41.314Z","userId":681,"action":"view","resourceType":"HealthData","resourceId":"latest","details":"MongoDB view on HealthData","userIp":"","userAgent":""}
{"timestamp":"2025-05-08T12:04:41.320Z","userId":681,"action":"view","resourceType":"HealthData","resourceId":"latest","details":"MongoDB view on HealthData","userIp":"","userAgent":""}
{"timestamp":"2025-05-08T12:04:41.327Z","userId":681,"action":"view","resourceType":"HealthData","resourceId":"latest","details":"MongoDB view on HealthData","userIp":"","userAgent":""}
{"timestamp":"2025-05-08T12:04:41.333Z","userId":681,"action":"view","resourceType":"HealthData","resourceId":"latest","details":"MongoDB view on HealthData","userIp":"","userAgent":""}
{"timestamp":"2025-05-08T12:04:41.339Z","userId":681,"action":"view","resourceType":"HealthData","resourceId":"latest","details":"MongoDB view on HealthData","userIp":"","userAgent":""}
{"timestamp":"2025-05-08T12:04:41.345Z","userId":681,"action":"view","resourceType":"HealthData","resourceId":"latest","details":"MongoDB view on HealthData","userIp":"","userAgent":""}
{"timestamp":"2025-05-08T12:04:41.350Z","userId":681,"action":"view","resourceType":"HealthData","resourceId":"latest","details":"MongoDB view on HealthData","userIp":"","userAgent":""}
{"timestamp":"2025-05-08T12:04:41.356Z","userId":681,"action":"view","resourceType":"HealthData","resourceId":"latest","details":"MongoDB view on HealthData","userIp":"","userAgent":""}
{"timestamp":"2025-05-08T12:04:41.361Z","userId":681,"action":"view","resourceType":"HealthData","resourceId":"latest","details":"MongoDB view on HealthData","userIp":"","userAgent":""}
{"timestamp":"2025-05-08T12:04:41.366Z","userId":681,"action":"view","resourceType":"HealthData","resourceId":"latest","details":"MongoDB view on HealthData","userIp":"","userAgent":""}
{"timestamp":"2025-05-08T12:04:41.372Z","userId":681,"action":"view","resourceType":"HealthData","resourceId":"latest","details":"MongoDB view on HealthData","userIp":"","userAgent":""}
{"timestamp":"2025-05-08T12:04:41.379Z","userId":681,"action":"view","resourceType":"HealthData","resourceId":"latest","details":"MongoDB view on HealthData","userIp":"","userAgent":""}
{"timestamp":"2025-05-08T12:04:41.385Z","userId":681,"action":"view","resourceType":"HealthData","resourceId":"latest","details":"MongoDB view on HealthData","userIp":"","userAgent":""}
{"timestamp":"2025-05-08T12:04:41.391Z","userId":681,"action":"view","resourceType":"HealthData","resourceId":"latest","details":"MongoDB view on HealthData","userIp":"","userAgent":""}
{"timestamp":"2025-05-08T12:04:41.396Z","userId":681,"action":"view","resourceType":"HealthData","resourceId":"latest","details":"MongoDB view on HealthData","userIp":"","userAgent":""}
{"timestamp":"2025-05-08T12:04:41.402Z","userId":681,"action":"view","resourceType":"HealthData","resourceId":"latest","details":"MongoDB view on HealthData","userIp":"","userAgent":""}
{"timestamp":"2025-05-08T12:04:41.407Z","userId":681,"action":"view","resourceType":"HealthData","resourceId":"latest","details":"MongoDB view on HealthData","userIp":"","userAgent":""}
{"timestamp":"2025-05-08T12:04:41.414Z","userId":681,"action":"view","resourceType":"HealthData","resourceId":"latest","details":"MongoDB view on HealthData","userIp":"","userAgent":""}
{"timestamp":"2025-05-08T12:04:41.420Z","userId":681,"action":"view","resourceType":"HealthData","resourceId":"latest","details":"MongoDB view on HealthData","userIp":"","userAgent":""}
{"timestamp":"2025-05-08T12:04:41.425Z","userId":681,"action":"view","resourceType":"HealthData","resourceId":"latest","details":"MongoDB view on HealthData","userIp":"","userAgent":""}
{"timestamp":"2025-05-08T12:04:41.430Z","userId":681,"action":"view","resourceType":"HealthData","resourceId":"latest","details":"MongoDB view on HealthData","userIp":"","userAgent":""}
{"timestamp":"2025-05-08T12:04:41.436Z","userId":681,"action":"view","resourceType":"HealthData","resourceId":"latest","details":"MongoDB view on HealthData","userIp":"","userAgent":""}
{"timestamp":"2025-05-08T12:04:41.442Z","userId":681,"action":"view","resourceType":"HealthData","resourceId":"latest","details":"MongoDB view on HealthData","userIp":"","userAgent":""}
{"timestamp":"2025-05-08T12:04:41.449Z","userId":681,"action":"view","resourceType":"HealthData","resourceId":"latest","details":"MongoDB view on HealthData","userIp":"","userAgent":""}
{"timestamp":"2025-05-08T12:04:41.455Z","userId":681,"action":"view","resourceType":"HealthData","resourceId":"latest","details":"MongoDB view on HealthData","userIp":"","userAgent":""}
{"timestamp":"2025-05-08T12:04:41.460Z","userId":681,"action":"view","resourceType":"HealthData","resourceId":"latest","details":"MongoDB view on HealthData","userIp":"","userAgent":""}
{"timestamp":"2025-05-08T12:04:41.466Z","userId":681,"action":"view","resourceType":"HealthData","resourceId":"latest","details":"MongoDB view on HealthData","userIp":"","userAgent":""}
{"timestamp":"2025-05-08T12:04:41.472Z","userId":681,"action":"view","resourceType":"HealthData","resourceId":"latest","details":"MongoDB view on HealthData","userIp":"","userAgent":""}
{"timestamp":"2025-05-08T12:04:41.478Z","userId":681,"action":"view","resourceType":"HealthData","resourceId":"latest","details":"MongoDB view on HealthData","userIp":"","userAgent":""}
{"timestamp":"2025-05-08T12:04:41.484Z","userId":681,"action":"view","resourceType":"HealthData","resourceId":"latest","details":"MongoDB view on HealthData","userIp":"","userAgent":""}
{"timestamp":"2025-05-08T12:04:41.490Z","userId":681,"action":"view","resourceType":"HealthData","resourceId":"latest","details":"MongoDB view on HealthData","userIp":"","userAgent":""}
{"timestamp":"2025-05-08T12:04:41.495Z","userId":681,"action":"view","resourceType":"HealthData","resourceId":"latest","details":"MongoDB view on HealthData","userIp":"","userAgent":""}
{"timestamp":"2025-05-08T12:04:41.501Z","userId":681,"action":"view","resourceType":"HealthData","resourceId":"latest","details":"MongoDB view on HealthData","userIp":"","userAgent":""}
{"timestamp":"2025-05-08T12:04:41.508Z","userId":681,"action":"view","resourceType":"HealthData","resourceId":"latest","details":"MongoDB view on HealthData","userIp":"","userAgent":""}
{"timestamp":"2025-05-08T12:04:41.513Z","userId":681,"action":"view","resourceType":"HealthData","resourceId":"latest","details":"MongoDB view on HealthData","userIp":"","userAgent":""}
{"timestamp":"2025-05-08T12:04:41.517Z","userId":681,"action":"view","resourceType":"HealthData","resourceId":"latest","details":"MongoDB view on HealthData","userIp":"","userAgent":""}
{"timestamp":"2025-05-08T12:04:41.522Z","userId":681,"action":"view","resourceType":"HealthData","resourceId":"latest","details":"MongoDB view on HealthData","userIp":"","userAgent":""}
{"timestamp":"2025-05-08T12:04:41.527Z","userId":681,"action":"view","resourceType":"HealthData","resourceId":"latest","details":"MongoDB view on HealthData","userIp":"","userAgent":""}
{"timestamp":"2025-05-08T12:04:41.533Z","userId":681,"action":"view","resourceType":"HealthData","resourceId":"latest","details":"MongoDB view on HealthData","userIp":"","userAgent":""}
{"timestamp":"2025-05-08T12:04:41.539Z","userId":681,"action":"view","resourceType":"HealthData","resourceId":"latest","details":"MongoDB view on HealthData","userIp":"","userAgent":""}
{"timestamp":"2025-05-08T12:04:41.547Z","userId":681,"action":"view","resourceType":"HealthData","resourceId":"latest","details":"MongoDB view on HealthData","userIp":"","userAgent":""}
{"timestamp":"2025-05-08T12:04:41.553Z","userId":681,"action":"view","resourceType":"HealthData","resourceId":"latest","details":"MongoDB view on HealthData","userIp":"","userAgent":""}
{"timestamp":"2025-05-08T12:04:41.558Z","userId":681,"action":"view","resourceType":"HealthData","resourceId":"latest","details":"MongoDB view on HealthData","userIp":"","userAgent":""}
{"timestamp":"2025-05-08T12:04:41.563Z","userId":681,"action":"view","resourceType":"HealthData","resourceId":"latest","details":"MongoDB view on HealthData","userIp":"","userAgent":""}
{"timestamp":"2025-05-08T12:04:41.568Z","userId":681,"action":"view","resourceType":"HealthData","resourceId":"latest","details":"MongoDB view on HealthData","userIp":"","userAgent":""}
{"timestamp":"2025-05-08T12:04:41.574Z","userId":681,"action":"view","resourceType":"HealthData","resourceId":"latest","details":"MongoDB view on HealthData","userIp":"","userAgent":""}
{"timestamp":"2025-05-08T12:04:41.579Z","userId":681,"action":"view","resourceType":"HealthData","resourceId":"latest","details":"MongoDB view on HealthData","userIp":"","userAgent":""}
{"timestamp":"2025-05-08T12:04:41.585Z","userId":681,"action":"view","resourceType":"HealthData","resourceId":"latest","details":"MongoDB view on HealthData","userIp":"","userAgent":""}
{"timestamp":"2025-05-08T12:04:41.590Z","userId":681,"action":"view","resourceType":"HealthData","resourceId":"latest","details":"MongoDB view on HealthData","userIp":"","userAgent":""}
{"timestamp":"2025-05-08T12:04:41.595Z","userId":681,"action":"view","resourceType":"HealthData","resourceId":"latest","details":"MongoDB view on HealthData","userIp":"","userAgent":""}
{"timestamp":"2025-05-08T12:04:41.600Z","userId":681,"action":"view","resourceType":"HealthData","resourceId":"latest","details":"MongoDB view on HealthData","userIp":"","userAgent":""}
{"timestamp":"2025-05-08T12:04:41.605Z","userId":681,"action":"view","resourceType":"HealthData","resourceId":"latest","details":"MongoDB view on HealthData","userIp":"","userAgent":""}
{"timestamp":"2025-05-08T12:04:41.611Z","userId":681,"action":"view","resourceType":"HealthData","resourceId":"latest","details":"MongoDB view on HealthData","userIp":"","userAgent":""}
{"timestamp":"2025-05-08T12:04:41.615Z","userId":681,"action":"view","resourceType":"HealthData","resourceId":"latest","details":"MongoDB view on HealthData","userIp":"","userAgent":""}
{"timestamp":"2025-05-08T12:04:41.620Z","userId":681,"action":"view","resourceType":"HealthData","resourceId":"latest","details":"MongoDB view on HealthData","userIp":"","userAgent":""}
{"timestamp":"2025-05-08T12:04:41.625Z","userId":681,"action":"view","resourceType":"HealthData","resourceId":"latest","details":"MongoDB view on HealthData","userIp":"","userAgent":""}
{"timestamp":"2025-05-08T12:04:41.631Z","userId":681,"action":"view","resourceType":"HealthData","resourceId":"latest","details":"MongoDB view on HealthData","userIp":"","userAgent":""}
{"timestamp":"2025-05-08T12:04:41.636Z","userId":681,"action":"view","resourceType":"HealthData","resourceId":"latest","details":"MongoDB view on HealthData","userIp":"","userAgent":""}
{"timestamp":"2025-05-08T12:04:41.642Z","userId":681,"action":"view","resourceType":"HealthData","resourceId":"latest","details":"MongoDB view on HealthData","userIp":"","userAgent":""}
{"timestamp":"2025-05-08T12:04:41.647Z","userId":681,"action":"view","resourceType":"HealthData","resourceId":"latest","details":"MongoDB view on HealthData","userIp":"","userAgent":""}
{"timestamp":"2025-05-08T12:04:41.652Z","userId":681,"action":"view","resourceType":"HealthData","resourceId":"latest","details":"MongoDB view on HealthData","userIp":"","userAgent":""}
{"timestamp":"2025-05-08T12:04:41.658Z","userId":681,"action":"view","resourceType":"HealthData","resourceId":"latest","details":"MongoDB view on HealthData","userIp":"","userAgent":""}
{"timestamp":"2025-05-08T12:04:41.663Z","userId":681,"action":"view","resourceType":"HealthData","resourceId":"latest","details":"MongoDB view on HealthData","userIp":"","userAgent":""}
{"timestamp":"2025-05-08T12:04:41.670Z","userId":681,"action":"view","resourceType":"HealthData","resourceId":"latest","details":"MongoDB view on HealthData","userIp":"","userAgent":""}
{"timestamp":"2025-05-08T12:04:41.677Z","userId":681,"action":"view","resourceType":"HealthData","resourceId":"latest","details":"MongoDB view on HealthData","userIp":"","userAgent":""}
{"timestamp":"2025-05-08T12:04:41.682Z","userId":681,"action":"view","resourceType":"HealthData","resourceId":"latest","details":"MongoDB view on HealthData","userIp":"","userAgent":""}
{"timestamp":"2025-05-08T12:04:41.687Z","userId":681,"action":"view","resourceType":"HealthData","resourceId":"latest","details":"MongoDB view on HealthData","userIp":"","userAgent":""}
{"timestamp":"2025-05-08T12:04:41.693Z","userId":681,"action":"view","resourceType":"HealthData","resourceId":"latest","details":"MongoDB view on HealthData","userIp":"","userAgent":""}
{"timestamp":"2025-05-08T12:04:41.699Z","userId":681,"action":"view","resourceType":"HealthData","resourceId":"latest","details":"MongoDB view on HealthData","userIp":"","userAgent":""}
{"timestamp":"2025-05-08T12:04:41.704Z","userId":681,"action":"view","resourceType":"HealthData","resourceId":"latest","details":"MongoDB view on HealthData","userIp":"","userAgent":""}
{"timestamp":"2025-05-08T12:04:41.710Z","userId":681,"action":"view","resourceType":"HealthData","resourceId":"latest","details":"MongoDB view on HealthData","userIp":"","userAgent":""}
{"timestamp":"2025-05-08T12:04:41.716Z","userId":681,"action":"view","resourceType":"HealthData","resourceId":"latest","details":"MongoDB view on HealthData","userIp":"","userAgent":""}
{"timestamp":"2025-05-08T12:04:41.721Z","userId":681,"action":"view","resourceType":"HealthData","resourceId":"latest","details":"MongoDB view on HealthData","userIp":"","userAgent":""}
{"timestamp":"2025-05-08T12:04:41.727Z","userId":681,"action":"view","resourceType":"HealthData","resourceId":"latest","details":"MongoDB view on HealthData","userIp":"","userAgent":""}
{"timestamp":"2025-05-08T12:04:41.733Z","userId":681,"action":"view","resourceType":"HealthData","resourceId":"latest","details":"MongoDB view on HealthData","userIp":"","userAgent":""}
{"timestamp":"2025-05-08T12:04:41.739Z","userId":681,"action":"view","resourceType":"HealthData","resourceId":"latest","details":"MongoDB view on HealthData","userIp":"","userAgent":""}
{"timestamp":"2025-05-08T12:04:41.745Z","userId":681,"action":"view","resourceType":"HealthData","resourceId":"latest","details":"MongoDB view on HealthData","userIp":"","userAgent":""}
{"timestamp":"2025-05-08T12:04:41.751Z","userId":681,"action":"view","resourceType":"HealthData","resourceId":"latest","details":"MongoDB view on HealthData","userIp":"","userAgent":""}
{"timestamp":"2025-05-08T12:04:41.756Z","userId":681,"action":"view","resourceType":"HealthData","resourceId":"latest","details":"MongoDB view on HealthData","userIp":"","userAgent":""}
{"timestamp":"2025-05-08T12:04:41.763Z","userId":681,"action":"view","resourceType":"HealthData","resourceId":"latest","details":"MongoDB view on HealthData","userIp":"","userAgent":""}
{"timestamp":"2025-05-08T12:04:41.769Z","userId":681,"action":"view","resourceType":"HealthData","resourceId":"latest","details":"MongoDB view on HealthData","userIp":"","userAgent":""}
{"timestamp":"2025-05-08T12:04:41.776Z","userId":681,"action":"view","resourceType":"HealthData","resourceId":"latest","details":"MongoDB view on HealthData","userIp":"","userAgent":""}
{"timestamp":"2025-05-08T12:04:41.781Z","userId":681,"action":"view","resourceType":"HealthData","resourceId":"latest","details":"MongoDB view on HealthData","userIp":"","userAgent":""}
{"timestamp":"2025-05-08T12:04:41.787Z","userId":681,"action":"view","resourceType":"HealthData","resourceId":"latest","details":"MongoDB view on HealthData","userIp":"","userAgent":""}
{"timestamp":"2025-05-08T12:04:41.794Z","userId":681,"action":"view","resourceType":"HealthData","resourceId":"latest","details":"MongoDB view on HealthData","userIp":"","userAgent":""}
{"timestamp":"2025-05-08T12:04:41.801Z","userId":681,"action":"view","resourceType":"HealthData","resourceId":"latest","details":"MongoDB view on HealthData","userIp":"","userAgent":""}
{"timestamp":"2025-05-08T12:04:41.808Z","userId":681,"action":"view","resourceType":"HealthData","resourceId":"latest","details":"MongoDB view on HealthData","userIp":"","userAgent":""}
{"timestamp":"2025-05-08T12:04:41.814Z","userId":681,"action":"view","resourceType":"HealthData","resourceId":"latest","details":"MongoDB view on HealthData","userIp":"","userAgent":""}
{"timestamp":"2025-05-08T12:04:41.820Z","userId":681,"action":"view","resourceType":"HealthData","resourceId":"latest","details":"MongoDB view on HealthData","userIp":"","userAgent":""}
{"timestamp":"2025-05-08T12:04:41.826Z","userId":681,"action":"view","resourceType":"HealthData","resourceId":"latest","details":"MongoDB view on HealthData","userIp":"","userAgent":""}
{"timestamp":"2025-05-08T12:04:41.832Z","userId":681,"action":"view","resourceType":"HealthData","resourceId":"latest","details":"MongoDB view on HealthData","userIp":"","userAgent":""}
{"timestamp":"2025-05-08T12:04:41.837Z","userId":681,"action":"view","resourceType":"HealthData","resourceId":"latest","details":"MongoDB view on HealthData","userIp":"","userAgent":""}
{"timestamp":"2025-05-08T12:04:41.843Z","userId":681,"action":"view","resourceType":"HealthData","resourceId":"latest","details":"MongoDB view on HealthData","userIp":"","userAgent":""}
{"timestamp":"2025-05-08T12:04:41.849Z","userId":681,"action":"view","resourceType":"HealthData","resourceId":"latest","details":"MongoDB view on HealthData","userIp":"","userAgent":""}
{"timestamp":"2025-05-08T12:04:41.854Z","userId":681,"action":"view","resourceType":"HealthData","resourceId":"latest","details":"MongoDB view on HealthData","userIp":"","userAgent":""}
{"timestamp":"2025-05-08T12:04:41.860Z","userId":681,"action":"view","resourceType":"HealthData","resourceId":"latest","details":"MongoDB view on HealthData","userIp":"","userAgent":""}
{"timestamp":"2025-05-08T12:04:41.865Z","userId":681,"action":"view","resourceType":"HealthData","resourceId":"latest","details":"MongoDB view on HealthData","userIp":"","userAgent":""}
{"timestamp":"2025-05-08T12:04:41.871Z","userId":681,"action":"view","resourceType":"HealthData","resourceId":"latest","details":"MongoDB view on HealthData","userIp":"","userAgent":""}
{"timestamp":"2025-05-08T12:04:41.876Z","userId":681,"action":"view","resourceType":"HealthData","resourceId":"latest","details":"MongoDB view on HealthData","userIp":"","userAgent":""}
{"timestamp":"2025-05-08T12:04:41.882Z","userId":681,"action":"view","resourceType":"HealthData","resourceId":"latest","details":"MongoDB view on HealthData","userIp":"","userAgent":""}
{"timestamp":"2025-05-08T12:04:41.887Z","userId":681,"action":"view","resourceType":"HealthData","resourceId":"latest","details":"MongoDB view on HealthData","userIp":"","userAgent":""}
{"timestamp":"2025-05-08T12:04:41.893Z","userId":681,"action":"view","resourceType":"HealthData","resourceId":"latest","details":"MongoDB view on HealthData","userIp":"","userAgent":""}
{"timestamp":"2025-05-08T12:04:41.898Z","userId":681,"action":"view","resourceType":"HealthData","resourceId":"latest","details":"MongoDB view on HealthData","userIp":"","userAgent":""}
{"timestamp":"2025-05-08T12:04:41.904Z","userId":681,"action":"view","resourceType":"HealthData","resourceId":"latest","details":"MongoDB view on HealthData","userIp":"","userAgent":""}
{"timestamp":"2025-05-08T12:04:41.910Z","userId":681,"action":"view","resourceType":"HealthData","resourceId":"latest","details":"MongoDB view on HealthData","userIp":"","userAgent":""}
{"timestamp":"2025-05-08T12:04:41.915Z","userId":681,"action":"view","resourceType":"HealthData","resourceId":"latest","details":"MongoDB view on HealthData","userIp":"","userAgent":""}
{"timestamp":"2025-05-08T12:04:41.920Z","userId":681,"action":"view","resourceType":"HealthData","resourceId":"latest","details":"MongoDB view on HealthData","userIp":"","userAgent":""}
{"timestamp":"2025-05-08T12:04:41.926Z","userId":681,"action":"view","resourceType":"HealthData","resourceId":"latest","details":"MongoDB view on HealthData","userIp":"","userAgent":""}
{"timestamp":"2025-05-08T12:04:41.932Z","userId":681,"action":"view","resourceType":"HealthData","resourceId":"latest","details":"MongoDB view on HealthData","userIp":"","userAgent":""}
{"timestamp":"2025-05-08T12:04:41.939Z","userId":681,"action":"view","resourceType":"HealthData","resourceId":"latest","details":"MongoDB view on HealthData","userIp":"","userAgent":""}
{"timestamp":"2025-05-08T12:04:41.944Z","userId":681,"action":"view","resourceType":"HealthData","resourceId":"latest","details":"MongoDB view on HealthData","userIp":"","userAgent":""}
{"timestamp":"2025-05-08T12:04:41.950Z","userId":681,"action":"view","resourceType":"HealthData","resourceId":"latest","details":"MongoDB view on HealthData","userIp":"","userAgent":""}
{"timestamp":"2025-05-08T12:04:41.955Z","userId":681,"action":"view","resourceType":"HealthData","resourceId":"latest","details":"MongoDB view on HealthData","userIp":"","userAgent":""}
{"timestamp":"2025-05-08T12:04:41.959Z","userId":681,"action":"view","resourceType":"HealthData","resourceId":"latest","details":"MongoDB view on HealthData","userIp":"","userAgent":""}
{"timestamp":"2025-05-08T12:04:41.965Z","userId":681,"action":"view","resourceType":"HealthData","resourceId":"latest","details":"MongoDB view on HealthData","userIp":"","userAgent":""}
{"timestamp":"2025-05-08T12:04:41.971Z","userId":681,"action":"view","resourceType":"HealthData","resourceId":"latest","details":"MongoDB view on HealthData","userIp":"","userAgent":""}
{"timestamp":"2025-05-08T12:04:41.977Z","userId":681,"action":"view","resourceType":"HealthData","resourceId":"latest","details":"MongoDB view on HealthData","userIp":"","userAgent":""}
{"timestamp":"2025-05-08T12:04:41.982Z","userId":681,"action":"view","resourceType":"HealthData","resourceId":"latest","details":"MongoDB view on HealthData","userIp":"","userAgent":""}
{"timestamp":"2025-05-08T12:04:41.987Z","userId":681,"action":"view","resourceType":"HealthData","resourceId":"latest","details":"MongoDB view on HealthData","userIp":"","userAgent":""}
{"timestamp":"2025-05-08T12:04:41.992Z","userId":681,"action":"view","resourceType":"HealthData","resourceId":"latest","details":"MongoDB view on HealthData","userIp":"","userAgent":""}
{"timestamp":"2025-05-08T12:04:41.998Z","userId":681,"action":"view","resourceType":"HealthData","resourceId":"latest","details":"MongoDB view on HealthData","userIp":"","userAgent":""}
{"timestamp":"2025-05-08T12:04:42.004Z","userId":681,"action":"view","resourceType":"HealthData","resourceId":"latest","details":"MongoDB view on HealthData","userIp":"","userAgent":""}
{"timestamp":"2025-05-08T12:04:42.011Z","userId":681,"action":"view","resourceType":"HealthData","resourceId":"latest","details":"MongoDB view on HealthData","userIp":"","userAgent":""}
{"timestamp":"2025-05-08T12:04:42.018Z","userId":681,"action":"view","resourceType":"HealthData","resourceId":"latest","details":"MongoDB view on HealthData","userIp":"","userAgent":""}
{"timestamp":"2025-05-08T12:04:42.023Z","userId":681,"action":"view","resourceType":"HealthData","resourceId":"latest","details":"MongoDB view on HealthData","userIp":"","userAgent":""}
{"timestamp":"2025-05-08T12:04:42.028Z","userId":681,"action":"view","resourceType":"HealthData","resourceId":"latest","details":"MongoDB view on HealthData","userIp":"","userAgent":""}
{"timestamp":"2025-05-08T12:04:42.033Z","userId":681,"action":"view","resourceType":"HealthData","resourceId":"latest","details":"MongoDB view on HealthData","userIp":"","userAgent":""}
{"timestamp":"2025-05-08T12:04:42.035Z","userId":681,"action":"view","resourceType":"HealthData","resourceId":"latest","details":"MongoDB view on HealthData","userIp":"","userAgent":""}
{"timestamp":"2025-05-08T12:04:42.039Z","userId":681,"action":"view","resourceType":"HealthData","resourceId":"latest","details":"MongoDB view on HealthData","userIp":"","userAgent":""}
{"timestamp":"2025-05-08T12:04:42.044Z","userId":681,"action":"view","resourceType":"HealthData","resourceId":"latest","details":"MongoDB view on HealthData","userIp":"","userAgent":""}
{"timestamp":"2025-05-08T12:04:42.050Z","userId":681,"action":"view","resourceType":"HealthData","resourceId":"latest","details":"MongoDB view on HealthData","userIp":"","userAgent":""}
{"timestamp":"2025-05-08T12:04:42.055Z","userId":681,"action":"view","resourceType":"HealthData","resourceId":"latest","details":"MongoDB view on HealthData","userIp":"","userAgent":""}
{"timestamp":"2025-05-08T12:04:42.061Z","userId":681,"action":"view","resourceType":"HealthData","resourceId":"latest","details":"MongoDB view on HealthData","userIp":"","userAgent":""}
{"timestamp":"2025-05-08T12:04:42.068Z","userId":681,"action":"view","resourceType":"HealthData","resourceId":"latest","details":"MongoDB view on HealthData","userIp":"","userAgent":""}
{"timestamp":"2025-05-08T12:04:42.074Z","userId":681,"action":"view","resourceType":"HealthData","resourceId":"latest","details":"MongoDB view on HealthData","userIp":"","userAgent":""}
{"timestamp":"2025-05-08T12:04:42.079Z","userId":681,"action":"view","resourceType":"HealthData","resourceId":"latest","details":"MongoDB view on HealthData","userIp":"","userAgent":""}
{"timestamp":"2025-05-08T12:04:42.085Z","userId":681,"action":"view","resourceType":"HealthData","resourceId":"latest","details":"MongoDB view on HealthData","userIp":"","userAgent":""}
{"timestamp":"2025-05-08T12:04:42.090Z","userId":681,"action":"view","resourceType":"HealthData","resourceId":"latest","details":"MongoDB view on HealthData","userIp":"","userAgent":""}
{"timestamp":"2025-05-08T12:04:42.096Z","userId":681,"action":"view","resourceType":"HealthData","resourceId":"latest","details":"MongoDB view on HealthData","userIp":"","userAgent":""}
{"timestamp":"2025-05-08T12:04:42.102Z","userId":681,"action":"view","resourceType":"HealthData","resourceId":"latest","details":"MongoDB view on HealthData","userIp":"","userAgent":""}
{"timestamp":"2025-05-08T12:04:42.108Z","userId":681,"action":"view","resourceType":"HealthData","resourceId":"latest","details":"MongoDB view on HealthData","userIp":"","userAgent":""}
{"timestamp":"2025-05-08T12:04:42.113Z","userId":681,"action":"view","resourceType":"HealthData","resourceId":"latest","details":"MongoDB view on HealthData","userIp":"","userAgent":""}
{"timestamp":"2025-05-08T12:04:42.119Z","userId":681,"action":"view","resourceType":"HealthData","resourceId":"latest","details":"MongoDB view on HealthData","userIp":"","userAgent":""}
{"timestamp":"2025-05-08T12:04:42.125Z","userId":681,"action":"view","resourceType":"HealthData","resourceId":"latest","details":"MongoDB view on HealthData","userIp":"","userAgent":""}
{"timestamp":"2025-05-08T12:04:42.131Z","userId":681,"action":"view","resourceType":"HealthData","resourceId":"latest","details":"MongoDB view on HealthData","userIp":"","userAgent":""}
{"timestamp":"2025-05-08T12:04:42.136Z","userId":681,"action":"view","resourceType":"HealthData","resourceId":"latest","details":"MongoDB view on HealthData","userIp":"","userAgent":""}
{"timestamp":"2025-05-08T12:04:42.142Z","userId":681,"action":"view","resourceType":"HealthData","resourceId":"latest","details":"MongoDB view on HealthData","userIp":"","userAgent":""}
{"timestamp":"2025-05-08T12:04:42.148Z","userId":681,"action":"view","resourceType":"HealthData","resourceId":"latest","details":"MongoDB view on HealthData","userIp":"","userAgent":""}
{"timestamp":"2025-05-08T12:04:42.154Z","userId":681,"action":"view","resourceType":"HealthData","resourceId":"latest","details":"MongoDB view on HealthData","userIp":"","userAgent":""}
{"timestamp":"2025-05-08T12:04:42.159Z","userId":681,"action":"view","resourceType":"HealthData","resourceId":"latest","details":"MongoDB view on HealthData","userIp":"","userAgent":""}
{"timestamp":"2025-05-08T12:04:42.165Z","userId":681,"action":"view","resourceType":"HealthData","resourceId":"latest","details":"MongoDB view on HealthData","userIp":"","userAgent":""}
{"timestamp":"2025-05-08T12:04:42.171Z","userId":681,"action":"view","resourceType":"HealthData","resourceId":"latest","details":"MongoDB view on HealthData","userIp":"","userAgent":""}
{"timestamp":"2025-05-08T12:04:42.176Z","userId":681,"action":"view","resourceType":"HealthData","resourceId":"latest","details":"MongoDB view on HealthData","userIp":"","userAgent":""}
{"timestamp":"2025-05-08T12:04:42.182Z","userId":681,"action":"view","resourceType":"HealthData","resourceId":"latest","details":"MongoDB view on HealthData","userIp":"","userAgent":""}
{"timestamp":"2025-05-08T12:04:42.187Z","userId":681,"action":"view","resourceType":"HealthData","resourceId":"latest","details":"MongoDB view on HealthData","userIp":"","userAgent":""}
{"timestamp":"2025-05-08T12:04:42.194Z","userId":681,"action":"view","resourceType":"HealthData","resourceId":"latest","details":"MongoDB view on HealthData","userIp":"","userAgent":""}
{"timestamp":"2025-05-08T12:04:42.200Z","userId":681,"action":"view","resourceType":"HealthData","resourceId":"latest","details":"MongoDB view on HealthData","userIp":"","userAgent":""}
{"timestamp":"2025-05-08T12:04:42.206Z","userId":681,"action":"view","resourceType":"HealthData","resourceId":"latest","details":"MongoDB view on HealthData","userIp":"","userAgent":""}
{"timestamp":"2025-05-08T12:04:42.210Z","userId":681,"action":"view","resourceType":"HealthData","resourceId":"latest","details":"MongoDB view on HealthData","userIp":"","userAgent":""}
{"timestamp":"2025-05-08T12:04:42.217Z","userId":681,"action":"view","resourceType":"HealthData","resourceId":"latest","details":"MongoDB view on HealthData","userIp":"","userAgent":""}
{"timestamp":"2025-05-08T12:04:42.223Z","userId":681,"action":"view","resourceType":"HealthData","resourceId":"latest","details":"MongoDB view on HealthData","userIp":"","userAgent":""}
{"timestamp":"2025-05-08T12:04:42.228Z","userId":681,"action":"view","resourceType":"HealthData","resourceId":"latest","details":"MongoDB view on HealthData","userIp":"","userAgent":""}
{"timestamp":"2025-05-08T12:04:42.234Z","userId":681,"action":"view","resourceType":"HealthData","resourceId":"latest","details":"MongoDB view on HealthData","userIp":"","userAgent":""}
{"timestamp":"2025-05-08T12:04:42.239Z","userId":681,"action":"view","resourceType":"HealthData","resourceId":"latest","details":"MongoDB view on HealthData","userIp":"","userAgent":""}
{"timestamp":"2025-05-08T12:04:42.245Z","userId":681,"action":"view","resourceType":"HealthData","resourceId":"latest","details":"MongoDB view on HealthData","userIp":"","userAgent":""}
{"timestamp":"2025-05-08T12:04:42.251Z","userId":681,"action":"view","resourceType":"HealthData","resourceId":"latest","details":"MongoDB view on HealthData","userIp":"","userAgent":""}
{"timestamp":"2025-05-08T12:04:42.257Z","userId":681,"action":"view","resourceType":"HealthData","resourceId":"latest","details":"MongoDB view on HealthData","userIp":"","userAgent":""}
{"timestamp":"2025-05-08T12:04:42.262Z","userId":681,"action":"view","resourceType":"HealthData","resourceId":"latest","details":"MongoDB view on HealthData","userIp":"","userAgent":""}
{"timestamp":"2025-05-08T12:04:42.267Z","userId":681,"action":"view","resourceType":"HealthData","resourceId":"latest","details":"MongoDB view on HealthData","userIp":"","userAgent":""}
{"timestamp":"2025-05-08T12:04:42.273Z","userId":681,"action":"view","resourceType":"HealthData","resourceId":"latest","details":"MongoDB view on HealthData","userIp":"","userAgent":""}
{"timestamp":"2025-05-08T12:04:42.278Z","userId":681,"action":"view","resourceType":"HealthData","resourceId":"latest","details":"MongoDB view on HealthData","userIp":"","userAgent":""}
{"timestamp":"2025-05-08T12:04:42.283Z","userId":681,"action":"view","resourceType":"HealthData","resourceId":"latest","details":"MongoDB view on HealthData","userIp":"","userAgent":""}
{"timestamp":"2025-05-08T12:04:42.289Z","userId":681,"action":"view","resourceType":"HealthData","resourceId":"latest","details":"MongoDB view on HealthData","userIp":"","userAgent":""}
{"timestamp":"2025-05-08T12:04:42.296Z","userId":681,"action":"view","resourceType":"HealthData","resourceId":"latest","details":"MongoDB view on HealthData","userIp":"","userAgent":""}
{"timestamp":"2025-05-08T12:04:42.302Z","userId":681,"action":"view","resourceType":"HealthData","resourceId":"latest","details":"MongoDB view on HealthData","userIp":"","userAgent":""}
{"timestamp":"2025-05-08T12:04:42.308Z","userId":681,"action":"view","resourceType":"HealthData","resourceId":"latest","details":"MongoDB view on HealthData","userIp":"","userAgent":""}
{"timestamp":"2025-05-08T12:04:42.313Z","userId":681,"action":"view","resourceType":"HealthData","resourceId":"latest","details":"MongoDB view on HealthData","userIp":"","userAgent":""}
{"timestamp":"2025-05-08T12:04:42.318Z","userId":681,"action":"view","resourceType":"HealthData","resourceId":"latest","details":"MongoDB view on HealthData","userIp":"","userAgent":""}
{"timestamp":"2025-05-08T12:04:42.324Z","userId":681,"action":"view","resourceType":"HealthData","resourceId":"latest","details":"MongoDB view on HealthData","userIp":"","userAgent":""}
{"timestamp":"2025-05-08T12:04:42.330Z","userId":681,"action":"view","resourceType":"HealthData","resourceId":"latest","details":"MongoDB view on HealthData","userIp":"","userAgent":""}
{"timestamp":"2025-05-08T12:04:42.337Z","userId":681,"action":"view","resourceType":"HealthData","resourceId":"latest","details":"MongoDB view on HealthData","userIp":"","userAgent":""}
{"timestamp":"2025-05-08T12:04:42.343Z","userId":681,"action":"view","resourceType":"HealthData","resourceId":"latest","details":"MongoDB view on HealthData","userIp":"","userAgent":""}
{"timestamp":"2025-05-08T12:04:42.348Z","userId":681,"action":"view","resourceType":"HealthData","resourceId":"latest","details":"MongoDB view on HealthData","userIp":"","userAgent":""}
{"timestamp":"2025-05-08T12:04:42.354Z","userId":681,"action":"view","resourceType":"HealthData","resourceId":"latest","details":"MongoDB view on HealthData","userIp":"","userAgent":""}
{"timestamp":"2025-05-08T12:04:42.359Z","userId":681,"action":"view","resourceType":"HealthData","resourceId":"latest","details":"MongoDB view on HealthData","userIp":"","userAgent":""}
{"timestamp":"2025-05-08T12:04:42.365Z","userId":681,"action":"view","resourceType":"HealthData","resourceId":"latest","details":"MongoDB view on HealthData","userIp":"","userAgent":""}
{"timestamp":"2025-05-08T12:04:42.370Z","userId":681,"action":"view","resourceType":"HealthData","resourceId":"latest","details":"MongoDB view on HealthData","userIp":"","userAgent":""}
{"timestamp":"2025-05-08T12:04:42.376Z","userId":681,"action":"view","resourceType":"HealthData","resourceId":"latest","details":"MongoDB view on HealthData","userIp":"","userAgent":""}
{"timestamp":"2025-05-08T12:04:42.381Z","userId":681,"action":"view","resourceType":"HealthData","resourceId":"latest","details":"MongoDB view on HealthData","userIp":"","userAgent":""}
{"timestamp":"2025-05-08T12:04:42.386Z","userId":681,"action":"view","resourceType":"HealthData","resourceId":"latest","details":"MongoDB view on HealthData","userIp":"","userAgent":""}
{"timestamp":"2025-05-08T12:04:42.391Z","userId":681,"action":"view","resourceType":"HealthData","resourceId":"latest","details":"MongoDB view on HealthData","userIp":"","userAgent":""}
{"timestamp":"2025-05-08T12:04:42.396Z","userId":681,"action":"view","resourceType":"HealthData","resourceId":"latest","details":"MongoDB view on HealthData","userIp":"","userAgent":""}
{"timestamp":"2025-05-08T12:04:42.402Z","userId":681,"action":"view","resourceType":"HealthData","resourceId":"latest","details":"MongoDB view on HealthData","userIp":"","userAgent":""}
{"timestamp":"2025-05-08T12:04:42.407Z","userId":681,"action":"view","resourceType":"HealthData","resourceId":"latest","details":"MongoDB view on HealthData","userIp":"","userAgent":""}
{"timestamp":"2025-05-08T12:04:42.412Z","userId":681,"action":"view","resourceType":"HealthData","resourceId":"latest","details":"MongoDB view on HealthData","userIp":"","userAgent":""}
{"timestamp":"2025-05-08T12:04:42.417Z","userId":681,"action":"view","resourceType":"HealthData","resourceId":"latest","details":"MongoDB view on HealthData","userIp":"","userAgent":""}
{"timestamp":"2025-05-08T12:04:42.422Z","userId":681,"action":"view","resourceType":"HealthData","resourceId":"latest","details":"MongoDB view on HealthData","userIp":"","userAgent":""}
{"timestamp":"2025-05-08T12:04:42.427Z","userId":681,"action":"view","resourceType":"HealthData","resourceId":"latest","details":"MongoDB view on HealthData","userIp":"","userAgent":""}
{"timestamp":"2025-05-08T12:04:42.433Z","userId":681,"action":"view","resourceType":"HealthData","resourceId":"latest","details":"MongoDB view on HealthData","userIp":"","userAgent":""}
{"timestamp":"2025-05-08T12:04:42.439Z","userId":681,"action":"view","resourceType":"HealthData","resourceId":"latest","details":"MongoDB view on HealthData","userIp":"","userAgent":""}
{"timestamp":"2025-05-08T12:04:42.444Z","userId":681,"action":"view","resourceType":"HealthData","resourceId":"latest","details":"MongoDB view on HealthData","userIp":"","userAgent":""}
{"timestamp":"2025-05-08T12:04:42.449Z","userId":681,"action":"view","resourceType":"HealthData","resourceId":"latest","details":"MongoDB view on HealthData","userIp":"","userAgent":""}
{"timestamp":"2025-05-08T12:04:42.454Z","userId":681,"action":"view","resourceType":"HealthData","resourceId":"latest","details":"MongoDB view on HealthData","userIp":"","userAgent":""}
{"timestamp":"2025-05-08T12:04:42.461Z","userId":681,"action":"view","resourceType":"HealthData","resourceId":"latest","details":"MongoDB view on HealthData","userIp":"","userAgent":""}
{"timestamp":"2025-05-08T12:04:42.465Z","userId":681,"action":"view","resourceType":"HealthData","resourceId":"latest","details":"MongoDB view on HealthData","userIp":"","userAgent":""}
{"timestamp":"2025-05-08T12:04:42.471Z","userId":681,"action":"view","resourceType":"HealthData","resourceId":"latest","details":"MongoDB view on HealthData","userIp":"","userAgent":""}
{"timestamp":"2025-05-08T12:04:42.477Z","userId":681,"action":"view","resourceType":"HealthData","resourceId":"latest","details":"MongoDB view on HealthData","userIp":"","userAgent":""}
{"timestamp":"2025-05-08T12:04:42.483Z","userId":681,"action":"view","resourceType":"HealthData","resourceId":"latest","details":"MongoDB view on HealthData","userIp":"","userAgent":""}
{"timestamp":"2025-05-08T12:04:42.489Z","userId":681,"action":"view","resourceType":"HealthData","resourceId":"latest","details":"MongoDB view on HealthData","userIp":"","userAgent":""}
{"timestamp":"2025-05-08T12:04:42.497Z","userId":681,"action":"view","resourceType":"HealthData","resourceId":"latest","details":"MongoDB view on HealthData","userIp":"","userAgent":""}
{"timestamp":"2025-05-08T12:04:42.503Z","userId":681,"action":"view","resourceType":"HealthData","resourceId":"latest","details":"MongoDB view on HealthData","userIp":"","userAgent":""}
{"timestamp":"2025-05-08T12:04:42.509Z","userId":681,"action":"view","resourceType":"HealthData","resourceId":"latest","details":"MongoDB view on HealthData","userIp":"","userAgent":""}
{"timestamp":"2025-05-08T12:04:42.515Z","userId":681,"action":"view","resourceType":"HealthData","resourceId":"latest","details":"MongoDB view on HealthData","userIp":"","userAgent":""}
{"timestamp":"2025-05-08T12:04:42.522Z","userId":681,"action":"view","resourceType":"HealthData","resourceId":"latest","details":"MongoDB view on HealthData","userIp":"","userAgent":""}
{"timestamp":"2025-05-08T12:04:42.528Z","userId":681,"action":"view","resourceType":"HealthData","resourceId":"latest","details":"MongoDB view on HealthData","userIp":"","userAgent":""}
{"timestamp":"2025-05-08T12:04:42.532Z","userId":681,"action":"view","resourceType":"HealthData","resourceId":"latest","details":"MongoDB view on HealthData","userIp":"","userAgent":""}
{"timestamp":"2025-05-08T12:04:42.538Z","userId":681,"action":"view","resourceType":"HealthData","resourceId":"latest","details":"MongoDB view on HealthData","userIp":"","userAgent":""}
{"timestamp":"2025-05-08T12:04:42.544Z","userId":681,"action":"view","resourceType":"HealthData","resourceId":"latest","details":"MongoDB view on HealthData","userIp":"","userAgent":""}
{"timestamp":"2025-05-08T12:04:42.550Z","userId":681,"action":"view","resourceType":"HealthData","resourceId":"latest","details":"MongoDB view on HealthData","userIp":"","userAgent":""}
{"timestamp":"2025-05-08T12:04:42.555Z","userId":681,"action":"view","resourceType":"HealthData","resourceId":"latest","details":"MongoDB view on HealthData","userIp":"","userAgent":""}
{"timestamp":"2025-05-08T12:04:42.560Z","userId":681,"action":"view","resourceType":"HealthData","resourceId":"latest","details":"MongoDB view on HealthData","userIp":"","userAgent":""}
{"timestamp":"2025-05-08T12:04:42.565Z","userId":681,"action":"view","resourceType":"HealthData","resourceId":"latest","details":"MongoDB view on HealthData","userIp":"","userAgent":""}
{"timestamp":"2025-05-08T12:04:42.570Z","userId":681,"action":"view","resourceType":"HealthData","resourceId":"latest","details":"MongoDB view on HealthData","userIp":"","userAgent":""}
{"timestamp":"2025-05-08T12:04:42.576Z","userId":681,"action":"view","resourceType":"HealthData","resourceId":"latest","details":"MongoDB view on HealthData","userIp":"","userAgent":""}
{"timestamp":"2025-05-08T12:04:42.581Z","userId":681,"action":"view","resourceType":"HealthData","resourceId":"latest","details":"MongoDB view on HealthData","userIp":"","userAgent":""}
{"timestamp":"2025-05-08T12:04:42.586Z","userId":681,"action":"view","resourceType":"HealthData","resourceId":"latest","details":"MongoDB view on HealthData","userIp":"","userAgent":""}
{"timestamp":"2025-05-08T12:04:42.592Z","userId":681,"action":"view","resourceType":"HealthData","resourceId":"latest","details":"MongoDB view on HealthData","userIp":"","userAgent":""}
{"timestamp":"2025-05-08T12:04:42.597Z","userId":681,"action":"view","resourceType":"HealthData","resourceId":"latest","details":"MongoDB view on HealthData","userIp":"","userAgent":""}
{"timestamp":"2025-05-08T12:04:42.613Z","userId":681,"action":"view","resourceType":"HealthData","resourceId":"latest","details":"MongoDB view on HealthData","userIp":"","userAgent":""}
{"timestamp":"2025-05-08T12:04:42.618Z","userId":681,"action":"view","resourceType":"HealthData","resourceId":"latest","details":"MongoDB view on HealthData","userIp":"","userAgent":""}
{"timestamp":"2025-05-08T12:04:42.623Z","userId":681,"action":"view","resourceType":"HealthData","resourceId":"latest","details":"MongoDB view on HealthData","userIp":"","userAgent":""}
{"timestamp":"2025-05-08T12:04:42.629Z","userId":681,"action":"view","resourceType":"HealthData","resourceId":"latest","details":"MongoDB view on HealthData","userIp":"","userAgent":""}
{"timestamp":"2025-05-08T12:04:42.635Z","userId":681,"action":"view","resourceType":"HealthData","resourceId":"latest","details":"MongoDB view on HealthData","userIp":"","userAgent":""}
{"timestamp":"2025-05-08T12:04:42.640Z","userId":681,"action":"view","resourceType":"HealthData","resourceId":"latest","details":"MongoDB view on HealthData","userIp":"","userAgent":""}
{"timestamp":"2025-05-08T12:04:42.645Z","userId":681,"action":"view","resourceType":"HealthData","resourceId":"latest","details":"MongoDB view on HealthData","userIp":"","userAgent":""}
{"timestamp":"2025-05-08T12:04:42.649Z","userId":681,"action":"view","resourceType":"HealthData","resourceId":"latest","details":"MongoDB view on HealthData","userIp":"","userAgent":""}
{"timestamp":"2025-05-08T12:04:42.655Z","userId":681,"action":"view","resourceType":"HealthData","resourceId":"latest","details":"MongoDB view on HealthData","userIp":"","userAgent":""}
{"timestamp":"2025-05-08T12:04:42.659Z","userId":681,"action":"view","resourceType":"HealthData","resourceId":"latest","details":"MongoDB view on HealthData","userIp":"","userAgent":""}
{"timestamp":"2025-05-08T12:04:42.665Z","userId":681,"action":"view","resourceType":"HealthData","resourceId":"latest","details":"MongoDB view on HealthData","userIp":"","userAgent":""}
{"timestamp":"2025-05-08T12:04:42.670Z","userId":681,"action":"view","resourceType":"HealthData","resourceId":"latest","details":"MongoDB view on HealthData","userIp":"","userAgent":""}
{"timestamp":"2025-05-08T12:04:42.675Z","userId":681,"action":"view","resourceType":"HealthData","resourceId":"latest","details":"MongoDB view on HealthData","userIp":"","userAgent":""}
{"timestamp":"2025-05-08T12:04:42.680Z","userId":681,"action":"view","resourceType":"HealthData","resourceId":"latest","details":"MongoDB view on HealthData","userIp":"","userAgent":""}
{"timestamp":"2025-05-08T12:04:42.685Z","userId":681,"action":"view","resourceType":"HealthData","resourceId":"latest","details":"MongoDB view on HealthData","userIp":"","userAgent":""}
{"timestamp":"2025-05-08T12:04:42.690Z","userId":681,"action":"view","resourceType":"HealthData","resourceId":"latest","details":"MongoDB view on HealthData","userIp":"","userAgent":""}
{"timestamp":"2025-05-08T12:04:42.695Z","userId":681,"action":"view","resourceType":"HealthData","resourceId":"latest","details":"MongoDB view on HealthData","userIp":"","userAgent":""}
{"timestamp":"2025-05-08T12:04:42.702Z","userId":681,"action":"view","resourceType":"HealthData","resourceId":"latest","details":"MongoDB view on HealthData","userIp":"","userAgent":""}
{"timestamp":"2025-05-08T12:04:42.709Z","userId":681,"action":"view","resourceType":"HealthData","resourceId":"latest","details":"MongoDB view on HealthData","userIp":"","userAgent":""}
{"timestamp":"2025-05-08T12:04:42.714Z","userId":681,"action":"view","resourceType":"HealthData","resourceId":"latest","details":"MongoDB view on HealthData","userIp":"","userAgent":""}
{"timestamp":"2025-05-08T12:04:42.719Z","userId":681,"action":"view","resourceType":"HealthData","resourceId":"latest","details":"MongoDB view on HealthData","userIp":"","userAgent":""}
{"timestamp":"2025-05-08T12:04:42.724Z","userId":681,"action":"view","resourceType":"HealthData","resourceId":"latest","details":"MongoDB view on HealthData","userIp":"","userAgent":""}
{"timestamp":"2025-05-08T12:04:42.729Z","userId":681,"action":"view","resourceType":"HealthData","resourceId":"latest","details":"MongoDB view on HealthData","userIp":"","userAgent":""}
{"timestamp":"2025-05-08T12:04:42.733Z","userId":681,"action":"view","resourceType":"HealthData","resourceId":"latest","details":"MongoDB view on HealthData","userIp":"","userAgent":""}
{"timestamp":"2025-05-08T12:04:42.739Z","userId":681,"action":"view","resourceType":"HealthData","resourceId":"latest","details":"MongoDB view on HealthData","userIp":"","userAgent":""}
{"timestamp":"2025-05-08T12:04:42.743Z","userId":681,"action":"view","resourceType":"HealthData","resourceId":"latest","details":"MongoDB view on HealthData","userIp":"","userAgent":""}
{"timestamp":"2025-05-08T12:04:42.749Z","userId":681,"action":"view","resourceType":"HealthData","resourceId":"latest","details":"MongoDB view on HealthData","userIp":"","userAgent":""}
{"timestamp":"2025-05-08T12:04:42.754Z","userId":681,"action":"view","resourceType":"HealthData","resourceId":"latest","details":"MongoDB view on HealthData","userIp":"","userAgent":""}
{"timestamp":"2025-05-08T12:04:42.759Z","userId":681,"action":"view","resourceType":"HealthData","resourceId":"latest","details":"MongoDB view on HealthData","userIp":"","userAgent":""}
{"timestamp":"2025-05-08T12:04:42.764Z","userId":681,"action":"view","resourceType":"HealthData","resourceId":"latest","details":"MongoDB view on HealthData","userIp":"","userAgent":""}
{"timestamp":"2025-05-08T12:04:42.768Z","userId":681,"action":"view","resourceType":"HealthData","resourceId":"latest","details":"MongoDB view on HealthData","userIp":"","userAgent":""}
{"timestamp":"2025-05-08T12:04:42.773Z","userId":681,"action":"view","resourceType":"HealthData","resourceId":"latest","details":"MongoDB view on HealthData","userIp":"","userAgent":""}
{"timestamp":"2025-05-08T12:04:42.777Z","userId":681,"action":"view","resourceType":"HealthData","resourceId":"latest","details":"MongoDB view on HealthData","userIp":"","userAgent":""}
{"timestamp":"2025-05-08T12:04:42.783Z","userId":681,"action":"view","resourceType":"HealthData","resourceId":"latest","details":"MongoDB view on HealthData","userIp":"","userAgent":""}
{"timestamp":"2025-05-08T12:04:42.789Z","userId":681,"action":"view","resourceType":"HealthData","resourceId":"latest","details":"MongoDB view on HealthData","userIp":"","userAgent":""}
{"timestamp":"2025-05-08T12:04:42.792Z","userId":681,"action":"view","resourceType":"HealthData","resourceId":"latest","details":"MongoDB view on HealthData","userIp":"","userAgent":""}
{"timestamp":"2025-05-08T12:04:42.797Z","userId":681,"action":"view","resourceType":"HealthData","resourceId":"latest","details":"MongoDB view on HealthData","userIp":"","userAgent":""}
{"timestamp":"2025-05-08T12:04:42.802Z","userId":681,"action":"view","resourceType":"HealthData","resourceId":"latest","details":"MongoDB view on HealthData","userIp":"","userAgent":""}
{"timestamp":"2025-05-08T12:04:42.807Z","userId":681,"action":"view","resourceType":"HealthData","resourceId":"latest","details":"MongoDB view on HealthData","userIp":"","userAgent":""}
{"timestamp":"2025-05-08T12:04:42.812Z","userId":681,"action":"view","resourceType":"HealthData","resourceId":"latest","details":"MongoDB view on HealthData","userIp":"","userAgent":""}
{"timestamp":"2025-05-08T12:04:42.817Z","userId":681,"action":"view","resourceType":"HealthData","resourceId":"latest","details":"MongoDB view on HealthData","userIp":"","userAgent":""}
{"timestamp":"2025-05-08T12:04:42.822Z","userId":681,"action":"view","resourceType":"HealthData","resourceId":"latest","details":"MongoDB view on HealthData","userIp":"","userAgent":""}
{"timestamp":"2025-05-08T12:04:42.828Z","userId":681,"action":"view","resourceType":"HealthData","resourceId":"latest","details":"MongoDB view on HealthData","userIp":"","userAgent":""}
{"timestamp":"2025-05-08T12:04:42.833Z","userId":681,"action":"view","resourceType":"HealthData","resourceId":"latest","details":"MongoDB view on HealthData","userIp":"","userAgent":""}
{"timestamp":"2025-05-08T12:04:42.838Z","userId":681,"action":"view","resourceType":"HealthData","resourceId":"latest","details":"MongoDB view on HealthData","userIp":"","userAgent":""}
{"timestamp":"2025-05-08T12:04:42.843Z","userId":681,"action":"view","resourceType":"HealthData","resourceId":"latest","details":"MongoDB view on HealthData","userIp":"","userAgent":""}
{"timestamp":"2025-05-08T12:04:42.847Z","userId":681,"action":"view","resourceType":"HealthData","resourceId":"latest","details":"MongoDB view on HealthData","userIp":"","userAgent":""}
{"timestamp":"2025-05-08T12:04:42.853Z","userId":681,"action":"view","resourceType":"HealthData","resourceId":"latest","details":"MongoDB view on HealthData","userIp":"","userAgent":""}
{"timestamp":"2025-05-08T12:04:42.857Z","userId":681,"action":"view","resourceType":"HealthData","resourceId":"latest","details":"MongoDB view on HealthData","userIp":"","userAgent":""}
{"timestamp":"2025-05-08T12:04:42.862Z","userId":681,"action":"view","resourceType":"HealthData","resourceId":"latest","details":"MongoDB view on HealthData","userIp":"","userAgent":""}
{"timestamp":"2025-05-08T12:04:42.867Z","userId":681,"action":"view","resourceType":"HealthData","resourceId":"latest","details":"MongoDB view on HealthData","userIp":"","userAgent":""}
{"timestamp":"2025-05-08T12:04:42.872Z","userId":681,"action":"view","resourceType":"HealthData","resourceId":"latest","details":"MongoDB view on HealthData","userIp":"","userAgent":""}
{"timestamp":"2025-05-08T12:04:42.877Z","userId":681,"action":"view","resourceType":"HealthData","resourceId":"latest","details":"MongoDB view on HealthData","userIp":"","userAgent":""}
{"timestamp":"2025-05-08T12:04:42.892Z","userId":681,"action":"view","resourceType":"HealthData","resourceId":"latest","details":"MongoDB view on HealthData","userIp":"","userAgent":""}
{"timestamp":"2025-05-08T12:04:42.898Z","userId":681,"action":"view","resourceType":"HealthData","resourceId":"latest","details":"MongoDB view on HealthData","userIp":"","userAgent":""}
{"timestamp":"2025-05-08T12:04:42.903Z","userId":681,"action":"view","resourceType":"HealthData","resourceId":"latest","details":"MongoDB view on HealthData","userIp":"","userAgent":""}
{"timestamp":"2025-05-08T12:04:42.908Z","userId":681,"action":"view","resourceType":"HealthData","resourceId":"latest","details":"MongoDB view on HealthData","userIp":"","userAgent":""}
{"timestamp":"2025-05-08T12:04:42.913Z","userId":681,"action":"view","resourceType":"HealthData","resourceId":"latest","details":"MongoDB view on HealthData","userIp":"","userAgent":""}
{"timestamp":"2025-05-08T12:04:42.917Z","userId":681,"action":"view","resourceType":"HealthData","resourceId":"latest","details":"MongoDB view on HealthData","userIp":"","userAgent":""}
{"timestamp":"2025-05-08T12:04:42.923Z","userId":681,"action":"view","resourceType":"HealthData","resourceId":"latest","details":"MongoDB view on HealthData","userIp":"","userAgent":""}
{"timestamp":"2025-05-08T12:04:42.928Z","userId":681,"action":"view","resourceType":"HealthData","resourceId":"latest","details":"MongoDB view on HealthData","userIp":"","userAgent":""}
{"timestamp":"2025-05-08T12:04:42.933Z","userId":681,"action":"view","resourceType":"HealthData","resourceId":"latest","details":"MongoDB view on HealthData","userIp":"","userAgent":""}
{"timestamp":"2025-05-08T12:04:42.938Z","userId":681,"action":"view","resourceType":"HealthData","resourceId":"latest","details":"MongoDB view on HealthData","userIp":"","userAgent":""}
{"timestamp":"2025-05-08T12:04:42.942Z","userId":681,"action":"view","resourceType":"HealthData","resourceId":"latest","details":"MongoDB view on HealthData","userIp":"","userAgent":""}
{"timestamp":"2025-05-08T12:04:42.947Z","userId":681,"action":"view","resourceType":"HealthData","resourceId":"latest","details":"MongoDB view on HealthData","userIp":"","userAgent":""}
{"timestamp":"2025-05-08T12:04:42.953Z","userId":681,"action":"view","resourceType":"HealthData","resourceId":"latest","details":"MongoDB view on HealthData","userIp":"","userAgent":""}
{"timestamp":"2025-05-08T12:04:42.957Z","userId":681,"action":"view","resourceType":"HealthData","resourceId":"latest","details":"MongoDB view on HealthData","userIp":"","userAgent":""}
{"timestamp":"2025-05-08T12:04:42.961Z","userId":681,"action":"view","resourceType":"HealthData","resourceId":"latest","details":"MongoDB view on HealthData","userIp":"","userAgent":""}
{"timestamp":"2025-05-08T12:04:42.969Z","userId":681,"action":"view","resourceType":"HealthData","resourceId":"latest","details":"MongoDB view on HealthData","userIp":"","userAgent":""}
{"timestamp":"2025-05-08T12:04:42.975Z","userId":681,"action":"view","resourceType":"HealthData","resourceId":"latest","details":"MongoDB view on HealthData","userIp":"","userAgent":""}
{"timestamp":"2025-05-08T12:04:43.001Z","userId":681,"action":"view","resourceType":"HealthData","resourceId":"latest","details":"MongoDB view on HealthData","userIp":"","userAgent":""}
{"timestamp":"2025-05-08T12:04:43.028Z","userId":681,"action":"view","resourceType":"HealthData","resourceId":"latest","details":"MongoDB view on HealthData","userIp":"","userAgent":""}
{"timestamp":"2025-05-08T12:04:43.060Z","userId":681,"action":"view","resourceType":"HealthData","resourceId":"latest","details":"MongoDB view on HealthData","userIp":"","userAgent":""}
{"timestamp":"2025-05-08T12:04:43.091Z","userId":681,"action":"view","resourceType":"HealthData","resourceId":"latest","details":"MongoDB view on HealthData","userIp":"","userAgent":""}
{"timestamp":"2025-05-08T12:04:43.113Z","userId":681,"action":"view","resourceType":"HealthData","resourceId":"latest","details":"MongoDB view on HealthData","userIp":"","userAgent":""}
{"timestamp":"2025-05-08T12:04:43.147Z","userId":681,"action":"view","resourceType":"HealthData","resourceId":"latest","details":"MongoDB view on HealthData","userIp":"","userAgent":""}
{"timestamp":"2025-05-08T12:04:43.177Z","userId":681,"action":"view","resourceType":"HealthData","resourceId":"latest","details":"MongoDB view on HealthData","userIp":"","userAgent":""}
{"timestamp":"2025-05-08T12:04:43.204Z","userId":681,"action":"view","resourceType":"HealthData","resourceId":"latest","details":"MongoDB view on HealthData","userIp":"","userAgent":""}
{"timestamp":"2025-05-08T12:04:43.244Z","userId":681,"action":"view","resourceType":"HealthData","resourceId":"latest","details":"MongoDB view on HealthData","userIp":"","userAgent":""}
{"timestamp":"2025-05-08T12:04:43.263Z","userId":681,"action":"view","resourceType":"HealthData","resourceId":"latest","details":"MongoDB view on HealthData","userIp":"","userAgent":""}
{"timestamp":"2025-05-08T12:04:43.274Z","userId":681,"action":"view","resourceType":"HealthData","resourceId":"latest","details":"MongoDB view on HealthData","userIp":"","userAgent":""}
{"timestamp":"2025-05-08T12:04:43.285Z","userId":681,"action":"view","resourceType":"HealthData","resourceId":"latest","details":"MongoDB view on HealthData","userIp":"","userAgent":""}
{"timestamp":"2025-05-08T12:04:43.293Z","userId":681,"action":"view","resourceType":"HealthData","resourceId":"latest","details":"MongoDB view on HealthData","userIp":"","userAgent":""}
{"timestamp":"2025-05-08T12:04:43.300Z","userId":681,"action":"view","resourceType":"HealthData","resourceId":"latest","details":"MongoDB view on HealthData","userIp":"","userAgent":""}
{"timestamp":"2025-05-08T12:04:43.316Z","userId":681,"action":"view","resourceType":"HealthData","resourceId":"latest","details":"MongoDB view on HealthData","userIp":"","userAgent":""}
{"timestamp":"2025-05-08T12:04:43.334Z","userId":681,"action":"view","resourceType":"HealthData","resourceId":"latest","details":"MongoDB view on HealthData","userIp":"","userAgent":""}
{"timestamp":"2025-05-08T12:04:43.353Z","userId":681,"action":"view","resourceType":"HealthData","resourceId":"latest","details":"MongoDB view on HealthData","userIp":"","userAgent":""}
{"timestamp":"2025-05-08T12:04:43.362Z","userId":681,"action":"view","resourceType":"HealthData","resourceId":"latest","details":"MongoDB view on HealthData","userIp":"","userAgent":""}
{"timestamp":"2025-05-08T12:04:43.367Z","userId":681,"action":"view","resourceType":"HealthData","resourceId":"latest","details":"MongoDB view on HealthData","userIp":"","userAgent":""}
{"timestamp":"2025-05-08T12:04:43.372Z","userId":681,"action":"view","resourceType":"HealthData","resourceId":"latest","details":"MongoDB view on HealthData","userIp":"","userAgent":""}
{"timestamp":"2025-05-08T12:04:43.377Z","userId":681,"action":"view","resourceType":"HealthData","resourceId":"latest","details":"MongoDB view on HealthData","userIp":"","userAgent":""}
{"timestamp":"2025-05-08T12:04:43.382Z","userId":681,"action":"view","resourceType":"HealthData","resourceId":"latest","details":"MongoDB view on HealthData","userIp":"","userAgent":""}
{"timestamp":"2025-05-08T12:04:43.388Z","userId":681,"action":"view","resourceType":"HealthData","resourceId":"latest","details":"MongoDB view on HealthData","userIp":"","userAgent":""}
{"timestamp":"2025-05-08T12:04:43.392Z","userId":681,"action":"view","resourceType":"HealthData","resourceId":"latest","details":"MongoDB view on HealthData","userIp":"","userAgent":""}
{"timestamp":"2025-05-08T12:04:43.397Z","userId":681,"action":"view","resourceType":"HealthData","resourceId":"latest","details":"MongoDB view on HealthData","userIp":"","userAgent":""}
{"timestamp":"2025-05-08T12:04:43.400Z","userId":681,"action":"view","resourceType":"HealthData","resourceId":"latest","details":"MongoDB view on HealthData","userIp":"","userAgent":""}
{"timestamp":"2025-05-08T12:04:43.406Z","userId":681,"action":"view","resourceType":"HealthData","resourceId":"latest","details":"MongoDB view on HealthData","userIp":"","userAgent":""}
{"timestamp":"2025-05-08T12:04:43.409Z","userId":681,"action":"view","resourceType":"HealthData","resourceId":"latest","details":"MongoDB view on HealthData","userIp":"","userAgent":""}
{"timestamp":"2025-05-08T12:04:43.413Z","userId":681,"action":"view","resourceType":"HealthData","resourceId":"latest","details":"MongoDB view on HealthData","userIp":"","userAgent":""}
{"timestamp":"2025-05-08T12:04:43.419Z","userId":681,"action":"view","resourceType":"HealthData","resourceId":"latest","details":"MongoDB view on HealthData","userIp":"","userAgent":""}
{"timestamp":"2025-05-08T12:04:43.424Z","userId":681,"action":"view","resourceType":"HealthData","resourceId":"latest","details":"MongoDB view on HealthData","userIp":"","userAgent":""}
{"timestamp":"2025-05-08T12:04:43.427Z","userId":681,"action":"view","resourceType":"HealthData","resourceId":"latest","details":"MongoDB view on HealthData","userIp":"","userAgent":""}
{"timestamp":"2025-05-08T12:04:43.432Z","userId":681,"action":"view","resourceType":"HealthData","resourceId":"latest","details":"MongoDB view on HealthData","userIp":"","userAgent":""}
{"timestamp":"2025-05-08T12:04:43.437Z","userId":681,"action":"view","resourceType":"HealthData","resourceId":"latest","details":"MongoDB view on HealthData","userIp":"","userAgent":""}
{"timestamp":"2025-05-08T12:04:43.441Z","userId":681,"action":"view","resourceType":"HealthData","resourceId":"latest","details":"MongoDB view on HealthData","userIp":"","userAgent":""}
{"timestamp":"2025-05-08T12:04:43.446Z","userId":681,"action":"view","resourceType":"HealthData","resourceId":"latest","details":"MongoDB view on HealthData","userIp":"","userAgent":""}
{"timestamp":"2025-05-08T12:04:43.450Z","userId":681,"action":"view","resourceType":"HealthData","resourceId":"latest","details":"MongoDB view on HealthData","userIp":"","userAgent":""}
{"timestamp":"2025-05-08T12:04:43.454Z","userId":681,"action":"view","resourceType":"HealthData","resourceId":"latest","details":"MongoDB view on HealthData","userIp":"","userAgent":""}
{"timestamp":"2025-05-08T12:04:43.458Z","userId":681,"action":"view","resourceType":"HealthData","resourceId":"latest","details":"MongoDB view on HealthData","userIp":"","userAgent":""}
{"timestamp":"2025-05-08T12:04:43.463Z","userId":681,"action":"view","resourceType":"HealthData","resourceId":"latest","details":"MongoDB view on HealthData","userIp":"","userAgent":""}
{"timestamp":"2025-05-08T12:04:43.467Z","userId":681,"action":"view","resourceType":"HealthData","resourceId":"latest","details":"MongoDB view on HealthData","userIp":"","userAgent":""}
{"timestamp":"2025-05-08T12:04:43.472Z","userId":681,"action":"view","resourceType":"HealthData","resourceId":"latest","details":"MongoDB view on HealthData","userIp":"","userAgent":""}
{"timestamp":"2025-05-08T12:04:43.477Z","userId":681,"action":"view","resourceType":"HealthData","resourceId":"latest","details":"MongoDB view on HealthData","userIp":"","userAgent":""}
{"timestamp":"2025-05-08T12:04:43.482Z","userId":681,"action":"view","resourceType":"HealthData","resourceId":"latest","details":"MongoDB view on HealthData","userIp":"","userAgent":""}
{"timestamp":"2025-05-08T12:04:43.488Z","userId":681,"action":"view","resourceType":"HealthData","resourceId":"latest","details":"MongoDB view on HealthData","userIp":"","userAgent":""}
{"timestamp":"2025-05-08T12:04:43.494Z","userId":681,"action":"view","resourceType":"HealthData","resourceId":"latest","details":"MongoDB view on HealthData","userIp":"","userAgent":""}
{"timestamp":"2025-05-08T12:04:43.498Z","userId":681,"action":"view","resourceType":"HealthData","resourceId":"latest","details":"MongoDB view on HealthData","userIp":"","userAgent":""}
{"timestamp":"2025-05-08T12:04:43.503Z","userId":681,"action":"view","resourceType":"HealthData","resourceId":"latest","details":"MongoDB view on HealthData","userIp":"","userAgent":""}
{"timestamp":"2025-05-08T12:04:43.509Z","userId":681,"action":"view","resourceType":"HealthData","resourceId":"latest","details":"MongoDB view on HealthData","userIp":"","userAgent":""}
{"timestamp":"2025-05-08T12:04:43.513Z","userId":681,"action":"view","resourceType":"HealthData","resourceId":"latest","details":"MongoDB view on HealthData","userIp":"","userAgent":""}
{"timestamp":"2025-05-08T12:04:43.518Z","userId":681,"action":"view","resourceType":"HealthData","resourceId":"latest","details":"MongoDB view on HealthData","userIp":"","userAgent":""}
{"timestamp":"2025-05-08T12:04:43.523Z","userId":681,"action":"view","resourceType":"HealthData","resourceId":"latest","details":"MongoDB view on HealthData","userIp":"","userAgent":""}
{"timestamp":"2025-05-08T12:04:43.526Z","userId":681,"action":"view","resourceType":"HealthData","resourceId":"latest","details":"MongoDB view on HealthData","userIp":"","userAgent":""}
{"timestamp":"2025-05-08T12:04:43.530Z","userId":681,"action":"view","resourceType":"HealthData","resourceId":"latest","details":"MongoDB view on HealthData","userIp":"","userAgent":""}
{"timestamp":"2025-05-08T12:04:43.532Z","userId":681,"action":"view","resourceType":"HealthData","resourceId":"latest","details":"MongoDB view on HealthData","userIp":"","userAgent":""}
{"timestamp":"2025-05-08T12:04:43.536Z","userId":681,"action":"view","resourceType":"HealthData","resourceId":"latest","details":"MongoDB view on HealthData","userIp":"","userAgent":""}
{"timestamp":"2025-05-08T12:04:43.541Z","userId":681,"action":"view","resourceType":"HealthData","resourceId":"latest","details":"MongoDB view on HealthData","userIp":"","userAgent":""}
{"timestamp":"2025-05-08T12:04:43.546Z","userId":681,"action":"view","resourceType":"HealthData","resourceId":"latest","details":"MongoDB view on HealthData","userIp":"","userAgent":""}
{"timestamp":"2025-05-08T12:04:43.552Z","userId":681,"action":"view","resourceType":"HealthData","resourceId":"latest","details":"MongoDB view on HealthData","userIp":"","userAgent":""}
{"timestamp":"2025-05-08T12:04:43.556Z","userId":681,"action":"view","resourceType":"HealthData","resourceId":"latest","details":"MongoDB view on HealthData","userIp":"","userAgent":""}
{"timestamp":"2025-05-08T12:04:43.561Z","userId":681,"action":"view","resourceType":"HealthData","resourceId":"latest","details":"MongoDB view on HealthData","userIp":"","userAgent":""}
{"timestamp":"2025-05-08T12:04:43.566Z","userId":681,"action":"view","resourceType":"HealthData","resourceId":"latest","details":"MongoDB view on HealthData","userIp":"","userAgent":""}
{"timestamp":"2025-05-08T12:04:43.577Z","userId":681,"action":"view","resourceType":"HealthData","resourceId":"latest","details":"MongoDB view on HealthData","userIp":"","userAgent":""}
{"timestamp":"2025-05-08T12:04:43.582Z","userId":681,"action":"view","resourceType":"HealthData","resourceId":"latest","details":"MongoDB view on HealthData","userIp":"","userAgent":""}
{"timestamp":"2025-05-08T12:04:43.587Z","userId":681,"action":"view","resourceType":"HealthData","resourceId":"latest","details":"MongoDB view on HealthData","userIp":"","userAgent":""}
{"timestamp":"2025-05-08T12:04:43.593Z","userId":681,"action":"view","resourceType":"HealthData","resourceId":"latest","details":"MongoDB view on HealthData","userIp":"","userAgent":""}
{"timestamp":"2025-05-08T12:04:43.598Z","userId":681,"action":"view","resourceType":"HealthData","resourceId":"latest","details":"MongoDB view on HealthData","userIp":"","userAgent":""}
{"timestamp":"2025-05-08T12:04:43.602Z","userId":681,"action":"view","resourceType":"HealthData","resourceId":"latest","details":"MongoDB view on HealthData","userIp":"","userAgent":""}
{"timestamp":"2025-05-08T12:04:43.608Z","userId":681,"action":"view","resourceType":"HealthData","resourceId":"latest","details":"MongoDB view on HealthData","userIp":"","userAgent":""}
{"timestamp":"2025-05-08T12:04:43.614Z","userId":681,"action":"view","resourceType":"HealthData","resourceId":"latest","details":"MongoDB view on HealthData","userIp":"","userAgent":""}
{"timestamp":"2025-05-08T12:04:43.619Z","userId":681,"action":"view","resourceType":"HealthData","resourceId":"latest","details":"MongoDB view on HealthData","userIp":"","userAgent":""}
{"timestamp":"2025-05-08T12:04:43.624Z","userId":681,"action":"view","resourceType":"HealthData","resourceId":"latest","details":"MongoDB view on HealthData","userIp":"","userAgent":""}
{"timestamp":"2025-05-08T12:04:43.628Z","userId":681,"action":"view","resourceType":"HealthData","resourceId":"latest","details":"MongoDB view on HealthData","userIp":"","userAgent":""}
{"timestamp":"2025-05-08T12:04:43.633Z","userId":681,"action":"view","resourceType":"HealthData","resourceId":"latest","details":"MongoDB view on HealthData","userIp":"","userAgent":""}
{"timestamp":"2025-05-08T12:04:43.637Z","userId":681,"action":"view","resourceType":"HealthData","resourceId":"latest","details":"MongoDB view on HealthData","userIp":"","userAgent":""}
{"timestamp":"2025-05-08T12:04:43.642Z","userId":681,"action":"view","resourceType":"HealthData","resourceId":"latest","details":"MongoDB view on HealthData","userIp":"","userAgent":""}
{"timestamp":"2025-05-08T12:04:43.647Z","userId":681,"action":"view","resourceType":"HealthData","resourceId":"latest","details":"MongoDB view on HealthData","userIp":"","userAgent":""}
{"timestamp":"2025-05-08T12:04:43.652Z","userId":681,"action":"view","resourceType":"HealthData","resourceId":"latest","details":"MongoDB view on HealthData","userIp":"","userAgent":""}
{"timestamp":"2025-05-08T12:04:43.657Z","userId":681,"action":"view","resourceType":"HealthData","resourceId":"latest","details":"MongoDB view on HealthData","userIp":"","userAgent":""}
{"timestamp":"2025-05-08T12:04:43.662Z","userId":681,"action":"view","resourceType":"HealthData","resourceId":"latest","details":"MongoDB view on HealthData","userIp":"","userAgent":""}
{"timestamp":"2025-05-08T12:04:43.668Z","userId":681,"action":"view","resourceType":"HealthData","resourceId":"latest","details":"MongoDB view on HealthData","userIp":"","userAgent":""}
{"timestamp":"2025-05-08T12:04:43.674Z","userId":681,"action":"view","resourceType":"HealthData","resourceId":"latest","details":"MongoDB view on HealthData","userIp":"","userAgent":""}
{"timestamp":"2025-05-08T12:04:43.679Z","userId":681,"action":"view","resourceType":"HealthData","resourceId":"latest","details":"MongoDB view on HealthData","userIp":"","userAgent":""}
{"timestamp":"2025-05-08T12:04:43.685Z","userId":681,"action":"view","resourceType":"HealthData","resourceId":"latest","details":"MongoDB view on HealthData","userIp":"","userAgent":""}
{"timestamp":"2025-05-08T12:04:43.690Z","userId":681,"action":"view","resourceType":"HealthData","resourceId":"latest","details":"MongoDB view on HealthData","userIp":"","userAgent":""}
{"timestamp":"2025-05-08T12:04:43.696Z","userId":681,"action":"view","resourceType":"HealthData","resourceId":"latest","details":"MongoDB view on HealthData","userIp":"","userAgent":""}
{"timestamp":"2025-05-08T12:04:43.702Z","userId":681,"action":"view","resourceType":"HealthData","resourceId":"latest","details":"MongoDB view on HealthData","userIp":"","userAgent":""}
{"timestamp":"2025-05-08T12:04:43.706Z","userId":681,"action":"view","resourceType":"HealthData","resourceId":"latest","details":"MongoDB view on HealthData","userIp":"","userAgent":""}
{"timestamp":"2025-05-08T12:04:43.711Z","userId":681,"action":"view","resourceType":"HealthData","resourceId":"latest","details":"MongoDB view on HealthData","userIp":"","userAgent":""}
{"timestamp":"2025-05-08T12:04:43.716Z","userId":681,"action":"view","resourceType":"HealthData","resourceId":"latest","details":"MongoDB view on HealthData","userIp":"","userAgent":""}
{"timestamp":"2025-05-08T12:04:43.721Z","userId":681,"action":"view","resourceType":"HealthData","resourceId":"latest","details":"MongoDB view on HealthData","userIp":"","userAgent":""}
{"timestamp":"2025-05-08T12:04:43.728Z","userId":681,"action":"view","resourceType":"HealthData","resourceId":"latest","details":"MongoDB view on HealthData","userIp":"","userAgent":""}
{"timestamp":"2025-05-08T12:04:43.734Z","userId":681,"action":"view","resourceType":"HealthData","resourceId":"latest","details":"MongoDB view on HealthData","userIp":"","userAgent":""}
{"timestamp":"2025-05-08T12:04:43.739Z","userId":681,"action":"view","resourceType":"HealthData","resourceId":"latest","details":"MongoDB view on HealthData","userIp":"","userAgent":""}
{"timestamp":"2025-05-08T12:04:43.746Z","userId":681,"action":"view","resourceType":"HealthData","resourceId":"latest","details":"MongoDB view on HealthData","userIp":"","userAgent":""}
{"timestamp":"2025-05-08T12:04:43.751Z","userId":681,"action":"view","resourceType":"HealthData","resourceId":"latest","details":"MongoDB view on HealthData","userIp":"","userAgent":""}
{"timestamp":"2025-05-08T12:04:43.756Z","userId":681,"action":"view","resourceType":"HealthData","resourceId":"latest","details":"MongoDB view on HealthData","userIp":"","userAgent":""}
{"timestamp":"2025-05-08T12:04:43.761Z","userId":681,"action":"view","resourceType":"HealthData","resourceId":"latest","details":"MongoDB view on HealthData","userIp":"","userAgent":""}
{"timestamp":"2025-05-08T12:04:43.766Z","userId":681,"action":"view","resourceType":"HealthData","resourceId":"latest","details":"MongoDB view on HealthData","userIp":"","userAgent":""}
{"timestamp":"2025-05-08T12:04:43.771Z","userId":681,"action":"view","resourceType":"HealthData","resourceId":"latest","details":"MongoDB view on HealthData","userIp":"","userAgent":""}
{"timestamp":"2025-05-08T12:04:43.776Z","userId":681,"action":"view","resourceType":"HealthData","resourceId":"latest","details":"MongoDB view on HealthData","userIp":"","userAgent":""}
{"timestamp":"2025-05-08T12:04:43.781Z","userId":681,"action":"view","resourceType":"HealthData","resourceId":"latest","details":"MongoDB view on HealthData","userIp":"","userAgent":""}
{"timestamp":"2025-05-08T12:04:43.786Z","userId":681,"action":"view","resourceType":"HealthData","resourceId":"latest","details":"MongoDB view on HealthData","userIp":"","userAgent":""}
{"timestamp":"2025-05-08T12:04:43.791Z","userId":681,"action":"view","resourceType":"HealthData","resourceId":"latest","details":"MongoDB view on HealthData","userIp":"","userAgent":""}
{"timestamp":"2025-05-08T12:04:43.796Z","userId":681,"action":"view","resourceType":"HealthData","resourceId":"latest","details":"MongoDB view on HealthData","userIp":"","userAgent":""}
{"timestamp":"2025-05-08T12:04:43.801Z","userId":681,"action":"view","resourceType":"HealthData","resourceId":"latest","details":"MongoDB view on HealthData","userIp":"","userAgent":""}
{"timestamp":"2025-05-08T12:04:43.806Z","userId":681,"action":"view","resourceType":"HealthData","resourceId":"latest","details":"MongoDB view on HealthData","userIp":"","userAgent":""}
{"timestamp":"2025-05-08T12:04:43.811Z","userId":681,"action":"view","resourceType":"HealthData","resourceId":"latest","details":"MongoDB view on HealthData","userIp":"","userAgent":""}
{"timestamp":"2025-05-08T12:04:43.817Z","userId":681,"action":"view","resourceType":"HealthData","resourceId":"latest","details":"MongoDB view on HealthData","userIp":"","userAgent":""}
{"timestamp":"2025-05-08T12:04:43.823Z","userId":681,"action":"view","resourceType":"HealthData","resourceId":"latest","details":"MongoDB view on HealthData","userIp":"","userAgent":""}
{"timestamp":"2025-05-08T12:04:43.829Z","userId":681,"action":"view","resourceType":"HealthData","resourceId":"latest","details":"MongoDB view on HealthData","userIp":"","userAgent":""}
{"timestamp":"2025-05-08T12:04:43.834Z","userId":681,"action":"view","resourceType":"HealthData","resourceId":"latest","details":"MongoDB view on HealthData","userIp":"","userAgent":""}
{"timestamp":"2025-05-08T12:04:43.839Z","userId":681,"action":"view","resourceType":"HealthData","resourceId":"latest","details":"MongoDB view on HealthData","userIp":"","userAgent":""}
{"timestamp":"2025-05-08T12:04:43.844Z","userId":681,"action":"view","resourceType":"HealthData","resourceId":"latest","details":"MongoDB view on HealthData","userIp":"","userAgent":""}
{"timestamp":"2025-05-08T12:04:43.849Z","userId":681,"action":"view","resourceType":"HealthData","resourceId":"latest","details":"MongoDB view on HealthData","userIp":"","userAgent":""}
{"timestamp":"2025-05-08T12:04:43.855Z","userId":681,"action":"view","resourceType":"HealthData","resourceId":"latest","details":"MongoDB view on HealthData","userIp":"","userAgent":""}
{"timestamp":"2025-05-08T12:04:43.860Z","userId":681,"action":"view","resourceType":"HealthData","resourceId":"latest","details":"MongoDB view on HealthData","userIp":"","userAgent":""}
{"timestamp":"2025-05-08T12:04:43.866Z","userId":681,"action":"view","resourceType":"HealthData","resourceId":"latest","details":"MongoDB view on HealthData","userIp":"","userAgent":""}
{"timestamp":"2025-05-08T12:04:43.870Z","userId":681,"action":"view","resourceType":"HealthData","resourceId":"latest","details":"MongoDB view on HealthData","userIp":"","userAgent":""}
{"timestamp":"2025-05-08T12:04:43.875Z","userId":681,"action":"view","resourceType":"HealthData","resourceId":"latest","details":"MongoDB view on HealthData","userIp":"","userAgent":""}
{"timestamp":"2025-05-08T12:04:43.880Z","userId":681,"action":"view","resourceType":"HealthData","resourceId":"latest","details":"MongoDB view on HealthData","userIp":"","userAgent":""}
{"timestamp":"2025-05-08T12:04:43.886Z","userId":681,"action":"view","resourceType":"HealthData","resourceId":"latest","details":"MongoDB view on HealthData","userIp":"","userAgent":""}
{"timestamp":"2025-05-08T12:04:43.891Z","userId":681,"action":"view","resourceType":"HealthData","resourceId":"latest","details":"MongoDB view on HealthData","userIp":"","userAgent":""}
{"timestamp":"2025-05-08T12:04:43.897Z","userId":681,"action":"view","resourceType":"HealthData","resourceId":"latest","details":"MongoDB view on HealthData","userIp":"","userAgent":""}
{"timestamp":"2025-05-08T12:04:43.902Z","userId":681,"action":"view","resourceType":"HealthData","resourceId":"latest","details":"MongoDB view on HealthData","userIp":"","userAgent":""}
{"timestamp":"2025-05-08T12:04:43.907Z","userId":681,"action":"view","resourceType":"HealthData","resourceId":"latest","details":"MongoDB view on HealthData","userIp":"","userAgent":""}
{"timestamp":"2025-05-08T12:04:43.912Z","userId":681,"action":"view","resourceType":"HealthData","resourceId":"latest","details":"MongoDB view on HealthData","userIp":"","userAgent":""}
{"timestamp":"2025-05-08T12:04:43.918Z","userId":681,"action":"view","resourceType":"HealthData","resourceId":"latest","details":"MongoDB view on HealthData","userIp":"","userAgent":""}
{"timestamp":"2025-05-08T12:04:43.923Z","userId":681,"action":"view","resourceType":"HealthData","resourceId":"latest","details":"MongoDB view on HealthData","userIp":"","userAgent":""}
{"timestamp":"2025-05-08T12:04:43.927Z","userId":681,"action":"view","resourceType":"HealthData","resourceId":"latest","details":"MongoDB view on HealthData","userIp":"","userAgent":""}
{"timestamp":"2025-05-08T12:04:43.932Z","userId":681,"action":"view","resourceType":"HealthData","resourceId":"latest","details":"MongoDB view on HealthData","userIp":"","userAgent":""}
{"timestamp":"2025-05-08T12:04:43.964Z","userId":681,"action":"view","resourceType":"HealthData","resourceId":"latest","details":"MongoDB view on HealthData","userIp":"","userAgent":""}
{"timestamp":"2025-05-08T12:04:43.979Z","userId":681,"action":"view","resourceType":"HealthData","resourceId":"latest","details":"MongoDB view on HealthData","userIp":"","userAgent":""}
{"timestamp":"2025-05-08T12:04:43.999Z","userId":681,"action":"view","resourceType":"HealthData","resourceId":"latest","details":"MongoDB view on HealthData","userIp":"","userAgent":""}
{"timestamp":"2025-05-08T12:04:44.015Z","userId":681,"action":"view","resourceType":"HealthData","resourceId":"latest","details":"MongoDB view on HealthData","userIp":"","userAgent":""}
{"timestamp":"2025-05-08T12:04:44.025Z","userId":681,"action":"view","resourceType":"HealthData","resourceId":"latest","details":"MongoDB view on HealthData","userIp":"","userAgent":""}
{"timestamp":"2025-05-08T12:04:44.031Z","userId":681,"action":"view","resourceType":"HealthData","resourceId":"latest","details":"MongoDB view on HealthData","userIp":"","userAgent":""}
{"timestamp":"2025-05-08T12:04:44.039Z","userId":681,"action":"view","resourceType":"HealthData","resourceId":"latest","details":"MongoDB view on HealthData","userIp":"","userAgent":""}
{"timestamp":"2025-05-08T12:04:44.047Z","userId":681,"action":"view","resourceType":"HealthData","resourceId":"latest","details":"MongoDB view on HealthData","userIp":"","userAgent":""}
{"timestamp":"2025-05-08T12:04:44.052Z","userId":681,"action":"view","resourceType":"HealthData","resourceId":"latest","details":"MongoDB view on HealthData","userIp":"","userAgent":""}
{"timestamp":"2025-05-08T12:04:44.056Z","userId":681,"action":"view","resourceType":"HealthData","resourceId":"latest","details":"MongoDB view on HealthData","userIp":"","userAgent":""}
{"timestamp":"2025-05-08T12:04:44.060Z","userId":681,"action":"view","resourceType":"HealthData","resourceId":"latest","details":"MongoDB view on HealthData","userIp":"","userAgent":""}
{"timestamp":"2025-05-08T12:04:44.066Z","userId":681,"action":"view","resourceType":"HealthData","resourceId":"latest","details":"MongoDB view on HealthData","userIp":"","userAgent":""}
{"timestamp":"2025-05-08T12:04:44.072Z","userId":681,"action":"view","resourceType":"HealthData","resourceId":"latest","details":"MongoDB view on HealthData","userIp":"","userAgent":""}
{"timestamp":"2025-05-08T12:04:44.077Z","userId":681,"action":"view","resourceType":"HealthData","resourceId":"latest","details":"MongoDB view on HealthData","userIp":"","userAgent":""}
{"timestamp":"2025-05-08T12:04:44.082Z","userId":681,"action":"view","resourceType":"HealthData","resourceId":"latest","details":"MongoDB view on HealthData","userIp":"","userAgent":""}
{"timestamp":"2025-05-08T12:04:44.085Z","userId":681,"action":"view","resourceType":"HealthData","resourceId":"latest","details":"MongoDB view on HealthData","userIp":"","userAgent":""}
{"timestamp":"2025-05-08T12:04:44.090Z","userId":681,"action":"view","resourceType":"HealthData","resourceId":"latest","details":"MongoDB view on HealthData","userIp":"","userAgent":""}
{"timestamp":"2025-05-08T12:04:44.094Z","userId":681,"action":"view","resourceType":"HealthData","resourceId":"latest","details":"MongoDB view on HealthData","userIp":"","userAgent":""}
{"timestamp":"2025-05-08T12:04:44.099Z","userId":681,"action":"view","resourceType":"HealthData","resourceId":"latest","details":"MongoDB view on HealthData","userIp":"","userAgent":""}
{"timestamp":"2025-05-08T12:04:44.105Z","userId":681,"action":"view","resourceType":"HealthData","resourceId":"latest","details":"MongoDB view on HealthData","userIp":"","userAgent":""}
{"timestamp":"2025-05-08T12:04:44.110Z","userId":681,"action":"view","resourceType":"HealthData","resourceId":"latest","details":"MongoDB view on HealthData","userIp":"","userAgent":""}
{"timestamp":"2025-05-08T12:04:44.116Z","userId":681,"action":"view","resourceType":"HealthData","resourceId":"latest","details":"MongoDB view on HealthData","userIp":"","userAgent":""}
{"timestamp":"2025-05-08T12:04:44.121Z","userId":681,"action":"view","resourceType":"HealthData","resourceId":"latest","details":"MongoDB view on HealthData","userIp":"","userAgent":""}
{"timestamp":"2025-05-08T12:04:44.127Z","userId":681,"action":"view","resourceType":"HealthData","resourceId":"latest","details":"MongoDB view on HealthData","userIp":"","userAgent":""}
{"timestamp":"2025-05-08T12:04:44.131Z","userId":681,"action":"view","resourceType":"HealthData","resourceId":"latest","details":"MongoDB view on HealthData","userIp":"","userAgent":""}
{"timestamp":"2025-05-08T12:04:44.136Z","userId":681,"action":"view","resourceType":"HealthData","resourceId":"latest","details":"MongoDB view on HealthData","userIp":"","userAgent":""}
{"timestamp":"2025-05-08T12:04:44.141Z","userId":681,"action":"view","resourceType":"HealthData","resourceId":"latest","details":"MongoDB view on HealthData","userIp":"","userAgent":""}
{"timestamp":"2025-05-08T12:04:44.156Z","userId":681,"action":"view","resourceType":"HealthData","resourceId":"latest","details":"MongoDB view on HealthData","userIp":"","userAgent":""}
{"timestamp":"2025-05-08T12:04:44.160Z","userId":681,"action":"view","resourceType":"HealthData","resourceId":"latest","details":"MongoDB view on HealthData","userIp":"","userAgent":""}
{"timestamp":"2025-05-08T12:04:44.164Z","userId":681,"action":"view","resourceType":"HealthData","resourceId":"latest","details":"MongoDB view on HealthData","userIp":"","userAgent":""}
{"timestamp":"2025-05-08T12:04:44.170Z","userId":681,"action":"view","resourceType":"HealthData","resourceId":"latest","details":"MongoDB view on HealthData","userIp":"","userAgent":""}
{"timestamp":"2025-05-08T12:04:44.175Z","userId":681,"action":"view","resourceType":"HealthData","resourceId":"latest","details":"MongoDB view on HealthData","userIp":"","userAgent":""}
{"timestamp":"2025-05-08T12:04:44.181Z","userId":681,"action":"view","resourceType":"HealthData","resourceId":"latest","details":"MongoDB view on HealthData","userIp":"","userAgent":""}
{"timestamp":"2025-05-08T12:04:44.186Z","userId":681,"action":"view","resourceType":"HealthData","resourceId":"latest","details":"MongoDB view on HealthData","userIp":"","userAgent":""}
{"timestamp":"2025-05-08T12:04:44.191Z","userId":681,"action":"view","resourceType":"HealthData","resourceId":"latest","details":"MongoDB view on HealthData","userIp":"","userAgent":""}
{"timestamp":"2025-05-08T12:04:44.194Z","userId":681,"action":"view","resourceType":"HealthData","resourceId":"latest","details":"MongoDB view on HealthData","userIp":"","userAgent":""}
{"timestamp":"2025-05-08T12:04:44.200Z","userId":681,"action":"view","resourceType":"HealthData","resourceId":"latest","details":"MongoDB view on HealthData","userIp":"","userAgent":""}
{"timestamp":"2025-05-08T12:04:44.205Z","userId":681,"action":"view","resourceType":"HealthData","resourceId":"latest","details":"MongoDB view on HealthData","userIp":"","userAgent":""}
{"timestamp":"2025-05-08T12:04:44.209Z","userId":681,"action":"view","resourceType":"HealthData","resourceId":"latest","details":"MongoDB view on HealthData","userIp":"","userAgent":""}
{"timestamp":"2025-05-08T12:04:44.213Z","userId":681,"action":"view","resourceType":"HealthData","resourceId":"latest","details":"MongoDB view on HealthData","userIp":"","userAgent":""}
{"timestamp":"2025-05-08T12:04:44.219Z","userId":681,"action":"view","resourceType":"HealthData","resourceId":"latest","details":"MongoDB view on HealthData","userIp":"","userAgent":""}
{"timestamp":"2025-05-08T12:04:44.224Z","userId":681,"action":"view","resourceType":"HealthData","resourceId":"latest","details":"MongoDB view on HealthData","userIp":"","userAgent":""}
{"timestamp":"2025-05-08T12:04:44.229Z","userId":681,"action":"view","resourceType":"HealthData","resourceId":"latest","details":"MongoDB view on HealthData","userIp":"","userAgent":""}
{"timestamp":"2025-05-08T12:04:44.234Z","userId":681,"action":"view","resourceType":"HealthData","resourceId":"latest","details":"MongoDB view on HealthData","userIp":"","userAgent":""}
{"timestamp":"2025-05-08T12:04:44.239Z","userId":681,"action":"view","resourceType":"HealthData","resourceId":"latest","details":"MongoDB view on HealthData","userIp":"","userAgent":""}
{"timestamp":"2025-05-08T12:04:44.244Z","userId":681,"action":"view","resourceType":"HealthData","resourceId":"latest","details":"MongoDB view on HealthData","userIp":"","userAgent":""}
{"timestamp":"2025-05-08T12:04:44.248Z","userId":681,"action":"view","resourceType":"HealthData","resourceId":"latest","details":"MongoDB view on HealthData","userIp":"","userAgent":""}
{"timestamp":"2025-05-08T12:04:44.254Z","userId":681,"action":"view","resourceType":"HealthData","resourceId":"latest","details":"MongoDB view on HealthData","userIp":"","userAgent":""}
{"timestamp":"2025-05-08T12:04:44.258Z","userId":681,"action":"view","resourceType":"HealthData","resourceId":"latest","details":"MongoDB view on HealthData","userIp":"","userAgent":""}
{"timestamp":"2025-05-08T12:04:44.263Z","userId":681,"action":"view","resourceType":"HealthData","resourceId":"latest","details":"MongoDB view on HealthData","userIp":"","userAgent":""}
{"timestamp":"2025-05-08T12:04:44.269Z","userId":681,"action":"view","resourceType":"HealthData","resourceId":"latest","details":"MongoDB view on HealthData","userIp":"","userAgent":""}
{"timestamp":"2025-05-08T12:04:44.274Z","userId":681,"action":"view","resourceType":"HealthData","resourceId":"latest","details":"MongoDB view on HealthData","userIp":"","userAgent":""}
{"timestamp":"2025-05-08T12:04:44.278Z","userId":681,"action":"view","resourceType":"HealthData","resourceId":"latest","details":"MongoDB view on HealthData","userIp":"","userAgent":""}
{"timestamp":"2025-05-08T12:04:44.284Z","userId":681,"action":"view","resourceType":"HealthData","resourceId":"latest","details":"MongoDB view on HealthData","userIp":"","userAgent":""}
{"timestamp":"2025-05-08T12:04:44.289Z","userId":681,"action":"view","resourceType":"HealthData","resourceId":"latest","details":"MongoDB view on HealthData","userIp":"","userAgent":""}
{"timestamp":"2025-05-08T12:04:44.292Z","userId":681,"action":"view","resourceType":"HealthData","resourceId":"latest","details":"MongoDB view on HealthData","userIp":"","userAgent":""}
{"timestamp":"2025-05-08T12:04:44.297Z","userId":681,"action":"view","resourceType":"HealthData","resourceId":"latest","details":"MongoDB view on HealthData","userIp":"","userAgent":""}
{"timestamp":"2025-05-08T12:04:44.302Z","userId":681,"action":"view","resourceType":"HealthData","resourceId":"latest","details":"MongoDB view on HealthData","userIp":"","userAgent":""}
{"timestamp":"2025-05-08T12:04:44.312Z","userId":681,"action":"view","resourceType":"HealthData","resourceId":"latest","details":"MongoDB view on HealthData","userIp":"","userAgent":""}
{"timestamp":"2025-05-08T12:04:44.317Z","userId":681,"action":"view","resourceType":"HealthData","resourceId":"latest","details":"MongoDB view on HealthData","userIp":"","userAgent":""}
{"timestamp":"2025-05-08T12:04:44.322Z","userId":681,"action":"view","resourceType":"HealthData","resourceId":"latest","details":"MongoDB view on HealthData","userIp":"","userAgent":""}
{"timestamp":"2025-05-08T12:04:44.325Z","userId":681,"action":"view","resourceType":"HealthData","resourceId":"latest","details":"MongoDB view on HealthData","userIp":"","userAgent":""}
{"timestamp":"2025-05-08T12:04:44.330Z","userId":681,"action":"view","resourceType":"HealthData","resourceId":"latest","details":"MongoDB view on HealthData","userIp":"","userAgent":""}
{"timestamp":"2025-05-08T12:04:44.335Z","userId":681,"action":"view","resourceType":"HealthData","resourceId":"latest","details":"MongoDB view on HealthData","userIp":"","userAgent":""}
{"timestamp":"2025-05-08T12:04:44.340Z","userId":681,"action":"view","resourceType":"HealthData","resourceId":"latest","details":"MongoDB view on HealthData","userIp":"","userAgent":""}
{"timestamp":"2025-05-08T12:04:44.345Z","userId":681,"action":"view","resourceType":"HealthData","resourceId":"latest","details":"MongoDB view on HealthData","userIp":"","userAgent":""}
{"timestamp":"2025-05-08T12:04:44.350Z","userId":681,"action":"view","resourceType":"HealthData","resourceId":"latest","details":"MongoDB view on HealthData","userIp":"","userAgent":""}
{"timestamp":"2025-05-08T12:04:44.354Z","userId":681,"action":"view","resourceType":"HealthData","resourceId":"latest","details":"MongoDB view on HealthData","userIp":"","userAgent":""}
{"timestamp":"2025-05-08T12:04:44.359Z","userId":681,"action":"view","resourceType":"HealthData","resourceId":"latest","details":"MongoDB view on HealthData","userIp":"","userAgent":""}
{"timestamp":"2025-05-08T12:04:44.365Z","userId":681,"action":"view","resourceType":"HealthData","resourceId":"latest","details":"MongoDB view on HealthData","userIp":"","userAgent":""}
{"timestamp":"2025-05-08T12:04:44.371Z","userId":681,"action":"view","resourceType":"HealthData","resourceId":"latest","details":"MongoDB view on HealthData","userIp":"","userAgent":""}
{"timestamp":"2025-05-08T12:04:44.377Z","userId":681,"action":"view","resourceType":"HealthData","resourceId":"latest","details":"MongoDB view on HealthData","userIp":"","userAgent":""}
{"timestamp":"2025-05-08T12:04:44.382Z","userId":681,"action":"view","resourceType":"HealthData","resourceId":"latest","details":"MongoDB view on HealthData","userIp":"","userAgent":""}
{"timestamp":"2025-05-08T12:04:44.388Z","userId":681,"action":"view","resourceType":"HealthData","resourceId":"latest","details":"MongoDB view on HealthData","userIp":"","userAgent":""}
{"timestamp":"2025-05-08T12:04:44.392Z","userId":681,"action":"view","resourceType":"HealthData","resourceId":"latest","details":"MongoDB view on HealthData","userIp":"","userAgent":""}
{"timestamp":"2025-05-08T12:04:44.397Z","userId":681,"action":"view","resourceType":"HealthData","resourceId":"latest","details":"MongoDB view on HealthData","userIp":"","userAgent":""}
{"timestamp":"2025-05-08T12:04:44.401Z","userId":681,"action":"view","resourceType":"HealthData","resourceId":"latest","details":"MongoDB view on HealthData","userIp":"","userAgent":""}
{"timestamp":"2025-05-08T12:04:44.406Z","userId":681,"action":"view","resourceType":"HealthData","resourceId":"latest","details":"MongoDB view on HealthData","userIp":"","userAgent":""}
{"timestamp":"2025-05-08T12:04:44.410Z","userId":681,"action":"view","resourceType":"HealthData","resourceId":"latest","details":"MongoDB view on HealthData","userIp":"","userAgent":""}
{"timestamp":"2025-05-08T12:04:44.415Z","userId":681,"action":"view","resourceType":"HealthData","resourceId":"latest","details":"MongoDB view on HealthData","userIp":"","userAgent":""}
{"timestamp":"2025-05-08T12:04:44.418Z","userId":681,"action":"view","resourceType":"HealthData","resourceId":"latest","details":"MongoDB view on HealthData","userIp":"","userAgent":""}
{"timestamp":"2025-05-08T12:04:44.423Z","userId":681,"action":"view","resourceType":"HealthData","resourceId":"latest","details":"MongoDB view on HealthData","userIp":"","userAgent":""}
{"timestamp":"2025-05-08T12:04:44.427Z","userId":681,"action":"view","resourceType":"HealthData","resourceId":"latest","details":"MongoDB view on HealthData","userIp":"","userAgent":""}
{"timestamp":"2025-05-08T12:04:44.432Z","userId":681,"action":"view","resourceType":"HealthData","resourceId":"latest","details":"MongoDB view on HealthData","userIp":"","userAgent":""}
{"timestamp":"2025-05-08T12:04:44.436Z","userId":681,"action":"view","resourceType":"HealthData","resourceId":"latest","details":"MongoDB view on HealthData","userIp":"","userAgent":""}
{"timestamp":"2025-05-08T12:04:44.440Z","userId":681,"action":"view","resourceType":"HealthData","resourceId":"latest","details":"MongoDB view on HealthData","userIp":"","userAgent":""}
{"timestamp":"2025-05-08T12:04:44.444Z","userId":681,"action":"view","resourceType":"HealthData","resourceId":"latest","details":"MongoDB view on HealthData","userIp":"","userAgent":""}
{"timestamp":"2025-05-08T12:04:44.449Z","userId":681,"action":"view","resourceType":"HealthData","resourceId":"latest","details":"MongoDB view on HealthData","userIp":"","userAgent":""}
{"timestamp":"2025-05-08T12:04:44.453Z","userId":681,"action":"view","resourceType":"HealthData","resourceId":"latest","details":"MongoDB view on HealthData","userIp":"","userAgent":""}
{"timestamp":"2025-05-08T12:04:44.457Z","userId":681,"action":"view","resourceType":"HealthData","resourceId":"latest","details":"MongoDB view on HealthData","userIp":"","userAgent":""}
{"timestamp":"2025-05-08T12:04:44.462Z","userId":681,"action":"view","resourceType":"HealthData","resourceId":"latest","details":"MongoDB view on HealthData","userIp":"","userAgent":""}
{"timestamp":"2025-05-08T12:04:44.466Z","userId":681,"action":"view","resourceType":"HealthData","resourceId":"latest","details":"MongoDB view on HealthData","userIp":"","userAgent":""}
{"timestamp":"2025-05-08T12:04:44.471Z","userId":681,"action":"view","resourceType":"HealthData","resourceId":"latest","details":"MongoDB view on HealthData","userIp":"","userAgent":""}
{"timestamp":"2025-05-08T12:04:44.476Z","userId":681,"action":"view","resourceType":"HealthData","resourceId":"latest","details":"MongoDB view on HealthData","userIp":"","userAgent":""}
{"timestamp":"2025-05-08T12:04:44.481Z","userId":681,"action":"view","resourceType":"HealthData","resourceId":"latest","details":"MongoDB view on HealthData","userIp":"","userAgent":""}
{"timestamp":"2025-05-08T12:04:44.485Z","userId":681,"action":"view","resourceType":"HealthData","resourceId":"latest","details":"MongoDB view on HealthData","userIp":"","userAgent":""}
{"timestamp":"2025-05-08T12:04:44.489Z","userId":681,"action":"view","resourceType":"HealthData","resourceId":"latest","details":"MongoDB view on HealthData","userIp":"","userAgent":""}
{"timestamp":"2025-05-08T12:04:44.494Z","userId":681,"action":"view","resourceType":"HealthData","resourceId":"latest","details":"MongoDB view on HealthData","userIp":"","userAgent":""}
{"timestamp":"2025-05-08T12:04:44.497Z","userId":681,"action":"view","resourceType":"HealthData","resourceId":"latest","details":"MongoDB view on HealthData","userIp":"","userAgent":""}
{"timestamp":"2025-05-08T12:04:44.502Z","userId":681,"action":"view","resourceType":"HealthData","resourceId":"latest","details":"MongoDB view on HealthData","userIp":"","userAgent":""}
{"timestamp":"2025-05-08T12:04:44.508Z","userId":681,"action":"view","resourceType":"HealthData","resourceId":"latest","details":"MongoDB view on HealthData","userIp":"","userAgent":""}
{"timestamp":"2025-05-08T12:04:44.513Z","userId":681,"action":"view","resourceType":"HealthData","resourceId":"latest","details":"MongoDB view on HealthData","userIp":"","userAgent":""}
{"timestamp":"2025-05-08T12:04:44.518Z","userId":681,"action":"view","resourceType":"HealthData","resourceId":"latest","details":"MongoDB view on HealthData","userIp":"","userAgent":""}
{"timestamp":"2025-05-08T12:04:44.523Z","userId":681,"action":"view","resourceType":"HealthData","resourceId":"latest","details":"MongoDB view on HealthData","userIp":"","userAgent":""}
{"timestamp":"2025-05-08T12:04:44.529Z","userId":681,"action":"view","resourceType":"HealthData","resourceId":"latest","details":"MongoDB view on HealthData","userIp":"","userAgent":""}
{"timestamp":"2025-05-08T12:04:44.534Z","userId":681,"action":"view","resourceType":"HealthData","resourceId":"latest","details":"MongoDB view on HealthData","userIp":"","userAgent":""}
{"timestamp":"2025-05-08T12:04:44.539Z","userId":681,"action":"view","resourceType":"HealthData","resourceId":"latest","details":"MongoDB view on HealthData","userIp":"","userAgent":""}
{"timestamp":"2025-05-08T12:04:44.544Z","userId":681,"action":"view","resourceType":"HealthData","resourceId":"latest","details":"MongoDB view on HealthData","userIp":"","userAgent":""}
{"timestamp":"2025-05-08T12:04:44.549Z","userId":681,"action":"view","resourceType":"HealthData","resourceId":"latest","details":"MongoDB view on HealthData","userIp":"","userAgent":""}
{"timestamp":"2025-05-08T12:04:44.555Z","userId":681,"action":"view","resourceType":"HealthData","resourceId":"latest","details":"MongoDB view on HealthData","userIp":"","userAgent":""}
{"timestamp":"2025-05-08T12:04:44.560Z","userId":681,"action":"view","resourceType":"HealthData","resourceId":"latest","details":"MongoDB view on HealthData","userIp":"","userAgent":""}
{"timestamp":"2025-05-08T12:04:44.565Z","userId":681,"action":"view","resourceType":"HealthData","resourceId":"latest","details":"MongoDB view on HealthData","userIp":"","userAgent":""}
{"timestamp":"2025-05-08T12:04:44.570Z","userId":681,"action":"view","resourceType":"HealthData","resourceId":"latest","details":"MongoDB view on HealthData","userIp":"","userAgent":""}
{"timestamp":"2025-05-08T12:04:44.575Z","userId":681,"action":"view","resourceType":"HealthData","resourceId":"latest","details":"MongoDB view on HealthData","userIp":"","userAgent":""}
{"timestamp":"2025-05-08T12:04:44.581Z","userId":681,"action":"view","resourceType":"HealthData","resourceId":"latest","details":"MongoDB view on HealthData","userIp":"","userAgent":""}
{"timestamp":"2025-05-08T12:04:44.586Z","userId":681,"action":"view","resourceType":"HealthData","resourceId":"latest","details":"MongoDB view on HealthData","userIp":"","userAgent":""}
{"timestamp":"2025-05-08T12:04:44.591Z","userId":681,"action":"view","resourceType":"HealthData","resourceId":"latest","details":"MongoDB view on HealthData","userIp":"","userAgent":""}
{"timestamp":"2025-05-08T12:04:44.596Z","userId":681,"action":"view","resourceType":"HealthData","resourceId":"latest","details":"MongoDB view on HealthData","userIp":"","userAgent":""}
{"timestamp":"2025-05-08T12:04:44.601Z","userId":681,"action":"view","resourceType":"HealthData","resourceId":"latest","details":"MongoDB view on HealthData","userIp":"","userAgent":""}
{"timestamp":"2025-05-08T12:04:44.607Z","userId":681,"action":"view","resourceType":"HealthData","resourceId":"latest","details":"MongoDB view on HealthData","userIp":"","userAgent":""}
{"timestamp":"2025-05-08T12:04:44.612Z","userId":681,"action":"view","resourceType":"HealthData","resourceId":"latest","details":"MongoDB view on HealthData","userIp":"","userAgent":""}
{"timestamp":"2025-05-08T12:04:44.617Z","userId":681,"action":"view","resourceType":"HealthData","resourceId":"latest","details":"MongoDB view on HealthData","userIp":"","userAgent":""}
{"timestamp":"2025-05-08T12:04:44.622Z","userId":681,"action":"view","resourceType":"HealthData","resourceId":"latest","details":"MongoDB view on HealthData","userIp":"","userAgent":""}
{"timestamp":"2025-05-08T12:04:44.627Z","userId":681,"action":"view","resourceType":"HealthData","resourceId":"latest","details":"MongoDB view on HealthData","userIp":"","userAgent":""}
{"timestamp":"2025-05-08T12:04:44.632Z","userId":681,"action":"view","resourceType":"HealthData","resourceId":"latest","details":"MongoDB view on HealthData","userIp":"","userAgent":""}
{"timestamp":"2025-05-08T12:04:44.637Z","userId":681,"action":"view","resourceType":"HealthData","resourceId":"latest","details":"MongoDB view on HealthData","userIp":"","userAgent":""}
{"timestamp":"2025-05-08T12:04:44.643Z","userId":681,"action":"view","resourceType":"HealthData","resourceId":"latest","details":"MongoDB view on HealthData","userIp":"","userAgent":""}
{"timestamp":"2025-05-08T12:04:44.648Z","userId":681,"action":"view","resourceType":"HealthData","resourceId":"latest","details":"MongoDB view on HealthData","userIp":"","userAgent":""}
{"timestamp":"2025-05-08T12:04:44.659Z","userId":681,"action":"view","resourceType":"HealthData","resourceId":"latest","details":"MongoDB view on HealthData","userIp":"","userAgent":""}
{"timestamp":"2025-05-08T12:04:44.673Z","userId":681,"action":"view","resourceType":"HealthData","resourceId":"latest","details":"MongoDB view on HealthData","userIp":"","userAgent":""}
{"timestamp":"2025-05-08T12:04:44.694Z","userId":681,"action":"view","resourceType":"HealthData","resourceId":"latest","details":"MongoDB view on HealthData","userIp":"","userAgent":""}
{"timestamp":"2025-05-08T12:04:44.705Z","userId":681,"action":"view","resourceType":"HealthData","resourceId":"latest","details":"MongoDB view on HealthData","userIp":"","userAgent":""}
{"timestamp":"2025-05-08T12:04:44.715Z","userId":681,"action":"view","resourceType":"HealthData","resourceId":"latest","details":"MongoDB view on HealthData","userIp":"","userAgent":""}
{"timestamp":"2025-05-08T12:04:44.721Z","userId":681,"action":"view","resourceType":"HealthData","resourceId":"latest","details":"MongoDB view on HealthData","userIp":"","userAgent":""}
{"timestamp":"2025-05-08T12:04:44.725Z","userId":681,"action":"view","resourceType":"HealthData","resourceId":"latest","details":"MongoDB view on HealthData","userIp":"","userAgent":""}
{"timestamp":"2025-05-08T12:04:44.729Z","userId":681,"action":"view","resourceType":"HealthData","resourceId":"latest","details":"MongoDB view on HealthData","userIp":"","userAgent":""}
{"timestamp":"2025-05-08T12:04:44.734Z","userId":681,"action":"view","resourceType":"HealthData","resourceId":"latest","details":"MongoDB view on HealthData","userIp":"","userAgent":""}
{"timestamp":"2025-05-08T12:04:44.739Z","userId":681,"action":"view","resourceType":"HealthData","resourceId":"latest","details":"MongoDB view on HealthData","userIp":"","userAgent":""}
{"timestamp":"2025-05-08T12:04:44.744Z","userId":681,"action":"view","resourceType":"HealthData","resourceId":"latest","details":"MongoDB view on HealthData","userIp":"","userAgent":""}
{"timestamp":"2025-05-08T12:04:44.751Z","userId":681,"action":"view","resourceType":"HealthData","resourceId":"latest","details":"MongoDB view on HealthData","userIp":"","userAgent":""}
{"timestamp":"2025-05-08T12:04:44.766Z","userId":681,"action":"view","resourceType":"HealthData","resourceId":"latest","details":"MongoDB view on HealthData","userIp":"","userAgent":""}
{"timestamp":"2025-05-08T12:04:44.771Z","userId":681,"action":"view","resourceType":"HealthData","resourceId":"latest","details":"MongoDB view on HealthData","userIp":"","userAgent":""}
{"timestamp":"2025-05-08T12:04:44.776Z","userId":681,"action":"view","resourceType":"HealthData","resourceId":"latest","details":"MongoDB view on HealthData","userIp":"","userAgent":""}
{"timestamp":"2025-05-08T12:04:44.782Z","userId":681,"action":"view","resourceType":"HealthData","resourceId":"latest","details":"MongoDB view on HealthData","userIp":"","userAgent":""}
{"timestamp":"2025-05-08T12:04:44.788Z","userId":681,"action":"view","resourceType":"HealthData","resourceId":"latest","details":"MongoDB view on HealthData","userIp":"","userAgent":""}
{"timestamp":"2025-05-08T12:04:44.793Z","userId":681,"action":"view","resourceType":"HealthData","resourceId":"latest","details":"MongoDB view on HealthData","userIp":"","userAgent":""}
{"timestamp":"2025-05-08T12:04:44.799Z","userId":681,"action":"view","resourceType":"HealthData","resourceId":"latest","details":"MongoDB view on HealthData","userIp":"","userAgent":""}
{"timestamp":"2025-05-08T12:04:44.805Z","userId":681,"action":"view","resourceType":"HealthData","resourceId":"latest","details":"MongoDB view on HealthData","userIp":"","userAgent":""}
{"timestamp":"2025-05-08T12:04:44.811Z","userId":681,"action":"view","resourceType":"HealthData","resourceId":"latest","details":"MongoDB view on HealthData","userIp":"","userAgent":""}
{"timestamp":"2025-05-08T12:04:44.819Z","userId":681,"action":"view","resourceType":"HealthData","resourceId":"latest","details":"MongoDB view on HealthData","userIp":"","userAgent":""}
{"timestamp":"2025-05-08T12:04:44.824Z","userId":681,"action":"view","resourceType":"HealthData","resourceId":"latest","details":"MongoDB view on HealthData","userIp":"","userAgent":""}
{"timestamp":"2025-05-08T12:04:44.829Z","userId":681,"action":"view","resourceType":"HealthData","resourceId":"latest","details":"MongoDB view on HealthData","userIp":"","userAgent":""}
{"timestamp":"2025-05-08T12:04:44.834Z","userId":681,"action":"view","resourceType":"HealthData","resourceId":"latest","details":"MongoDB view on HealthData","userIp":"","userAgent":""}
{"timestamp":"2025-05-08T12:04:44.838Z","userId":681,"action":"view","resourceType":"HealthData","resourceId":"latest","details":"MongoDB view on HealthData","userIp":"","userAgent":""}
{"timestamp":"2025-05-08T12:04:44.844Z","userId":681,"action":"view","resourceType":"HealthData","resourceId":"latest","details":"MongoDB view on HealthData","userIp":"","userAgent":""}
{"timestamp":"2025-05-08T12:04:44.849Z","userId":681,"action":"view","resourceType":"HealthData","resourceId":"latest","details":"MongoDB view on HealthData","userIp":"","userAgent":""}
{"timestamp":"2025-05-08T12:04:44.854Z","userId":681,"action":"view","resourceType":"HealthData","resourceId":"latest","details":"MongoDB view on HealthData","userIp":"","userAgent":""}
{"timestamp":"2025-05-08T12:04:44.859Z","userId":681,"action":"view","resourceType":"HealthData","resourceId":"latest","details":"MongoDB view on HealthData","userIp":"","userAgent":""}
{"timestamp":"2025-05-08T12:04:44.863Z","userId":681,"action":"view","resourceType":"HealthData","resourceId":"latest","details":"MongoDB view on HealthData","userIp":"","userAgent":""}
{"timestamp":"2025-05-08T12:04:44.869Z","userId":681,"action":"view","resourceType":"HealthData","resourceId":"latest","details":"MongoDB view on HealthData","userIp":"","userAgent":""}
{"timestamp":"2025-05-08T12:04:44.874Z","userId":681,"action":"view","resourceType":"HealthData","resourceId":"latest","details":"MongoDB view on HealthData","userIp":"","userAgent":""}
{"timestamp":"2025-05-08T12:04:44.880Z","userId":681,"action":"view","resourceType":"HealthData","resourceId":"latest","details":"MongoDB view on HealthData","userIp":"","userAgent":""}
{"timestamp":"2025-05-08T12:04:44.886Z","userId":681,"action":"view","resourceType":"HealthData","resourceId":"latest","details":"MongoDB view on HealthData","userIp":"","userAgent":""}
{"timestamp":"2025-05-08T12:04:44.891Z","userId":681,"action":"view","resourceType":"HealthData","resourceId":"latest","details":"MongoDB view on HealthData","userIp":"","userAgent":""}
{"timestamp":"2025-05-08T12:04:44.896Z","userId":681,"action":"view","resourceType":"HealthData","resourceId":"latest","details":"MongoDB view on HealthData","userIp":"","userAgent":""}
{"timestamp":"2025-05-08T12:04:44.901Z","userId":681,"action":"view","resourceType":"HealthData","resourceId":"latest","details":"MongoDB view on HealthData","userIp":"","userAgent":""}
{"timestamp":"2025-05-08T12:04:44.906Z","userId":681,"action":"view","resourceType":"HealthData","resourceId":"latest","details":"MongoDB view on HealthData","userIp":"","userAgent":""}
{"timestamp":"2025-05-08T12:04:44.910Z","userId":681,"action":"view","resourceType":"HealthData","resourceId":"latest","details":"MongoDB view on HealthData","userIp":"","userAgent":""}
{"timestamp":"2025-05-08T12:04:44.916Z","userId":681,"action":"view","resourceType":"HealthData","resourceId":"latest","details":"MongoDB view on HealthData","userIp":"","userAgent":""}
{"timestamp":"2025-05-08T12:04:44.922Z","userId":681,"action":"view","resourceType":"HealthData","resourceId":"latest","details":"MongoDB view on HealthData","userIp":"","userAgent":""}
{"timestamp":"2025-05-08T12:04:44.927Z","userId":681,"action":"view","resourceType":"HealthData","resourceId":"latest","details":"MongoDB view on HealthData","userIp":"","userAgent":""}
{"timestamp":"2025-05-08T12:04:44.930Z","userId":681,"action":"view","resourceType":"HealthData","resourceId":"latest","details":"MongoDB view on HealthData","userIp":"","userAgent":""}
{"timestamp":"2025-05-08T12:04:44.934Z","userId":681,"action":"view","resourceType":"HealthData","resourceId":"latest","details":"MongoDB view on HealthData","userIp":"","userAgent":""}
{"timestamp":"2025-05-08T12:04:44.939Z","userId":681,"action":"view","resourceType":"HealthData","resourceId":"latest","details":"MongoDB view on HealthData","userIp":"","userAgent":""}
{"timestamp":"2025-05-08T12:04:44.943Z","userId":681,"action":"view","resourceType":"HealthData","resourceId":"latest","details":"MongoDB view on HealthData","userIp":"","userAgent":""}
{"timestamp":"2025-05-08T12:04:44.949Z","userId":681,"action":"view","resourceType":"HealthData","resourceId":"latest","details":"MongoDB view on HealthData","userIp":"","userAgent":""}
{"timestamp":"2025-05-08T12:04:44.954Z","userId":681,"action":"view","resourceType":"HealthData","resourceId":"latest","details":"MongoDB view on HealthData","userIp":"","userAgent":""}
{"timestamp":"2025-05-08T12:04:44.958Z","userId":681,"action":"view","resourceType":"HealthData","resourceId":"latest","details":"MongoDB view on HealthData","userIp":"","userAgent":""}
{"timestamp":"2025-05-08T12:04:44.963Z","userId":681,"action":"view","resourceType":"HealthData","resourceId":"latest","details":"MongoDB view on HealthData","userIp":"","userAgent":""}
{"timestamp":"2025-05-08T12:04:44.969Z","userId":681,"action":"view","resourceType":"HealthData","resourceId":"latest","details":"MongoDB view on HealthData","userIp":"","userAgent":""}
{"timestamp":"2025-05-08T12:04:44.974Z","userId":681,"action":"view","resourceType":"HealthData","resourceId":"latest","details":"MongoDB view on HealthData","userIp":"","userAgent":""}
{"timestamp":"2025-05-08T12:04:44.979Z","userId":681,"action":"view","resourceType":"HealthData","resourceId":"latest","details":"MongoDB view on HealthData","userIp":"","userAgent":""}
{"timestamp":"2025-05-08T12:04:44.985Z","userId":681,"action":"view","resourceType":"HealthData","resourceId":"latest","details":"MongoDB view on HealthData","userIp":"","userAgent":""}
{"timestamp":"2025-05-08T12:04:44.990Z","userId":681,"action":"view","resourceType":"HealthData","resourceId":"latest","details":"MongoDB view on HealthData","userIp":"","userAgent":""}
{"timestamp":"2025-05-08T12:04:44.995Z","userId":681,"action":"view","resourceType":"HealthData","resourceId":"latest","details":"MongoDB view on HealthData","userIp":"","userAgent":""}
{"timestamp":"2025-05-08T12:04:45.000Z","userId":681,"action":"view","resourceType":"HealthData","resourceId":"latest","details":"MongoDB view on HealthData","userIp":"","userAgent":""}
{"timestamp":"2025-05-08T12:04:45.006Z","userId":681,"action":"view","resourceType":"HealthData","resourceId":"latest","details":"MongoDB view on HealthData","userIp":"","userAgent":""}
{"timestamp":"2025-05-08T12:04:45.012Z","userId":681,"action":"view","resourceType":"HealthData","resourceId":"latest","details":"MongoDB view on HealthData","userIp":"","userAgent":""}
{"timestamp":"2025-05-08T12:04:45.021Z","userId":681,"action":"view","resourceType":"HealthData","resourceId":"latest","details":"MongoDB view on HealthData","userIp":"","userAgent":""}
{"timestamp":"2025-05-08T12:04:45.027Z","userId":681,"action":"view","resourceType":"HealthData","resourceId":"latest","details":"MongoDB view on HealthData","userIp":"","userAgent":""}
{"timestamp":"2025-05-08T12:04:45.033Z","userId":681,"action":"view","resourceType":"HealthData","resourceId":"latest","details":"MongoDB view on HealthData","userIp":"","userAgent":""}
{"timestamp":"2025-05-08T12:04:45.038Z","userId":681,"action":"view","resourceType":"HealthData","resourceId":"latest","details":"MongoDB view on HealthData","userIp":"","userAgent":""}
{"timestamp":"2025-05-08T12:04:45.043Z","userId":681,"action":"view","resourceType":"HealthData","resourceId":"latest","details":"MongoDB view on HealthData","userIp":"","userAgent":""}
{"timestamp":"2025-05-08T12:04:45.050Z","userId":681,"action":"view","resourceType":"HealthData","resourceId":"latest","details":"MongoDB view on HealthData","userIp":"","userAgent":""}
{"timestamp":"2025-05-08T12:04:45.055Z","userId":681,"action":"view","resourceType":"HealthData","resourceId":"latest","details":"MongoDB view on HealthData","userIp":"","userAgent":""}
{"timestamp":"2025-05-08T12:04:45.060Z","userId":681,"action":"view","resourceType":"HealthData","resourceId":"latest","details":"MongoDB view on HealthData","userIp":"","userAgent":""}
{"timestamp":"2025-05-08T12:04:45.066Z","userId":681,"action":"view","resourceType":"HealthData","resourceId":"latest","details":"MongoDB view on HealthData","userIp":"","userAgent":""}
{"timestamp":"2025-05-08T12:04:45.071Z","userId":681,"action":"view","resourceType":"HealthData","resourceId":"latest","details":"MongoDB view on HealthData","userIp":"","userAgent":""}
{"timestamp":"2025-05-08T12:04:45.077Z","userId":681,"action":"view","resourceType":"HealthData","resourceId":"latest","details":"MongoDB view on HealthData","userIp":"","userAgent":""}
{"timestamp":"2025-05-08T12:04:45.083Z","userId":681,"action":"view","resourceType":"HealthData","resourceId":"latest","details":"MongoDB view on HealthData","userIp":"","userAgent":""}
{"timestamp":"2025-05-08T12:04:45.089Z","userId":681,"action":"view","resourceType":"HealthData","resourceId":"latest","details":"MongoDB view on HealthData","userIp":"","userAgent":""}
{"timestamp":"2025-05-08T12:04:45.094Z","userId":681,"action":"view","resourceType":"HealthData","resourceId":"latest","details":"MongoDB view on HealthData","userIp":"","userAgent":""}
{"timestamp":"2025-05-08T12:04:45.100Z","userId":681,"action":"view","resourceType":"HealthData","resourceId":"latest","details":"MongoDB view on HealthData","userIp":"","userAgent":""}
{"timestamp":"2025-05-08T12:04:45.105Z","userId":681,"action":"view","resourceType":"HealthData","resourceId":"latest","details":"MongoDB view on HealthData","userIp":"","userAgent":""}
{"timestamp":"2025-05-08T12:04:45.111Z","userId":681,"action":"view","resourceType":"HealthData","resourceId":"latest","details":"MongoDB view on HealthData","userIp":"","userAgent":""}
{"timestamp":"2025-05-08T12:04:45.117Z","userId":681,"action":"view","resourceType":"HealthData","resourceId":"latest","details":"MongoDB view on HealthData","userIp":"","userAgent":""}
{"timestamp":"2025-05-08T12:04:45.123Z","userId":681,"action":"view","resourceType":"HealthData","resourceId":"latest","details":"MongoDB view on HealthData","userIp":"","userAgent":""}
{"timestamp":"2025-05-08T12:04:45.128Z","userId":681,"action":"view","resourceType":"HealthData","resourceId":"latest","details":"MongoDB view on HealthData","userIp":"","userAgent":""}
{"timestamp":"2025-05-08T12:04:45.133Z","userId":681,"action":"view","resourceType":"HealthData","resourceId":"latest","details":"MongoDB view on HealthData","userIp":"","userAgent":""}
{"timestamp":"2025-05-08T12:04:45.139Z","userId":681,"action":"view","resourceType":"HealthData","resourceId":"latest","details":"MongoDB view on HealthData","userIp":"","userAgent":""}
{"timestamp":"2025-05-08T12:04:45.143Z","userId":681,"action":"view","resourceType":"HealthData","resourceId":"latest","details":"MongoDB view on HealthData","userIp":"","userAgent":""}
{"timestamp":"2025-05-08T12:04:45.150Z","userId":681,"action":"view","resourceType":"HealthData","resourceId":"latest","details":"MongoDB view on HealthData","userIp":"","userAgent":""}
{"timestamp":"2025-05-08T12:04:45.155Z","userId":681,"action":"view","resourceType":"HealthData","resourceId":"latest","details":"MongoDB view on HealthData","userIp":"","userAgent":""}
{"timestamp":"2025-05-08T12:04:45.160Z","userId":681,"action":"view","resourceType":"HealthData","resourceId":"latest","details":"MongoDB view on HealthData","userIp":"","userAgent":""}
{"timestamp":"2025-05-08T12:04:45.166Z","userId":681,"action":"view","resourceType":"HealthData","resourceId":"latest","details":"MongoDB view on HealthData","userIp":"","userAgent":""}
{"timestamp":"2025-05-08T12:04:45.172Z","userId":681,"action":"view","resourceType":"HealthData","resourceId":"latest","details":"MongoDB view on HealthData","userIp":"","userAgent":""}
{"timestamp":"2025-05-08T12:04:45.177Z","userId":681,"action":"view","resourceType":"HealthData","resourceId":"latest","details":"MongoDB view on HealthData","userIp":"","userAgent":""}
{"timestamp":"2025-05-08T12:04:45.183Z","userId":681,"action":"view","resourceType":"HealthData","resourceId":"latest","details":"MongoDB view on HealthData","userIp":"","userAgent":""}
{"timestamp":"2025-05-08T12:04:45.188Z","userId":681,"action":"view","resourceType":"HealthData","resourceId":"latest","details":"MongoDB view on HealthData","userIp":"","userAgent":""}
{"timestamp":"2025-05-08T12:04:45.192Z","userId":681,"action":"view","resourceType":"HealthData","resourceId":"latest","details":"MongoDB view on HealthData","userIp":"","userAgent":""}
{"timestamp":"2025-05-08T12:04:45.197Z","userId":681,"action":"view","resourceType":"HealthData","resourceId":"latest","details":"MongoDB view on HealthData","userIp":"","userAgent":""}
{"timestamp":"2025-05-08T12:04:45.203Z","userId":681,"action":"view","resourceType":"HealthData","resourceId":"latest","details":"MongoDB view on HealthData","userIp":"","userAgent":""}
{"timestamp":"2025-05-08T12:04:45.208Z","userId":681,"action":"view","resourceType":"HealthData","resourceId":"latest","details":"MongoDB view on HealthData","userIp":"","userAgent":""}
{"timestamp":"2025-05-08T12:04:45.213Z","userId":681,"action":"view","resourceType":"HealthData","resourceId":"latest","details":"MongoDB view on HealthData","userIp":"","userAgent":""}
{"timestamp":"2025-05-08T12:04:45.219Z","userId":681,"action":"view","resourceType":"HealthData","resourceId":"latest","details":"MongoDB view on HealthData","userIp":"","userAgent":""}
{"timestamp":"2025-05-08T12:04:45.225Z","userId":681,"action":"view","resourceType":"HealthData","resourceId":"latest","details":"MongoDB view on HealthData","userIp":"","userAgent":""}
{"timestamp":"2025-05-08T12:04:45.230Z","userId":681,"action":"view","resourceType":"HealthData","resourceId":"latest","details":"MongoDB view on HealthData","userIp":"","userAgent":""}
{"timestamp":"2025-05-08T12:04:45.237Z","userId":681,"action":"view","resourceType":"HealthData","resourceId":"latest","details":"MongoDB view on HealthData","userIp":"","userAgent":""}
{"timestamp":"2025-05-08T12:04:45.242Z","userId":681,"action":"view","resourceType":"HealthData","resourceId":"latest","details":"MongoDB view on HealthData","userIp":"","userAgent":""}
{"timestamp":"2025-05-08T12:04:45.247Z","userId":681,"action":"view","resourceType":"HealthData","resourceId":"latest","details":"MongoDB view on HealthData","userIp":"","userAgent":""}
{"timestamp":"2025-05-08T12:04:45.253Z","userId":681,"action":"view","resourceType":"HealthData","resourceId":"latest","details":"MongoDB view on HealthData","userIp":"","userAgent":""}
{"timestamp":"2025-05-08T12:04:45.259Z","userId":681,"action":"view","resourceType":"HealthData","resourceId":"latest","details":"MongoDB view on HealthData","userIp":"","userAgent":""}
{"timestamp":"2025-05-08T12:04:45.265Z","userId":681,"action":"view","resourceType":"HealthData","resourceId":"latest","details":"MongoDB view on HealthData","userIp":"","userAgent":""}
{"timestamp":"2025-05-08T12:04:45.271Z","userId":681,"action":"view","resourceType":"HealthData","resourceId":"latest","details":"MongoDB view on HealthData","userIp":"","userAgent":""}
{"timestamp":"2025-05-08T12:04:45.275Z","userId":681,"action":"view","resourceType":"HealthData","resourceId":"latest","details":"MongoDB view on HealthData","userIp":"","userAgent":""}
{"timestamp":"2025-05-08T12:04:45.281Z","userId":681,"action":"view","resourceType":"HealthData","resourceId":"latest","details":"MongoDB view on HealthData","userIp":"","userAgent":""}
{"timestamp":"2025-05-08T12:04:45.286Z","userId":681,"action":"view","resourceType":"HealthData","resourceId":"latest","details":"MongoDB view on HealthData","userIp":"","userAgent":""}
{"timestamp":"2025-05-08T12:04:45.292Z","userId":681,"action":"view","resourceType":"HealthData","resourceId":"latest","details":"MongoDB view on HealthData","userIp":"","userAgent":""}
{"timestamp":"2025-05-08T12:04:45.297Z","userId":681,"action":"view","resourceType":"HealthData","resourceId":"latest","details":"MongoDB view on HealthData","userIp":"","userAgent":""}
{"timestamp":"2025-05-08T12:04:45.303Z","userId":681,"action":"view","resourceType":"HealthData","resourceId":"latest","details":"MongoDB view on HealthData","userIp":"","userAgent":""}
{"timestamp":"2025-05-08T12:04:45.309Z","userId":681,"action":"view","resourceType":"HealthData","resourceId":"latest","details":"MongoDB view on HealthData","userIp":"","userAgent":""}
{"timestamp":"2025-05-08T12:04:45.315Z","userId":681,"action":"view","resourceType":"HealthData","resourceId":"latest","details":"MongoDB view on HealthData","userIp":"","userAgent":""}
{"timestamp":"2025-05-08T12:04:45.322Z","userId":681,"action":"view","resourceType":"HealthData","resourceId":"latest","details":"MongoDB view on HealthData","userIp":"","userAgent":""}
{"timestamp":"2025-05-08T12:04:45.327Z","userId":681,"action":"view","resourceType":"HealthData","resourceId":"latest","details":"MongoDB view on HealthData","userIp":"","userAgent":""}
{"timestamp":"2025-05-08T12:04:45.332Z","userId":681,"action":"view","resourceType":"HealthData","resourceId":"latest","details":"MongoDB view on HealthData","userIp":"","userAgent":""}
{"timestamp":"2025-05-08T12:04:45.339Z","userId":681,"action":"view","resourceType":"HealthData","resourceId":"latest","details":"MongoDB view on HealthData","userIp":"","userAgent":""}
{"timestamp":"2025-05-08T12:04:45.344Z","userId":681,"action":"view","resourceType":"HealthData","resourceId":"latest","details":"MongoDB view on HealthData","userIp":"","userAgent":""}
{"timestamp":"2025-05-08T12:04:45.349Z","userId":681,"action":"view","resourceType":"HealthData","resourceId":"latest","details":"MongoDB view on HealthData","userIp":"","userAgent":""}
{"timestamp":"2025-05-08T12:04:45.353Z","userId":681,"action":"view","resourceType":"HealthData","resourceId":"latest","details":"MongoDB view on HealthData","userIp":"","userAgent":""}
{"timestamp":"2025-05-08T12:04:45.357Z","userId":681,"action":"view","resourceType":"HealthData","resourceId":"latest","details":"MongoDB view on HealthData","userIp":"","userAgent":""}
{"timestamp":"2025-05-08T12:04:45.362Z","userId":681,"action":"view","resourceType":"HealthData","resourceId":"latest","details":"MongoDB view on HealthData","userIp":"","userAgent":""}
{"timestamp":"2025-05-08T12:04:45.368Z","userId":681,"action":"view","resourceType":"HealthData","resourceId":"latest","details":"MongoDB view on HealthData","userIp":"","userAgent":""}
{"timestamp":"2025-05-08T12:04:45.380Z","userId":681,"action":"view","resourceType":"HealthData","resourceId":"latest","details":"MongoDB view on HealthData","userIp":"","userAgent":""}
{"timestamp":"2025-05-08T12:04:45.397Z","userId":681,"action":"view","resourceType":"HealthData","resourceId":"latest","details":"MongoDB view on HealthData","userIp":"","userAgent":""}
{"timestamp":"2025-05-08T12:04:45.416Z","userId":681,"action":"view","resourceType":"HealthData","resourceId":"latest","details":"MongoDB view on HealthData","userIp":"","userAgent":""}
{"timestamp":"2025-05-08T12:04:45.431Z","userId":681,"action":"view","resourceType":"HealthData","resourceId":"latest","details":"MongoDB view on HealthData","userIp":"","userAgent":""}
{"timestamp":"2025-05-08T12:04:45.450Z","userId":681,"action":"view","resourceType":"HealthData","resourceId":"latest","details":"MongoDB view on HealthData","userIp":"","userAgent":""}
{"timestamp":"2025-05-08T12:04:45.467Z","userId":681,"action":"view","resourceType":"HealthData","resourceId":"latest","details":"MongoDB view on HealthData","userIp":"","userAgent":""}
{"timestamp":"2025-05-08T12:04:45.475Z","userId":681,"action":"view","resourceType":"HealthData","resourceId":"latest","details":"MongoDB view on HealthData","userIp":"","userAgent":""}
{"timestamp":"2025-05-08T12:04:45.487Z","userId":681,"action":"view","resourceType":"HealthData","resourceId":"latest","details":"MongoDB view on HealthData","userIp":"","userAgent":""}
{"timestamp":"2025-05-08T12:04:45.495Z","userId":681,"action":"view","resourceType":"HealthData","resourceId":"latest","details":"MongoDB view on HealthData","userIp":"","userAgent":""}
{"timestamp":"2025-05-08T12:04:45.500Z","userId":681,"action":"view","resourceType":"HealthData","resourceId":"latest","details":"MongoDB view on HealthData","userIp":"","userAgent":""}
{"timestamp":"2025-05-08T12:04:45.505Z","userId":681,"action":"view","resourceType":"HealthData","resourceId":"latest","details":"MongoDB view on HealthData","userIp":"","userAgent":""}
{"timestamp":"2025-05-08T12:04:45.511Z","userId":681,"action":"view","resourceType":"HealthData","resourceId":"latest","details":"MongoDB view on HealthData","userIp":"","userAgent":""}
{"timestamp":"2025-05-08T12:04:45.517Z","userId":681,"action":"view","resourceType":"HealthData","resourceId":"latest","details":"MongoDB view on HealthData","userIp":"","userAgent":""}
{"timestamp":"2025-05-08T12:04:45.523Z","userId":681,"action":"view","resourceType":"HealthData","resourceId":"latest","details":"MongoDB view on HealthData","userIp":"","userAgent":""}
{"timestamp":"2025-05-08T12:04:45.527Z","userId":681,"action":"view","resourceType":"HealthData","resourceId":"latest","details":"MongoDB view on HealthData","userIp":"","userAgent":""}
{"timestamp":"2025-05-08T12:04:45.532Z","userId":681,"action":"view","resourceType":"HealthData","resourceId":"latest","details":"MongoDB view on HealthData","userIp":"","userAgent":""}
{"timestamp":"2025-05-08T12:04:45.538Z","userId":681,"action":"view","resourceType":"HealthData","resourceId":"latest","details":"MongoDB view on HealthData","userIp":"","userAgent":""}
{"timestamp":"2025-05-08T12:04:45.543Z","userId":681,"action":"view","resourceType":"HealthData","resourceId":"latest","details":"MongoDB view on HealthData","userIp":"","userAgent":""}
{"timestamp":"2025-05-08T12:04:45.547Z","userId":681,"action":"view","resourceType":"HealthData","resourceId":"latest","details":"MongoDB view on HealthData","userIp":"","userAgent":""}
{"timestamp":"2025-05-08T12:04:45.554Z","userId":681,"action":"view","resourceType":"HealthData","resourceId":"latest","details":"MongoDB view on HealthData","userIp":"","userAgent":""}
{"timestamp":"2025-05-08T12:04:45.558Z","userId":681,"action":"view","resourceType":"HealthData","resourceId":"latest","details":"MongoDB view on HealthData","userIp":"","userAgent":""}
{"timestamp":"2025-05-08T12:04:45.563Z","userId":681,"action":"view","resourceType":"HealthData","resourceId":"latest","details":"MongoDB view on HealthData","userIp":"","userAgent":""}
{"timestamp":"2025-05-08T12:04:45.569Z","userId":681,"action":"view","resourceType":"HealthData","resourceId":"latest","details":"MongoDB view on HealthData","userIp":"","userAgent":""}
{"timestamp":"2025-05-08T12:04:45.574Z","userId":681,"action":"view","resourceType":"HealthData","resourceId":"latest","details":"MongoDB view on HealthData","userIp":"","userAgent":""}
{"timestamp":"2025-05-08T12:04:45.579Z","userId":681,"action":"view","resourceType":"HealthData","resourceId":"latest","details":"MongoDB view on HealthData","userIp":"","userAgent":""}
{"timestamp":"2025-05-08T12:04:45.585Z","userId":681,"action":"view","resourceType":"HealthData","resourceId":"latest","details":"MongoDB view on HealthData","userIp":"","userAgent":""}
{"timestamp":"2025-05-08T12:04:45.590Z","userId":681,"action":"view","resourceType":"HealthData","resourceId":"latest","details":"MongoDB view on HealthData","userIp":"","userAgent":""}
{"timestamp":"2025-05-08T12:04:45.595Z","userId":681,"action":"view","resourceType":"HealthData","resourceId":"latest","details":"MongoDB view on HealthData","userIp":"","userAgent":""}
{"timestamp":"2025-05-08T12:04:45.601Z","userId":681,"action":"view","resourceType":"HealthData","resourceId":"latest","details":"MongoDB view on HealthData","userIp":"","userAgent":""}
{"timestamp":"2025-05-08T12:04:45.606Z","userId":681,"action":"view","resourceType":"HealthData","resourceId":"latest","details":"MongoDB view on HealthData","userIp":"","userAgent":""}
{"timestamp":"2025-05-08T12:04:45.610Z","userId":681,"action":"view","resourceType":"HealthData","resourceId":"latest","details":"MongoDB view on HealthData","userIp":"","userAgent":""}
{"timestamp":"2025-05-08T12:04:45.616Z","userId":681,"action":"view","resourceType":"HealthData","resourceId":"latest","details":"MongoDB view on HealthData","userIp":"","userAgent":""}
{"timestamp":"2025-05-08T12:04:45.621Z","userId":681,"action":"view","resourceType":"HealthData","resourceId":"latest","details":"MongoDB view on HealthData","userIp":"","userAgent":""}
{"timestamp":"2025-05-08T12:04:45.626Z","userId":681,"action":"view","resourceType":"HealthData","resourceId":"latest","details":"MongoDB view on HealthData","userIp":"","userAgent":""}
{"timestamp":"2025-05-08T12:04:45.633Z","userId":681,"action":"view","resourceType":"HealthData","resourceId":"latest","details":"MongoDB view on HealthData","userIp":"","userAgent":""}
{"timestamp":"2025-05-08T12:04:45.639Z","userId":681,"action":"view","resourceType":"HealthData","resourceId":"latest","details":"MongoDB view on HealthData","userIp":"","userAgent":""}
{"timestamp":"2025-05-08T12:04:45.644Z","userId":681,"action":"view","resourceType":"HealthData","resourceId":"latest","details":"MongoDB view on HealthData","userIp":"","userAgent":""}
{"timestamp":"2025-05-08T12:04:45.649Z","userId":681,"action":"view","resourceType":"HealthData","resourceId":"latest","details":"MongoDB view on HealthData","userIp":"","userAgent":""}
{"timestamp":"2025-05-08T12:04:45.655Z","userId":681,"action":"view","resourceType":"HealthData","resourceId":"latest","details":"MongoDB view on HealthData","userIp":"","userAgent":""}
{"timestamp":"2025-05-08T12:04:45.660Z","userId":681,"action":"view","resourceType":"HealthData","resourceId":"latest","details":"MongoDB view on HealthData","userIp":"","userAgent":""}
{"timestamp":"2025-05-08T12:04:45.665Z","userId":681,"action":"view","resourceType":"HealthData","resourceId":"latest","details":"MongoDB view on HealthData","userIp":"","userAgent":""}
{"timestamp":"2025-05-08T12:04:45.670Z","userId":681,"action":"view","resourceType":"HealthData","resourceId":"latest","details":"MongoDB view on HealthData","userIp":"","userAgent":""}
{"timestamp":"2025-05-08T12:04:45.675Z","userId":681,"action":"view","resourceType":"HealthData","resourceId":"latest","details":"MongoDB view on HealthData","userIp":"","userAgent":""}
{"timestamp":"2025-05-08T12:04:45.681Z","userId":681,"action":"view","resourceType":"HealthData","resourceId":"latest","details":"MongoDB view on HealthData","userIp":"","userAgent":""}
{"timestamp":"2025-05-08T12:04:45.686Z","userId":681,"action":"view","resourceType":"HealthData","resourceId":"latest","details":"MongoDB view on HealthData","userIp":"","userAgent":""}
{"timestamp":"2025-05-08T12:04:45.692Z","userId":681,"action":"view","resourceType":"HealthData","resourceId":"latest","details":"MongoDB view on HealthData","userIp":"","userAgent":""}
{"timestamp":"2025-05-08T12:04:45.697Z","userId":681,"action":"view","resourceType":"HealthData","resourceId":"latest","details":"MongoDB view on HealthData","userIp":"","userAgent":""}
{"timestamp":"2025-05-08T12:04:45.703Z","userId":681,"action":"view","resourceType":"HealthData","resourceId":"latest","details":"MongoDB view on HealthData","userIp":"","userAgent":""}
{"timestamp":"2025-05-08T12:04:45.710Z","userId":681,"action":"view","resourceType":"HealthData","resourceId":"latest","details":"MongoDB view on HealthData","userIp":"","userAgent":""}
{"timestamp":"2025-05-08T12:04:45.715Z","userId":681,"action":"view","resourceType":"HealthData","resourceId":"latest","details":"MongoDB view on HealthData","userIp":"","userAgent":""}
{"timestamp":"2025-05-08T12:04:45.721Z","userId":681,"action":"view","resourceType":"HealthData","resourceId":"latest","details":"MongoDB view on HealthData","userIp":"","userAgent":""}
{"timestamp":"2025-05-08T12:04:45.726Z","userId":681,"action":"view","resourceType":"HealthData","resourceId":"latest","details":"MongoDB view on HealthData","userIp":"","userAgent":""}
{"timestamp":"2025-05-08T12:04:45.731Z","userId":681,"action":"view","resourceType":"HealthData","resourceId":"latest","details":"MongoDB view on HealthData","userIp":"","userAgent":""}
{"timestamp":"2025-05-08T12:04:45.736Z","userId":681,"action":"view","resourceType":"HealthData","resourceId":"latest","details":"MongoDB view on HealthData","userIp":"","userAgent":""}
{"timestamp":"2025-05-08T12:04:45.741Z","userId":681,"action":"view","resourceType":"HealthData","resourceId":"latest","details":"MongoDB view on HealthData","userIp":"","userAgent":""}
{"timestamp":"2025-05-08T12:04:45.745Z","userId":681,"action":"view","resourceType":"HealthData","resourceId":"latest","details":"MongoDB view on HealthData","userIp":"","userAgent":""}
{"timestamp":"2025-05-08T12:04:45.751Z","userId":681,"action":"view","resourceType":"HealthData","resourceId":"latest","details":"MongoDB view on HealthData","userIp":"","userAgent":""}
{"timestamp":"2025-05-08T12:04:45.756Z","userId":681,"action":"view","resourceType":"HealthData","resourceId":"latest","details":"MongoDB view on HealthData","userIp":"","userAgent":""}
{"timestamp":"2025-05-08T12:04:45.762Z","userId":681,"action":"view","resourceType":"HealthData","resourceId":"latest","details":"MongoDB view on HealthData","userIp":"","userAgent":""}
{"timestamp":"2025-05-08T12:04:45.768Z","userId":681,"action":"view","resourceType":"HealthData","resourceId":"latest","details":"MongoDB view on HealthData","userIp":"","userAgent":""}
{"timestamp":"2025-05-08T12:04:45.774Z","userId":681,"action":"view","resourceType":"HealthData","resourceId":"latest","details":"MongoDB view on HealthData","userIp":"","userAgent":""}
{"timestamp":"2025-05-08T12:04:45.779Z","userId":681,"action":"view","resourceType":"HealthData","resourceId":"latest","details":"MongoDB view on HealthData","userIp":"","userAgent":""}
{"timestamp":"2025-05-08T12:04:45.786Z","userId":681,"action":"view","resourceType":"HealthData","resourceId":"latest","details":"MongoDB view on HealthData","userIp":"","userAgent":""}
{"timestamp":"2025-05-08T12:04:45.793Z","userId":681,"action":"view","resourceType":"HealthData","resourceId":"latest","details":"MongoDB view on HealthData","userIp":"","userAgent":""}
{"timestamp":"2025-05-08T12:04:45.799Z","userId":681,"action":"view","resourceType":"HealthData","resourceId":"latest","details":"MongoDB view on HealthData","userIp":"","userAgent":""}
{"timestamp":"2025-05-08T12:04:45.805Z","userId":681,"action":"view","resourceType":"HealthData","resourceId":"latest","details":"MongoDB view on HealthData","userIp":"","userAgent":""}
{"timestamp":"2025-05-08T12:04:45.811Z","userId":681,"action":"view","resourceType":"HealthData","resourceId":"latest","details":"MongoDB view on HealthData","userIp":"","userAgent":""}
{"timestamp":"2025-05-08T12:04:45.817Z","userId":681,"action":"view","resourceType":"HealthData","resourceId":"latest","details":"MongoDB view on HealthData","userIp":"","userAgent":""}
{"timestamp":"2025-05-08T12:04:45.823Z","userId":681,"action":"view","resourceType":"HealthData","resourceId":"latest","details":"MongoDB view on HealthData","userIp":"","userAgent":""}
{"timestamp":"2025-05-08T12:04:45.829Z","userId":681,"action":"view","resourceType":"HealthData","resourceId":"latest","details":"MongoDB view on HealthData","userIp":"","userAgent":""}
{"timestamp":"2025-05-08T12:04:45.835Z","userId":681,"action":"view","resourceType":"HealthData","resourceId":"latest","details":"MongoDB view on HealthData","userIp":"","userAgent":""}
{"timestamp":"2025-05-08T12:04:45.840Z","userId":681,"action":"view","resourceType":"HealthData","resourceId":"latest","details":"MongoDB view on HealthData","userIp":"","userAgent":""}
{"timestamp":"2025-05-08T12:04:45.845Z","userId":681,"action":"view","resourceType":"HealthData","resourceId":"latest","details":"MongoDB view on HealthData","userIp":"","userAgent":""}
{"timestamp":"2025-05-08T12:04:45.851Z","userId":681,"action":"view","resourceType":"HealthData","resourceId":"latest","details":"MongoDB view on HealthData","userIp":"","userAgent":""}
{"timestamp":"2025-05-08T12:04:45.856Z","userId":681,"action":"view","resourceType":"HealthData","resourceId":"latest","details":"MongoDB view on HealthData","userIp":"","userAgent":""}
{"timestamp":"2025-05-08T12:04:45.861Z","userId":681,"action":"view","resourceType":"HealthData","resourceId":"latest","details":"MongoDB view on HealthData","userIp":"","userAgent":""}
{"timestamp":"2025-05-08T12:04:45.866Z","userId":681,"action":"view","resourceType":"HealthData","resourceId":"latest","details":"MongoDB view on HealthData","userIp":"","userAgent":""}
{"timestamp":"2025-05-08T12:04:45.872Z","userId":681,"action":"view","resourceType":"HealthData","resourceId":"latest","details":"MongoDB view on HealthData","userIp":"","userAgent":""}
{"timestamp":"2025-05-08T12:04:45.877Z","userId":681,"action":"view","resourceType":"HealthData","resourceId":"latest","details":"MongoDB view on HealthData","userIp":"","userAgent":""}
{"timestamp":"2025-05-08T12:04:45.882Z","userId":681,"action":"view","resourceType":"HealthData","resourceId":"latest","details":"MongoDB view on HealthData","userIp":"","userAgent":""}
{"timestamp":"2025-05-08T12:04:45.887Z","userId":681,"action":"view","resourceType":"HealthData","resourceId":"latest","details":"MongoDB view on HealthData","userIp":"","userAgent":""}
{"timestamp":"2025-05-08T12:04:45.894Z","userId":681,"action":"view","resourceType":"HealthData","resourceId":"latest","details":"MongoDB view on HealthData","userIp":"","userAgent":""}
{"timestamp":"2025-05-08T12:04:45.899Z","userId":681,"action":"view","resourceType":"HealthData","resourceId":"latest","details":"MongoDB view on HealthData","userIp":"","userAgent":""}
{"timestamp":"2025-05-08T12:04:45.905Z","userId":681,"action":"view","resourceType":"HealthData","resourceId":"latest","details":"MongoDB view on HealthData","userIp":"","userAgent":""}
{"timestamp":"2025-05-08T12:04:45.910Z","userId":681,"action":"view","resourceType":"HealthData","resourceId":"latest","details":"MongoDB view on HealthData","userIp":"","userAgent":""}
{"timestamp":"2025-05-08T12:04:45.916Z","userId":681,"action":"view","resourceType":"HealthData","resourceId":"latest","details":"MongoDB view on HealthData","userIp":"","userAgent":""}
{"timestamp":"2025-05-08T12:04:45.921Z","userId":681,"action":"view","resourceType":"HealthData","resourceId":"latest","details":"MongoDB view on HealthData","userIp":"","userAgent":""}
{"timestamp":"2025-05-08T12:04:45.928Z","userId":681,"action":"view","resourceType":"HealthData","resourceId":"latest","details":"MongoDB view on HealthData","userIp":"","userAgent":""}
{"timestamp":"2025-05-08T12:04:45.934Z","userId":681,"action":"view","resourceType":"HealthData","resourceId":"latest","details":"MongoDB view on HealthData","userIp":"","userAgent":""}
{"timestamp":"2025-05-08T12:04:45.940Z","userId":681,"action":"view","resourceType":"HealthData","resourceId":"latest","details":"MongoDB view on HealthData","userIp":"","userAgent":""}
{"timestamp":"2025-05-08T12:04:45.945Z","userId":681,"action":"view","resourceType":"HealthData","resourceId":"latest","details":"MongoDB view on HealthData","userIp":"","userAgent":""}
{"timestamp":"2025-05-08T12:04:45.951Z","userId":681,"action":"view","resourceType":"HealthData","resourceId":"latest","details":"MongoDB view on HealthData","userIp":"","userAgent":""}
{"timestamp":"2025-05-08T12:04:45.958Z","userId":681,"action":"view","resourceType":"HealthData","resourceId":"latest","details":"MongoDB view on HealthData","userIp":"","userAgent":""}
{"timestamp":"2025-05-08T12:04:45.964Z","userId":681,"action":"view","resourceType":"HealthData","resourceId":"latest","details":"MongoDB view on HealthData","userIp":"","userAgent":""}
{"timestamp":"2025-05-08T12:04:45.969Z","userId":681,"action":"view","resourceType":"HealthData","resourceId":"latest","details":"MongoDB view on HealthData","userIp":"","userAgent":""}
{"timestamp":"2025-05-08T12:04:45.975Z","userId":681,"action":"view","resourceType":"HealthData","resourceId":"latest","details":"MongoDB view on HealthData","userIp":"","userAgent":""}
{"timestamp":"2025-05-08T12:04:45.980Z","userId":681,"action":"view","resourceType":"HealthData","resourceId":"latest","details":"MongoDB view on HealthData","userIp":"","userAgent":""}
{"timestamp":"2025-05-08T12:04:45.985Z","userId":681,"action":"view","resourceType":"HealthData","resourceId":"latest","details":"MongoDB view on HealthData","userIp":"","userAgent":""}
{"timestamp":"2025-05-08T12:04:45.991Z","userId":681,"action":"view","resourceType":"HealthData","resourceId":"latest","details":"MongoDB view on HealthData","userIp":"","userAgent":""}
{"timestamp":"2025-05-08T12:04:45.997Z","userId":681,"action":"view","resourceType":"HealthData","resourceId":"latest","details":"MongoDB view on HealthData","userIp":"","userAgent":""}
{"timestamp":"2025-05-08T12:04:46.003Z","userId":681,"action":"view","resourceType":"HealthData","resourceId":"latest","details":"MongoDB view on HealthData","userIp":"","userAgent":""}
{"timestamp":"2025-05-08T12:04:46.010Z","userId":681,"action":"view","resourceType":"HealthData","resourceId":"latest","details":"MongoDB view on HealthData","userIp":"","userAgent":""}
{"timestamp":"2025-05-08T12:04:46.017Z","userId":681,"action":"view","resourceType":"HealthData","resourceId":"latest","details":"MongoDB view on HealthData","userIp":"","userAgent":""}
{"timestamp":"2025-05-08T12:04:46.025Z","userId":681,"action":"view","resourceType":"HealthData","resourceId":"latest","details":"MongoDB view on HealthData","userIp":"","userAgent":""}
{"timestamp":"2025-05-08T12:04:46.031Z","userId":681,"action":"view","resourceType":"HealthData","resourceId":"latest","details":"MongoDB view on HealthData","userIp":"","userAgent":""}
{"timestamp":"2025-05-08T12:04:46.036Z","userId":681,"action":"view","resourceType":"HealthData","resourceId":"latest","details":"MongoDB view on HealthData","userIp":"","userAgent":""}
{"timestamp":"2025-05-08T12:04:46.041Z","userId":681,"action":"view","resourceType":"HealthData","resourceId":"latest","details":"MongoDB view on HealthData","userIp":"","userAgent":""}
{"timestamp":"2025-05-08T12:04:46.046Z","userId":681,"action":"view","resourceType":"HealthData","resourceId":"latest","details":"MongoDB view on HealthData","userIp":"","userAgent":""}
{"timestamp":"2025-05-08T12:04:46.050Z","userId":681,"action":"view","resourceType":"HealthData","resourceId":"latest","details":"MongoDB view on HealthData","userIp":"","userAgent":""}
{"timestamp":"2025-05-08T12:04:46.055Z","userId":681,"action":"view","resourceType":"HealthData","resourceId":"latest","details":"MongoDB view on HealthData","userIp":"","userAgent":""}
{"timestamp":"2025-05-08T12:04:46.060Z","userId":681,"action":"view","resourceType":"HealthData","resourceId":"latest","details":"MongoDB view on HealthData","userIp":"","userAgent":""}
{"timestamp":"2025-05-08T12:04:46.065Z","userId":681,"action":"view","resourceType":"HealthData","resourceId":"latest","details":"MongoDB view on HealthData","userIp":"","userAgent":""}
{"timestamp":"2025-05-08T12:04:46.071Z","userId":681,"action":"view","resourceType":"HealthData","resourceId":"latest","details":"MongoDB view on HealthData","userIp":"","userAgent":""}
{"timestamp":"2025-05-08T12:04:46.076Z","userId":681,"action":"view","resourceType":"HealthData","resourceId":"latest","details":"MongoDB view on HealthData","userIp":"","userAgent":""}
{"timestamp":"2025-05-08T12:04:46.081Z","userId":681,"action":"view","resourceType":"HealthData","resourceId":"latest","details":"MongoDB view on HealthData","userIp":"","userAgent":""}
{"timestamp":"2025-05-08T12:04:46.087Z","userId":681,"action":"view","resourceType":"HealthData","resourceId":"latest","details":"MongoDB view on HealthData","userIp":"","userAgent":""}
{"timestamp":"2025-05-08T12:04:46.093Z","userId":681,"action":"view","resourceType":"HealthData","resourceId":"latest","details":"MongoDB view on HealthData","userIp":"","userAgent":""}
{"timestamp":"2025-05-08T12:04:46.098Z","userId":681,"action":"view","resourceType":"HealthData","resourceId":"latest","details":"MongoDB view on HealthData","userIp":"","userAgent":""}
{"timestamp":"2025-05-08T12:04:46.104Z","userId":681,"action":"view","resourceType":"HealthData","resourceId":"latest","details":"MongoDB view on HealthData","userIp":"","userAgent":""}
{"timestamp":"2025-05-08T12:04:46.111Z","userId":681,"action":"view","resourceType":"HealthData","resourceId":"latest","details":"MongoDB view on HealthData","userIp":"","userAgent":""}
{"timestamp":"2025-05-08T12:04:46.117Z","userId":681,"action":"view","resourceType":"HealthData","resourceId":"latest","details":"MongoDB view on HealthData","userIp":"","userAgent":""}
{"timestamp":"2025-05-08T12:04:46.123Z","userId":681,"action":"view","resourceType":"HealthData","resourceId":"latest","details":"MongoDB view on HealthData","userIp":"","userAgent":""}
{"timestamp":"2025-05-08T12:04:46.129Z","userId":681,"action":"view","resourceType":"HealthData","resourceId":"latest","details":"MongoDB view on HealthData","userIp":"","userAgent":""}
{"timestamp":"2025-05-08T12:04:46.135Z","userId":681,"action":"view","resourceType":"HealthData","resourceId":"latest","details":"MongoDB view on HealthData","userIp":"","userAgent":""}
{"timestamp":"2025-05-08T12:04:46.141Z","userId":681,"action":"view","resourceType":"HealthData","resourceId":"latest","details":"MongoDB view on HealthData","userIp":"","userAgent":""}
{"timestamp":"2025-05-08T12:04:46.147Z","userId":681,"action":"view","resourceType":"HealthData","resourceId":"latest","details":"MongoDB view on HealthData","userIp":"","userAgent":""}
{"timestamp":"2025-05-08T12:04:46.153Z","userId":681,"action":"view","resourceType":"HealthData","resourceId":"latest","details":"MongoDB view on HealthData","userIp":"","userAgent":""}
{"timestamp":"2025-05-08T12:04:46.158Z","userId":681,"action":"view","resourceType":"HealthData","resourceId":"latest","details":"MongoDB view on HealthData","userIp":"","userAgent":""}
{"timestamp":"2025-05-08T12:04:46.162Z","userId":681,"action":"view","resourceType":"HealthData","resourceId":"latest","details":"MongoDB view on HealthData","userIp":"","userAgent":""}
{"timestamp":"2025-05-08T12:04:46.166Z","userId":681,"action":"view","resourceType":"HealthData","resourceId":"latest","details":"MongoDB view on HealthData","userIp":"","userAgent":""}
{"timestamp":"2025-05-08T12:04:46.170Z","userId":681,"action":"view","resourceType":"HealthData","resourceId":"latest","details":"MongoDB view on HealthData","userIp":"","userAgent":""}
{"timestamp":"2025-05-08T12:04:46.176Z","userId":681,"action":"view","resourceType":"HealthData","resourceId":"latest","details":"MongoDB view on HealthData","userIp":"","userAgent":""}
{"timestamp":"2025-05-08T12:04:46.182Z","userId":681,"action":"view","resourceType":"HealthData","resourceId":"latest","details":"MongoDB view on HealthData","userIp":"","userAgent":""}
{"timestamp":"2025-05-08T12:04:46.189Z","userId":681,"action":"view","resourceType":"HealthData","resourceId":"latest","details":"MongoDB view on HealthData","userIp":"","userAgent":""}
{"timestamp":"2025-05-08T12:04:46.195Z","userId":681,"action":"view","resourceType":"HealthData","resourceId":"latest","details":"MongoDB view on HealthData","userIp":"","userAgent":""}
{"timestamp":"2025-05-08T12:04:46.200Z","userId":681,"action":"view","resourceType":"HealthData","resourceId":"latest","details":"MongoDB view on HealthData","userIp":"","userAgent":""}
{"timestamp":"2025-05-08T12:04:46.206Z","userId":681,"action":"view","resourceType":"HealthData","resourceId":"latest","details":"MongoDB view on HealthData","userIp":"","userAgent":""}
{"timestamp":"2025-05-08T12:04:46.211Z","userId":681,"action":"view","resourceType":"HealthData","resourceId":"latest","details":"MongoDB view on HealthData","userIp":"","userAgent":""}
{"timestamp":"2025-05-08T12:04:46.217Z","userId":681,"action":"view","resourceType":"HealthData","resourceId":"latest","details":"MongoDB view on HealthData","userIp":"","userAgent":""}
{"timestamp":"2025-05-08T12:04:46.223Z","userId":681,"action":"view","resourceType":"HealthData","resourceId":"latest","details":"MongoDB view on HealthData","userIp":"","userAgent":""}
{"timestamp":"2025-05-08T12:04:46.229Z","userId":681,"action":"view","resourceType":"HealthData","resourceId":"latest","details":"MongoDB view on HealthData","userIp":"","userAgent":""}
{"timestamp":"2025-05-08T12:04:46.235Z","userId":681,"action":"view","resourceType":"HealthData","resourceId":"latest","details":"MongoDB view on HealthData","userIp":"","userAgent":""}
{"timestamp":"2025-05-08T12:04:46.240Z","userId":681,"action":"view","resourceType":"HealthData","resourceId":"latest","details":"MongoDB view on HealthData","userIp":"","userAgent":""}
{"timestamp":"2025-05-08T12:04:46.246Z","userId":681,"action":"view","resourceType":"HealthData","resourceId":"latest","details":"MongoDB view on HealthData","userIp":"","userAgent":""}
{"timestamp":"2025-05-08T12:04:46.252Z","userId":681,"action":"view","resourceType":"HealthData","resourceId":"latest","details":"MongoDB view on HealthData","userIp":"","userAgent":""}
{"timestamp":"2025-05-08T12:04:46.257Z","userId":681,"action":"view","resourceType":"HealthData","resourceId":"latest","details":"MongoDB view on HealthData","userIp":"","userAgent":""}
{"timestamp":"2025-05-08T12:04:46.262Z","userId":681,"action":"view","resourceType":"HealthData","resourceId":"latest","details":"MongoDB view on HealthData","userIp":"","userAgent":""}
{"timestamp":"2025-05-08T12:04:46.267Z","userId":681,"action":"view","resourceType":"HealthData","resourceId":"latest","details":"MongoDB view on HealthData","userIp":"","userAgent":""}
{"timestamp":"2025-05-08T12:04:46.272Z","userId":681,"action":"view","resourceType":"HealthData","resourceId":"latest","details":"MongoDB view on HealthData","userIp":"","userAgent":""}
{"timestamp":"2025-05-08T12:04:46.277Z","userId":681,"action":"view","resourceType":"HealthData","resourceId":"latest","details":"MongoDB view on HealthData","userIp":"","userAgent":""}
{"timestamp":"2025-05-08T12:04:46.283Z","userId":681,"action":"view","resourceType":"HealthData","resourceId":"latest","details":"MongoDB view on HealthData","userIp":"","userAgent":""}
{"timestamp":"2025-05-08T12:04:46.289Z","userId":681,"action":"view","resourceType":"HealthData","resourceId":"latest","details":"MongoDB view on HealthData","userIp":"","userAgent":""}
{"timestamp":"2025-05-08T12:04:46.294Z","userId":681,"action":"view","resourceType":"HealthData","resourceId":"latest","details":"MongoDB view on HealthData","userIp":"","userAgent":""}
{"timestamp":"2025-05-08T12:04:46.301Z","userId":681,"action":"view","resourceType":"HealthData","resourceId":"latest","details":"MongoDB view on HealthData","userIp":"","userAgent":""}
{"timestamp":"2025-05-08T12:04:46.307Z","userId":681,"action":"view","resourceType":"HealthData","resourceId":"latest","details":"MongoDB view on HealthData","userIp":"","userAgent":""}
{"timestamp":"2025-05-08T12:04:46.313Z","userId":681,"action":"view","resourceType":"HealthData","resourceId":"latest","details":"MongoDB view on HealthData","userIp":"","userAgent":""}
{"timestamp":"2025-05-08T12:04:46.319Z","userId":681,"action":"view","resourceType":"HealthData","resourceId":"latest","details":"MongoDB view on HealthData","userIp":"","userAgent":""}
{"timestamp":"2025-05-08T12:04:46.326Z","userId":681,"action":"view","resourceType":"HealthData","resourceId":"latest","details":"MongoDB view on HealthData","userIp":"","userAgent":""}
{"timestamp":"2025-05-08T12:04:46.331Z","userId":681,"action":"view","resourceType":"HealthData","resourceId":"latest","details":"MongoDB view on HealthData","userIp":"","userAgent":""}
{"timestamp":"2025-05-08T12:04:46.337Z","userId":681,"action":"view","resourceType":"HealthData","resourceId":"latest","details":"MongoDB view on HealthData","userIp":"","userAgent":""}
{"timestamp":"2025-05-08T12:04:46.344Z","userId":681,"action":"view","resourceType":"HealthData","resourceId":"latest","details":"MongoDB view on HealthData","userIp":"","userAgent":""}
{"timestamp":"2025-05-08T12:04:46.349Z","userId":681,"action":"view","resourceType":"HealthData","resourceId":"latest","details":"MongoDB view on HealthData","userIp":"","userAgent":""}
{"timestamp":"2025-05-08T12:04:46.354Z","userId":681,"action":"view","resourceType":"HealthData","resourceId":"latest","details":"MongoDB view on HealthData","userIp":"","userAgent":""}
{"timestamp":"2025-05-08T12:04:46.360Z","userId":681,"action":"view","resourceType":"HealthData","resourceId":"latest","details":"MongoDB view on HealthData","userIp":"","userAgent":""}
{"timestamp":"2025-05-08T12:04:46.367Z","userId":681,"action":"view","resourceType":"HealthData","resourceId":"latest","details":"MongoDB view on HealthData","userIp":"","userAgent":""}
{"timestamp":"2025-05-08T12:04:46.372Z","userId":681,"action":"view","resourceType":"HealthData","resourceId":"latest","details":"MongoDB view on HealthData","userIp":"","userAgent":""}
{"timestamp":"2025-05-08T12:04:46.378Z","userId":681,"action":"view","resourceType":"HealthData","resourceId":"latest","details":"MongoDB view on HealthData","userIp":"","userAgent":""}
{"timestamp":"2025-05-08T12:04:46.385Z","userId":681,"action":"view","resourceType":"HealthData","resourceId":"latest","details":"MongoDB view on HealthData","userIp":"","userAgent":""}
{"timestamp":"2025-05-08T12:04:46.390Z","userId":681,"action":"view","resourceType":"HealthData","resourceId":"latest","details":"MongoDB view on HealthData","userIp":"","userAgent":""}
{"timestamp":"2025-05-08T12:04:46.396Z","userId":681,"action":"view","resourceType":"HealthData","resourceId":"latest","details":"MongoDB view on HealthData","userIp":"","userAgent":""}
{"timestamp":"2025-05-08T12:04:46.402Z","userId":681,"action":"view","resourceType":"HealthData","resourceId":"latest","details":"MongoDB view on HealthData","userIp":"","userAgent":""}
{"timestamp":"2025-05-08T12:04:46.407Z","userId":681,"action":"view","resourceType":"HealthData","resourceId":"latest","details":"MongoDB view on HealthData","userIp":"","userAgent":""}
{"timestamp":"2025-05-08T12:04:46.413Z","userId":681,"action":"view","resourceType":"HealthData","resourceId":"latest","details":"MongoDB view on HealthData","userIp":"","userAgent":""}
{"timestamp":"2025-05-08T12:04:46.419Z","userId":681,"action":"view","resourceType":"HealthData","resourceId":"latest","details":"MongoDB view on HealthData","userIp":"","userAgent":""}
{"timestamp":"2025-05-08T12:04:46.424Z","userId":681,"action":"view","resourceType":"HealthData","resourceId":"latest","details":"MongoDB view on HealthData","userIp":"","userAgent":""}
{"timestamp":"2025-05-08T12:04:46.431Z","userId":681,"action":"view","resourceType":"HealthData","resourceId":"latest","details":"MongoDB view on HealthData","userIp":"","userAgent":""}
{"timestamp":"2025-05-08T12:04:46.436Z","userId":681,"action":"view","resourceType":"HealthData","resourceId":"latest","details":"MongoDB view on HealthData","userIp":"","userAgent":""}
{"timestamp":"2025-05-08T12:04:46.441Z","userId":681,"action":"view","resourceType":"HealthData","resourceId":"latest","details":"MongoDB view on HealthData","userIp":"","userAgent":""}
{"timestamp":"2025-05-08T12:04:46.447Z","userId":681,"action":"view","resourceType":"HealthData","resourceId":"latest","details":"MongoDB view on HealthData","userIp":"","userAgent":""}
{"timestamp":"2025-05-08T12:04:46.452Z","userId":681,"action":"view","resourceType":"HealthData","resourceId":"latest","details":"MongoDB view on HealthData","userIp":"","userAgent":""}
{"timestamp":"2025-05-08T12:04:46.458Z","userId":681,"action":"view","resourceType":"HealthData","resourceId":"latest","details":"MongoDB view on HealthData","userIp":"","userAgent":""}
{"timestamp":"2025-05-08T12:04:46.464Z","userId":681,"action":"view","resourceType":"HealthData","resourceId":"latest","details":"MongoDB view on HealthData","userIp":"","userAgent":""}
{"timestamp":"2025-05-08T12:04:46.468Z","userId":681,"action":"view","resourceType":"HealthData","resourceId":"latest","details":"MongoDB view on HealthData","userIp":"","userAgent":""}
{"timestamp":"2025-05-08T12:04:46.474Z","userId":681,"action":"view","resourceType":"HealthData","resourceId":"latest","details":"MongoDB view on HealthData","userIp":"","userAgent":""}
{"timestamp":"2025-05-08T12:04:46.480Z","userId":681,"action":"view","resourceType":"HealthData","resourceId":"latest","details":"MongoDB view on HealthData","userIp":"","userAgent":""}
{"timestamp":"2025-05-08T12:04:46.485Z","userId":681,"action":"view","resourceType":"HealthData","resourceId":"latest","details":"MongoDB view on HealthData","userIp":"","userAgent":""}
{"timestamp":"2025-05-08T12:04:46.490Z","userId":681,"action":"view","resourceType":"HealthData","resourceId":"latest","details":"MongoDB view on HealthData","userIp":"","userAgent":""}
{"timestamp":"2025-05-08T12:04:46.495Z","userId":681,"action":"view","resourceType":"HealthData","resourceId":"latest","details":"MongoDB view on HealthData","userIp":"","userAgent":""}
{"timestamp":"2025-05-08T12:04:46.500Z","userId":681,"action":"view","resourceType":"HealthData","resourceId":"latest","details":"MongoDB view on HealthData","userIp":"","userAgent":""}
{"timestamp":"2025-05-08T12:04:46.521Z","userId":681,"action":"view","resourceType":"HealthData","resourceId":"latest","details":"MongoDB view on HealthData","userIp":"","userAgent":""}
{"timestamp":"2025-05-08T12:04:46.527Z","userId":681,"action":"view","resourceType":"HealthData","resourceId":"latest","details":"MongoDB view on HealthData","userIp":"","userAgent":""}
{"timestamp":"2025-05-08T12:04:46.534Z","userId":681,"action":"view","resourceType":"HealthData","resourceId":"latest","details":"MongoDB view on HealthData","userIp":"","userAgent":""}
{"timestamp":"2025-05-08T12:04:46.540Z","userId":681,"action":"view","resourceType":"HealthData","resourceId":"latest","details":"MongoDB view on HealthData","userIp":"","userAgent":""}
{"timestamp":"2025-05-08T12:04:46.545Z","userId":681,"action":"view","resourceType":"HealthData","resourceId":"latest","details":"MongoDB view on HealthData","userIp":"","userAgent":""}
{"timestamp":"2025-05-08T12:04:46.551Z","userId":681,"action":"view","resourceType":"HealthData","resourceId":"latest","details":"MongoDB view on HealthData","userIp":"","userAgent":""}
{"timestamp":"2025-05-08T12:04:46.557Z","userId":681,"action":"view","resourceType":"HealthData","resourceId":"latest","details":"MongoDB view on HealthData","userIp":"","userAgent":""}
{"timestamp":"2025-05-08T12:04:46.562Z","userId":681,"action":"view","resourceType":"HealthData","resourceId":"latest","details":"MongoDB view on HealthData","userIp":"","userAgent":""}
{"timestamp":"2025-05-08T12:04:46.567Z","userId":681,"action":"view","resourceType":"HealthData","resourceId":"latest","details":"MongoDB view on HealthData","userIp":"","userAgent":""}
{"timestamp":"2025-05-08T12:04:46.574Z","userId":681,"action":"view","resourceType":"HealthData","resourceId":"latest","details":"MongoDB view on HealthData","userIp":"","userAgent":""}
{"timestamp":"2025-05-08T12:04:46.579Z","userId":681,"action":"view","resourceType":"HealthData","resourceId":"latest","details":"MongoDB view on HealthData","userIp":"","userAgent":""}
{"timestamp":"2025-05-08T12:04:46.585Z","userId":681,"action":"view","resourceType":"HealthData","resourceId":"latest","details":"MongoDB view on HealthData","userIp":"","userAgent":""}
{"timestamp":"2025-05-08T12:04:46.590Z","userId":681,"action":"view","resourceType":"HealthData","resourceId":"latest","details":"MongoDB view on HealthData","userIp":"","userAgent":""}
{"timestamp":"2025-05-08T12:04:46.595Z","userId":681,"action":"view","resourceType":"HealthData","resourceId":"latest","details":"MongoDB view on HealthData","userIp":"","userAgent":""}
{"timestamp":"2025-05-08T12:04:46.601Z","userId":681,"action":"view","resourceType":"HealthData","resourceId":"latest","details":"MongoDB view on HealthData","userIp":"","userAgent":""}
{"timestamp":"2025-05-08T12:04:46.607Z","userId":681,"action":"view","resourceType":"HealthData","resourceId":"latest","details":"MongoDB view on HealthData","userIp":"","userAgent":""}
{"timestamp":"2025-05-08T12:04:46.611Z","userId":681,"action":"view","resourceType":"HealthData","resourceId":"latest","details":"MongoDB view on HealthData","userIp":"","userAgent":""}
{"timestamp":"2025-05-08T12:04:46.617Z","userId":681,"action":"view","resourceType":"HealthData","resourceId":"latest","details":"MongoDB view on HealthData","userIp":"","userAgent":""}
{"timestamp":"2025-05-08T12:04:46.623Z","userId":681,"action":"view","resourceType":"HealthData","resourceId":"latest","details":"MongoDB view on HealthData","userIp":"","userAgent":""}
{"timestamp":"2025-05-08T12:04:46.628Z","userId":681,"action":"view","resourceType":"HealthData","resourceId":"latest","details":"MongoDB view on HealthData","userIp":"","userAgent":""}
{"timestamp":"2025-05-08T12:04:46.634Z","userId":681,"action":"view","resourceType":"HealthData","resourceId":"latest","details":"MongoDB view on HealthData","userIp":"","userAgent":""}
{"timestamp":"2025-05-08T12:04:46.639Z","userId":681,"action":"view","resourceType":"HealthData","resourceId":"latest","details":"MongoDB view on HealthData","userIp":"","userAgent":""}
{"timestamp":"2025-05-08T12:04:46.645Z","userId":681,"action":"view","resourceType":"HealthData","resourceId":"latest","details":"MongoDB view on HealthData","userIp":"","userAgent":""}
{"timestamp":"2025-05-08T12:04:46.651Z","userId":681,"action":"view","resourceType":"HealthData","resourceId":"latest","details":"MongoDB view on HealthData","userIp":"","userAgent":""}
{"timestamp":"2025-05-08T12:04:46.656Z","userId":681,"action":"view","resourceType":"HealthData","resourceId":"latest","details":"MongoDB view on HealthData","userIp":"","userAgent":""}
{"timestamp":"2025-05-08T12:04:46.661Z","userId":681,"action":"view","resourceType":"HealthData","resourceId":"latest","details":"MongoDB view on HealthData","userIp":"","userAgent":""}
{"timestamp":"2025-05-08T12:04:46.667Z","userId":681,"action":"view","resourceType":"HealthData","resourceId":"latest","details":"MongoDB view on HealthData","userIp":"","userAgent":""}
{"timestamp":"2025-05-08T12:04:46.672Z","userId":681,"action":"view","resourceType":"HealthData","resourceId":"latest","details":"MongoDB view on HealthData","userIp":"","userAgent":""}
{"timestamp":"2025-05-08T12:04:46.677Z","userId":681,"action":"view","resourceType":"HealthData","resourceId":"latest","details":"MongoDB view on HealthData","userIp":"","userAgent":""}
{"timestamp":"2025-05-08T12:04:46.682Z","userId":681,"action":"view","resourceType":"HealthData","resourceId":"latest","details":"MongoDB view on HealthData","userIp":"","userAgent":""}
{"timestamp":"2025-05-08T12:04:46.688Z","userId":681,"action":"view","resourceType":"HealthData","resourceId":"latest","details":"MongoDB view on HealthData","userIp":"","userAgent":""}
{"timestamp":"2025-05-08T12:04:46.693Z","userId":681,"action":"view","resourceType":"HealthData","resourceId":"latest","details":"MongoDB view on HealthData","userIp":"","userAgent":""}
{"timestamp":"2025-05-08T12:04:46.699Z","userId":681,"action":"view","resourceType":"HealthData","resourceId":"latest","details":"MongoDB view on HealthData","userIp":"","userAgent":""}
{"timestamp":"2025-05-08T12:04:46.705Z","userId":681,"action":"view","resourceType":"HealthData","resourceId":"latest","details":"MongoDB view on HealthData","userIp":"","userAgent":""}
{"timestamp":"2025-05-08T12:04:46.710Z","userId":681,"action":"view","resourceType":"HealthData","resourceId":"latest","details":"MongoDB view on HealthData","userIp":"","userAgent":""}
{"timestamp":"2025-05-08T12:04:46.715Z","userId":681,"action":"view","resourceType":"HealthData","resourceId":"latest","details":"MongoDB view on HealthData","userIp":"","userAgent":""}
{"timestamp":"2025-05-08T12:04:46.721Z","userId":681,"action":"view","resourceType":"HealthData","resourceId":"latest","details":"MongoDB view on HealthData","userIp":"","userAgent":""}
{"timestamp":"2025-05-08T12:04:46.727Z","userId":681,"action":"view","resourceType":"HealthData","resourceId":"latest","details":"MongoDB view on HealthData","userIp":"","userAgent":""}
{"timestamp":"2025-05-08T12:04:46.732Z","userId":681,"action":"view","resourceType":"HealthData","resourceId":"latest","details":"MongoDB view on HealthData","userIp":"","userAgent":""}
{"timestamp":"2025-05-08T12:04:46.737Z","userId":681,"action":"view","resourceType":"HealthData","resourceId":"latest","details":"MongoDB view on HealthData","userIp":"","userAgent":""}
{"timestamp":"2025-05-08T12:04:46.742Z","userId":681,"action":"view","resourceType":"HealthData","resourceId":"latest","details":"MongoDB view on HealthData","userIp":"","userAgent":""}
{"timestamp":"2025-05-08T12:04:46.747Z","userId":681,"action":"view","resourceType":"HealthData","resourceId":"latest","details":"MongoDB view on HealthData","userIp":"","userAgent":""}
{"timestamp":"2025-05-08T12:04:46.753Z","userId":681,"action":"view","resourceType":"HealthData","resourceId":"latest","details":"MongoDB view on HealthData","userIp":"","userAgent":""}
{"timestamp":"2025-05-08T12:04:46.758Z","userId":681,"action":"view","resourceType":"HealthData","resourceId":"latest","details":"MongoDB view on HealthData","userIp":"","userAgent":""}
{"timestamp":"2025-05-08T12:04:46.764Z","userId":681,"action":"view","resourceType":"HealthData","resourceId":"latest","details":"MongoDB view on HealthData","userIp":"","userAgent":""}
{"timestamp":"2025-05-08T12:04:46.770Z","userId":681,"action":"view","resourceType":"HealthData","resourceId":"latest","details":"MongoDB view on HealthData","userIp":"","userAgent":""}
{"timestamp":"2025-05-08T12:04:46.776Z","userId":681,"action":"view","resourceType":"HealthData","resourceId":"latest","details":"MongoDB view on HealthData","userIp":"","userAgent":""}
{"timestamp":"2025-05-08T12:04:46.782Z","userId":681,"action":"view","resourceType":"HealthData","resourceId":"latest","details":"MongoDB view on HealthData","userIp":"","userAgent":""}
{"timestamp":"2025-05-08T12:04:46.788Z","userId":681,"action":"view","resourceType":"HealthData","resourceId":"latest","details":"MongoDB view on HealthData","userIp":"","userAgent":""}
{"timestamp":"2025-05-08T12:04:46.793Z","userId":681,"action":"view","resourceType":"HealthData","resourceId":"latest","details":"MongoDB view on HealthData","userIp":"","userAgent":""}
{"timestamp":"2025-05-08T12:04:46.799Z","userId":681,"action":"view","resourceType":"HealthData","resourceId":"latest","details":"MongoDB view on HealthData","userIp":"","userAgent":""}
{"timestamp":"2025-05-08T12:04:46.805Z","userId":681,"action":"view","resourceType":"HealthData","resourceId":"latest","details":"MongoDB view on HealthData","userIp":"","userAgent":""}
{"timestamp":"2025-05-08T12:04:46.810Z","userId":681,"action":"view","resourceType":"HealthData","resourceId":"latest","details":"MongoDB view on HealthData","userIp":"","userAgent":""}
{"timestamp":"2025-05-08T12:04:46.815Z","userId":681,"action":"view","resourceType":"HealthData","resourceId":"latest","details":"MongoDB view on HealthData","userIp":"","userAgent":""}
{"timestamp":"2025-05-08T12:04:46.821Z","userId":681,"action":"view","resourceType":"HealthData","resourceId":"latest","details":"MongoDB view on HealthData","userIp":"","userAgent":""}
{"timestamp":"2025-05-08T12:04:46.826Z","userId":681,"action":"view","resourceType":"HealthData","resourceId":"latest","details":"MongoDB view on HealthData","userIp":"","userAgent":""}
{"timestamp":"2025-05-08T12:04:46.833Z","userId":681,"action":"view","resourceType":"HealthData","resourceId":"latest","details":"MongoDB view on HealthData","userIp":"","userAgent":""}
{"timestamp":"2025-05-08T12:04:46.838Z","userId":681,"action":"view","resourceType":"HealthData","resourceId":"latest","details":"MongoDB view on HealthData","userIp":"","userAgent":""}
{"timestamp":"2025-05-08T12:04:46.842Z","userId":681,"action":"view","resourceType":"HealthData","resourceId":"latest","details":"MongoDB view on HealthData","userIp":"","userAgent":""}
{"timestamp":"2025-05-08T12:04:46.847Z","userId":681,"action":"view","resourceType":"HealthData","resourceId":"latest","details":"MongoDB view on HealthData","userIp":"","userAgent":""}
{"timestamp":"2025-05-08T12:04:46.852Z","userId":681,"action":"view","resourceType":"HealthData","resourceId":"latest","details":"MongoDB view on HealthData","userIp":"","userAgent":""}
{"timestamp":"2025-05-08T12:04:46.858Z","userId":681,"action":"view","resourceType":"HealthData","resourceId":"latest","details":"MongoDB view on HealthData","userIp":"","userAgent":""}
{"timestamp":"2025-05-08T12:04:46.864Z","userId":681,"action":"view","resourceType":"HealthData","resourceId":"latest","details":"MongoDB view on HealthData","userIp":"","userAgent":""}
{"timestamp":"2025-05-08T12:04:46.870Z","userId":681,"action":"view","resourceType":"HealthData","resourceId":"latest","details":"MongoDB view on HealthData","userIp":"","userAgent":""}
{"timestamp":"2025-05-08T12:04:46.875Z","userId":681,"action":"view","resourceType":"HealthData","resourceId":"latest","details":"MongoDB view on HealthData","userIp":"","userAgent":""}
{"timestamp":"2025-05-08T12:04:46.880Z","userId":681,"action":"view","resourceType":"HealthData","resourceId":"latest","details":"MongoDB view on HealthData","userIp":"","userAgent":""}
{"timestamp":"2025-05-08T12:04:46.885Z","userId":681,"action":"view","resourceType":"HealthData","resourceId":"latest","details":"MongoDB view on HealthData","userIp":"","userAgent":""}
{"timestamp":"2025-05-08T12:04:46.891Z","userId":681,"action":"view","resourceType":"HealthData","resourceId":"latest","details":"MongoDB view on HealthData","userIp":"","userAgent":""}
{"timestamp":"2025-05-08T12:04:46.896Z","userId":681,"action":"view","resourceType":"HealthData","resourceId":"latest","details":"MongoDB view on HealthData","userIp":"","userAgent":""}
{"timestamp":"2025-05-08T12:04:46.902Z","userId":681,"action":"view","resourceType":"HealthData","resourceId":"latest","details":"MongoDB view on HealthData","userIp":"","userAgent":""}
{"timestamp":"2025-05-08T12:04:46.908Z","userId":681,"action":"view","resourceType":"HealthData","resourceId":"latest","details":"MongoDB view on HealthData","userIp":"","userAgent":""}
{"timestamp":"2025-05-08T12:04:46.913Z","userId":681,"action":"view","resourceType":"HealthData","resourceId":"latest","details":"MongoDB view on HealthData","userIp":"","userAgent":""}
{"timestamp":"2025-05-08T12:04:46.918Z","userId":681,"action":"view","resourceType":"HealthData","resourceId":"latest","details":"MongoDB view on HealthData","userIp":"","userAgent":""}
{"timestamp":"2025-05-08T12:04:46.924Z","userId":681,"action":"view","resourceType":"HealthData","resourceId":"latest","details":"MongoDB view on HealthData","userIp":"","userAgent":""}
{"timestamp":"2025-05-08T12:04:46.929Z","userId":681,"action":"view","resourceType":"HealthData","resourceId":"latest","details":"MongoDB view on HealthData","userIp":"","userAgent":""}
{"timestamp":"2025-05-08T12:04:46.934Z","userId":681,"action":"view","resourceType":"HealthData","resourceId":"latest","details":"MongoDB view on HealthData","userIp":"","userAgent":""}
{"timestamp":"2025-05-08T12:04:46.939Z","userId":681,"action":"view","resourceType":"HealthData","resourceId":"latest","details":"MongoDB view on HealthData","userIp":"","userAgent":""}
{"timestamp":"2025-05-08T12:04:46.947Z","userId":681,"action":"view","resourceType":"HealthData","resourceId":"latest","details":"MongoDB view on HealthData","userIp":"","userAgent":""}
{"timestamp":"2025-05-08T12:04:46.952Z","userId":681,"action":"view","resourceType":"HealthData","resourceId":"latest","details":"MongoDB view on HealthData","userIp":"","userAgent":""}
{"timestamp":"2025-05-08T12:04:46.958Z","userId":681,"action":"view","resourceType":"HealthData","resourceId":"latest","details":"MongoDB view on HealthData","userIp":"","userAgent":""}
{"timestamp":"2025-05-08T12:04:46.964Z","userId":681,"action":"view","resourceType":"HealthData","resourceId":"latest","details":"MongoDB view on HealthData","userIp":"","userAgent":""}
{"timestamp":"2025-05-08T12:04:46.969Z","userId":681,"action":"view","resourceType":"HealthData","resourceId":"latest","details":"MongoDB view on HealthData","userIp":"","userAgent":""}
{"timestamp":"2025-05-08T12:04:46.974Z","userId":681,"action":"view","resourceType":"HealthData","resourceId":"latest","details":"MongoDB view on HealthData","userIp":"","userAgent":""}
{"timestamp":"2025-05-08T12:04:46.980Z","userId":681,"action":"view","resourceType":"HealthData","resourceId":"latest","details":"MongoDB view on HealthData","userIp":"","userAgent":""}
{"timestamp":"2025-05-08T12:04:46.985Z","userId":681,"action":"view","resourceType":"HealthData","resourceId":"latest","details":"MongoDB view on HealthData","userIp":"","userAgent":""}
{"timestamp":"2025-05-08T12:04:46.990Z","userId":681,"action":"view","resourceType":"HealthData","resourceId":"latest","details":"MongoDB view on HealthData","userIp":"","userAgent":""}
{"timestamp":"2025-05-08T12:04:46.995Z","userId":681,"action":"view","resourceType":"HealthData","resourceId":"latest","details":"MongoDB view on HealthData","userIp":"","userAgent":""}
{"timestamp":"2025-05-08T12:04:47.001Z","userId":681,"action":"view","resourceType":"HealthData","resourceId":"latest","details":"MongoDB view on HealthData","userIp":"","userAgent":""}
{"timestamp":"2025-05-08T12:04:47.007Z","userId":681,"action":"view","resourceType":"HealthData","resourceId":"latest","details":"MongoDB view on HealthData","userIp":"","userAgent":""}
{"timestamp":"2025-05-08T12:04:47.013Z","userId":681,"action":"view","resourceType":"HealthData","resourceId":"latest","details":"MongoDB view on HealthData","userIp":"","userAgent":""}
{"timestamp":"2025-05-08T12:04:47.020Z","userId":681,"action":"view","resourceType":"HealthData","resourceId":"latest","details":"MongoDB view on HealthData","userIp":"","userAgent":""}
{"timestamp":"2025-05-08T12:04:47.026Z","userId":681,"action":"view","resourceType":"HealthData","resourceId":"latest","details":"MongoDB view on HealthData","userIp":"","userAgent":""}
{"timestamp":"2025-05-08T12:04:47.031Z","userId":681,"action":"view","resourceType":"HealthData","resourceId":"latest","details":"MongoDB view on HealthData","userIp":"","userAgent":""}
{"timestamp":"2025-05-08T12:04:47.037Z","userId":681,"action":"view","resourceType":"HealthData","resourceId":"latest","details":"MongoDB view on HealthData","userIp":"","userAgent":""}
{"timestamp":"2025-05-08T12:04:47.043Z","userId":681,"action":"view","resourceType":"HealthData","resourceId":"latest","details":"MongoDB view on HealthData","userIp":"","userAgent":""}
{"timestamp":"2025-05-08T12:04:47.048Z","userId":681,"action":"view","resourceType":"HealthData","resourceId":"latest","details":"MongoDB view on HealthData","userIp":"","userAgent":""}
{"timestamp":"2025-05-08T12:04:47.053Z","userId":681,"action":"view","resourceType":"HealthData","resourceId":"latest","details":"MongoDB view on HealthData","userIp":"","userAgent":""}
{"timestamp":"2025-05-08T12:04:47.059Z","userId":681,"action":"view","resourceType":"HealthData","resourceId":"latest","details":"MongoDB view on HealthData","userIp":"","userAgent":""}
{"timestamp":"2025-05-08T12:04:47.065Z","userId":681,"action":"view","resourceType":"HealthData","resourceId":"latest","details":"MongoDB view on HealthData","userIp":"","userAgent":""}
{"timestamp":"2025-05-08T12:04:47.070Z","userId":681,"action":"view","resourceType":"HealthData","resourceId":"latest","details":"MongoDB view on HealthData","userIp":"","userAgent":""}
{"timestamp":"2025-05-08T12:04:47.075Z","userId":681,"action":"view","resourceType":"HealthData","resourceId":"latest","details":"MongoDB view on HealthData","userIp":"","userAgent":""}
{"timestamp":"2025-05-08T12:04:47.080Z","userId":681,"action":"view","resourceType":"HealthData","resourceId":"latest","details":"MongoDB view on HealthData","userIp":"","userAgent":""}
{"timestamp":"2025-05-08T12:04:47.087Z","userId":681,"action":"view","resourceType":"HealthData","resourceId":"latest","details":"MongoDB view on HealthData","userIp":"","userAgent":""}
{"timestamp":"2025-05-08T12:04:47.092Z","userId":681,"action":"view","resourceType":"HealthData","resourceId":"latest","details":"MongoDB view on HealthData","userIp":"","userAgent":""}
{"timestamp":"2025-05-08T12:04:47.097Z","userId":681,"action":"view","resourceType":"HealthData","resourceId":"latest","details":"MongoDB view on HealthData","userIp":"","userAgent":""}
{"timestamp":"2025-05-08T12:04:47.103Z","userId":681,"action":"view","resourceType":"HealthData","resourceId":"latest","details":"MongoDB view on HealthData","userIp":"","userAgent":""}
{"timestamp":"2025-05-08T12:04:47.108Z","userId":681,"action":"view","resourceType":"HealthData","resourceId":"latest","details":"MongoDB view on HealthData","userIp":"","userAgent":""}
{"timestamp":"2025-05-08T12:04:47.112Z","userId":681,"action":"view","resourceType":"HealthData","resourceId":"latest","details":"MongoDB view on HealthData","userIp":"","userAgent":""}
{"timestamp":"2025-05-08T12:04:47.119Z","userId":681,"action":"view","resourceType":"HealthData","resourceId":"latest","details":"MongoDB view on HealthData","userIp":"","userAgent":""}
{"timestamp":"2025-05-08T12:04:47.124Z","userId":681,"action":"view","resourceType":"HealthData","resourceId":"latest","details":"MongoDB view on HealthData","userIp":"","userAgent":""}
{"timestamp":"2025-05-08T12:04:47.129Z","userId":681,"action":"view","resourceType":"HealthData","resourceId":"latest","details":"MongoDB view on HealthData","userIp":"","userAgent":""}
{"timestamp":"2025-05-08T12:04:47.135Z","userId":681,"action":"view","resourceType":"HealthData","resourceId":"latest","details":"MongoDB view on HealthData","userIp":"","userAgent":""}
{"timestamp":"2025-05-08T12:04:47.141Z","userId":681,"action":"view","resourceType":"HealthData","resourceId":"latest","details":"MongoDB view on HealthData","userIp":"","userAgent":""}
{"timestamp":"2025-05-08T12:04:47.146Z","userId":681,"action":"view","resourceType":"HealthData","resourceId":"latest","details":"MongoDB view on HealthData","userIp":"","userAgent":""}
{"timestamp":"2025-05-08T12:04:47.152Z","userId":681,"action":"view","resourceType":"HealthData","resourceId":"latest","details":"MongoDB view on HealthData","userIp":"","userAgent":""}
{"timestamp":"2025-05-08T12:04:47.157Z","userId":681,"action":"view","resourceType":"HealthData","resourceId":"latest","details":"MongoDB view on HealthData","userIp":"","userAgent":""}
{"timestamp":"2025-05-08T12:04:47.163Z","userId":681,"action":"view","resourceType":"HealthData","resourceId":"latest","details":"MongoDB view on HealthData","userIp":"","userAgent":""}
{"timestamp":"2025-05-08T12:04:47.168Z","userId":681,"action":"view","resourceType":"HealthData","resourceId":"latest","details":"MongoDB view on HealthData","userIp":"","userAgent":""}
{"timestamp":"2025-05-08T12:04:47.172Z","userId":681,"action":"view","resourceType":"HealthData","resourceId":"latest","details":"MongoDB view on HealthData","userIp":"","userAgent":""}
{"timestamp":"2025-05-08T12:04:47.177Z","userId":681,"action":"view","resourceType":"HealthData","resourceId":"latest","details":"MongoDB view on HealthData","userIp":"","userAgent":""}
{"timestamp":"2025-05-08T12:04:47.183Z","userId":681,"action":"view","resourceType":"HealthData","resourceId":"latest","details":"MongoDB view on HealthData","userIp":"","userAgent":""}
{"timestamp":"2025-05-08T12:04:47.188Z","userId":681,"action":"view","resourceType":"HealthData","resourceId":"latest","details":"MongoDB view on HealthData","userIp":"","userAgent":""}
{"timestamp":"2025-05-08T12:04:47.193Z","userId":681,"action":"view","resourceType":"HealthData","resourceId":"latest","details":"MongoDB view on HealthData","userIp":"","userAgent":""}
{"timestamp":"2025-05-08T12:04:47.199Z","userId":681,"action":"view","resourceType":"HealthData","resourceId":"latest","details":"MongoDB view on HealthData","userIp":"","userAgent":""}
{"timestamp":"2025-05-08T12:04:47.203Z","userId":681,"action":"view","resourceType":"HealthData","resourceId":"latest","details":"MongoDB view on HealthData","userIp":"","userAgent":""}
{"timestamp":"2025-05-08T12:04:47.208Z","userId":681,"action":"view","resourceType":"HealthData","resourceId":"latest","details":"MongoDB view on HealthData","userIp":"","userAgent":""}
{"timestamp":"2025-05-08T12:04:47.214Z","userId":681,"action":"view","resourceType":"HealthData","resourceId":"latest","details":"MongoDB view on HealthData","userIp":"","userAgent":""}
{"timestamp":"2025-05-08T12:04:47.220Z","userId":681,"action":"view","resourceType":"HealthData","resourceId":"latest","details":"MongoDB view on HealthData","userIp":"","userAgent":""}
{"timestamp":"2025-05-08T12:04:47.225Z","userId":681,"action":"view","resourceType":"HealthData","resourceId":"latest","details":"MongoDB view on HealthData","userIp":"","userAgent":""}
{"timestamp":"2025-05-08T12:04:47.230Z","userId":681,"action":"view","resourceType":"HealthData","resourceId":"latest","details":"MongoDB view on HealthData","userIp":"","userAgent":""}
{"timestamp":"2025-05-08T12:04:47.236Z","userId":681,"action":"view","resourceType":"HealthData","resourceId":"latest","details":"MongoDB view on HealthData","userIp":"","userAgent":""}
{"timestamp":"2025-05-08T12:04:47.241Z","userId":681,"action":"view","resourceType":"HealthData","resourceId":"latest","details":"MongoDB view on HealthData","userIp":"","userAgent":""}
{"timestamp":"2025-05-08T12:04:47.247Z","userId":681,"action":"view","resourceType":"HealthData","resourceId":"latest","details":"MongoDB view on HealthData","userIp":"","userAgent":""}
{"timestamp":"2025-05-08T12:04:47.253Z","userId":681,"action":"view","resourceType":"HealthData","resourceId":"latest","details":"MongoDB view on HealthData","userIp":"","userAgent":""}
{"timestamp":"2025-05-08T12:04:47.259Z","userId":681,"action":"view","resourceType":"HealthData","resourceId":"latest","details":"MongoDB view on HealthData","userIp":"","userAgent":""}
{"timestamp":"2025-05-08T12:04:47.265Z","userId":681,"action":"view","resourceType":"HealthData","resourceId":"latest","details":"MongoDB view on HealthData","userIp":"","userAgent":""}
{"timestamp":"2025-05-08T12:04:47.270Z","userId":681,"action":"view","resourceType":"HealthData","resourceId":"latest","details":"MongoDB view on HealthData","userIp":"","userAgent":""}
{"timestamp":"2025-05-08T12:04:47.277Z","userId":681,"action":"view","resourceType":"HealthData","resourceId":"latest","details":"MongoDB view on HealthData","userIp":"","userAgent":""}
{"timestamp":"2025-05-08T12:04:47.282Z","userId":681,"action":"view","resourceType":"HealthData","resourceId":"latest","details":"MongoDB view on HealthData","userIp":"","userAgent":""}
{"timestamp":"2025-05-08T12:04:47.287Z","userId":681,"action":"view","resourceType":"HealthData","resourceId":"latest","details":"MongoDB view on HealthData","userIp":"","userAgent":""}
{"timestamp":"2025-05-08T12:04:47.291Z","userId":681,"action":"view","resourceType":"HealthData","resourceId":"latest","details":"MongoDB view on HealthData","userIp":"","userAgent":""}
{"timestamp":"2025-05-08T12:04:47.294Z","userId":681,"action":"view","resourceType":"HealthData","resourceId":"latest","details":"MongoDB view on HealthData","userIp":"","userAgent":""}
{"timestamp":"2025-05-08T12:04:47.298Z","userId":681,"action":"view","resourceType":"HealthData","resourceId":"latest","details":"MongoDB view on HealthData","userIp":"","userAgent":""}
{"timestamp":"2025-05-08T12:04:47.302Z","userId":681,"action":"view","resourceType":"HealthData","resourceId":"latest","details":"MongoDB view on HealthData","userIp":"","userAgent":""}
{"timestamp":"2025-05-08T12:04:47.307Z","userId":681,"action":"view","resourceType":"HealthData","resourceId":"latest","details":"MongoDB view on HealthData","userIp":"","userAgent":""}
{"timestamp":"2025-05-08T12:04:47.311Z","userId":681,"action":"view","resourceType":"HealthData","resourceId":"latest","details":"MongoDB view on HealthData","userIp":"","userAgent":""}
{"timestamp":"2025-05-08T12:04:47.316Z","userId":681,"action":"view","resourceType":"HealthData","resourceId":"latest","details":"MongoDB view on HealthData","userIp":"","userAgent":""}
{"timestamp":"2025-05-08T12:04:47.322Z","userId":681,"action":"view","resourceType":"HealthData","resourceId":"latest","details":"MongoDB view on HealthData","userIp":"","userAgent":""}
{"timestamp":"2025-05-08T12:04:47.327Z","userId":681,"action":"view","resourceType":"HealthData","resourceId":"latest","details":"MongoDB view on HealthData","userIp":"","userAgent":""}
{"timestamp":"2025-05-08T12:04:47.332Z","userId":681,"action":"view","resourceType":"HealthData","resourceId":"latest","details":"MongoDB view on HealthData","userIp":"","userAgent":""}
{"timestamp":"2025-05-08T12:04:47.339Z","userId":681,"action":"view","resourceType":"HealthData","resourceId":"latest","details":"MongoDB view on HealthData","userIp":"","userAgent":""}
{"timestamp":"2025-05-08T12:04:47.344Z","userId":681,"action":"view","resourceType":"HealthData","resourceId":"latest","details":"MongoDB view on HealthData","userIp":"","userAgent":""}
{"timestamp":"2025-05-08T12:04:47.351Z","userId":681,"action":"view","resourceType":"HealthData","resourceId":"latest","details":"MongoDB view on HealthData","userIp":"","userAgent":""}
{"timestamp":"2025-05-08T12:04:47.356Z","userId":681,"action":"view","resourceType":"HealthData","resourceId":"latest","details":"MongoDB view on HealthData","userIp":"","userAgent":""}
{"timestamp":"2025-05-08T12:04:47.361Z","userId":681,"action":"view","resourceType":"HealthData","resourceId":"latest","details":"MongoDB view on HealthData","userIp":"","userAgent":""}
{"timestamp":"2025-05-08T12:04:47.367Z","userId":681,"action":"view","resourceType":"HealthData","resourceId":"latest","details":"MongoDB view on HealthData","userIp":"","userAgent":""}
{"timestamp":"2025-05-08T12:04:47.372Z","userId":681,"action":"view","resourceType":"HealthData","resourceId":"latest","details":"MongoDB view on HealthData","userIp":"","userAgent":""}
{"timestamp":"2025-05-08T12:04:47.378Z","userId":681,"action":"view","resourceType":"HealthData","resourceId":"latest","details":"MongoDB view on HealthData","userIp":"","userAgent":""}
{"timestamp":"2025-05-08T12:04:47.384Z","userId":681,"action":"view","resourceType":"HealthData","resourceId":"latest","details":"MongoDB view on HealthData","userIp":"","userAgent":""}
{"timestamp":"2025-05-08T12:04:47.390Z","userId":681,"action":"view","resourceType":"HealthData","resourceId":"latest","details":"MongoDB view on HealthData","userIp":"","userAgent":""}
{"timestamp":"2025-05-08T12:04:47.396Z","userId":681,"action":"view","resourceType":"HealthData","resourceId":"latest","details":"MongoDB view on HealthData","userIp":"","userAgent":""}
{"timestamp":"2025-05-08T12:04:47.402Z","userId":681,"action":"view","resourceType":"HealthData","resourceId":"latest","details":"MongoDB view on HealthData","userIp":"","userAgent":""}
{"timestamp":"2025-05-08T12:04:47.407Z","userId":681,"action":"view","resourceType":"HealthData","resourceId":"latest","details":"MongoDB view on HealthData","userIp":"","userAgent":""}
{"timestamp":"2025-05-08T12:04:47.414Z","userId":681,"action":"view","resourceType":"HealthData","resourceId":"latest","details":"MongoDB view on HealthData","userIp":"","userAgent":""}
{"timestamp":"2025-05-08T12:04:47.420Z","userId":681,"action":"view","resourceType":"HealthData","resourceId":"latest","details":"MongoDB view on HealthData","userIp":"","userAgent":""}
{"timestamp":"2025-05-08T12:04:47.425Z","userId":681,"action":"view","resourceType":"HealthData","resourceId":"latest","details":"MongoDB view on HealthData","userIp":"","userAgent":""}
{"timestamp":"2025-05-08T12:04:47.431Z","userId":681,"action":"view","resourceType":"HealthData","resourceId":"latest","details":"MongoDB view on HealthData","userIp":"","userAgent":""}
{"timestamp":"2025-05-08T12:04:47.437Z","userId":681,"action":"view","resourceType":"HealthData","resourceId":"latest","details":"MongoDB view on HealthData","userIp":"","userAgent":""}
{"timestamp":"2025-05-08T12:04:47.441Z","userId":681,"action":"view","resourceType":"HealthData","resourceId":"latest","details":"MongoDB view on HealthData","userIp":"","userAgent":""}
{"timestamp":"2025-05-08T12:04:47.447Z","userId":681,"action":"view","resourceType":"HealthData","resourceId":"latest","details":"MongoDB view on HealthData","userIp":"","userAgent":""}
{"timestamp":"2025-05-08T12:04:47.452Z","userId":681,"action":"view","resourceType":"HealthData","resourceId":"latest","details":"MongoDB view on HealthData","userIp":"","userAgent":""}
{"timestamp":"2025-05-08T12:04:47.457Z","userId":681,"action":"view","resourceType":"HealthData","resourceId":"latest","details":"MongoDB view on HealthData","userIp":"","userAgent":""}
{"timestamp":"2025-05-08T12:04:47.463Z","userId":681,"action":"view","resourceType":"HealthData","resourceId":"latest","details":"MongoDB view on HealthData","userIp":"","userAgent":""}
{"timestamp":"2025-05-08T12:04:47.469Z","userId":681,"action":"view","resourceType":"HealthData","resourceId":"latest","details":"MongoDB view on HealthData","userIp":"","userAgent":""}
{"timestamp":"2025-05-08T12:04:47.474Z","userId":681,"action":"view","resourceType":"HealthData","resourceId":"latest","details":"MongoDB view on HealthData","userIp":"","userAgent":""}
{"timestamp":"2025-05-08T12:04:47.480Z","userId":681,"action":"view","resourceType":"HealthData","resourceId":"latest","details":"MongoDB view on HealthData","userIp":"","userAgent":""}
{"timestamp":"2025-05-08T12:04:47.486Z","userId":681,"action":"view","resourceType":"HealthData","resourceId":"latest","details":"MongoDB view on HealthData","userIp":"","userAgent":""}
{"timestamp":"2025-05-08T12:04:47.491Z","userId":681,"action":"view","resourceType":"HealthData","resourceId":"latest","details":"MongoDB view on HealthData","userIp":"","userAgent":""}
{"timestamp":"2025-05-08T12:04:47.496Z","userId":681,"action":"view","resourceType":"HealthData","resourceId":"latest","details":"MongoDB view on HealthData","userIp":"","userAgent":""}
{"timestamp":"2025-05-08T12:04:47.502Z","userId":681,"action":"view","resourceType":"HealthData","resourceId":"latest","details":"MongoDB view on HealthData","userIp":"","userAgent":""}
{"timestamp":"2025-05-08T12:04:47.507Z","userId":681,"action":"view","resourceType":"HealthData","resourceId":"latest","details":"MongoDB view on HealthData","userIp":"","userAgent":""}
{"timestamp":"2025-05-08T12:04:47.512Z","userId":681,"action":"view","resourceType":"HealthData","resourceId":"latest","details":"MongoDB view on HealthData","userIp":"","userAgent":""}
{"timestamp":"2025-05-08T12:04:47.517Z","userId":681,"action":"view","resourceType":"HealthData","resourceId":"latest","details":"MongoDB view on HealthData","userIp":"","userAgent":""}
{"timestamp":"2025-05-08T12:04:47.523Z","userId":681,"action":"view","resourceType":"HealthData","resourceId":"latest","details":"MongoDB view on HealthData","userIp":"","userAgent":""}
{"timestamp":"2025-05-08T12:04:47.529Z","userId":681,"action":"view","resourceType":"HealthData","resourceId":"latest","details":"MongoDB view on HealthData","userIp":"","userAgent":""}
{"timestamp":"2025-05-08T12:04:47.535Z","userId":681,"action":"view","resourceType":"HealthData","resourceId":"latest","details":"MongoDB view on HealthData","userIp":"","userAgent":""}
{"timestamp":"2025-05-08T12:04:47.541Z","userId":681,"action":"view","resourceType":"HealthData","resourceId":"latest","details":"MongoDB view on HealthData","userIp":"","userAgent":""}
{"timestamp":"2025-05-08T12:04:47.546Z","userId":681,"action":"view","resourceType":"HealthData","resourceId":"latest","details":"MongoDB view on HealthData","userIp":"","userAgent":""}
{"timestamp":"2025-05-08T12:04:47.552Z","userId":681,"action":"view","resourceType":"HealthData","resourceId":"latest","details":"MongoDB view on HealthData","userIp":"","userAgent":""}
{"timestamp":"2025-05-08T12:04:47.557Z","userId":681,"action":"view","resourceType":"HealthData","resourceId":"latest","details":"MongoDB view on HealthData","userIp":"","userAgent":""}
{"timestamp":"2025-05-08T12:04:47.563Z","userId":681,"action":"view","resourceType":"HealthData","resourceId":"latest","details":"MongoDB view on HealthData","userIp":"","userAgent":""}
{"timestamp":"2025-05-08T12:04:47.568Z","userId":681,"action":"view","resourceType":"HealthData","resourceId":"latest","details":"MongoDB view on HealthData","userIp":"","userAgent":""}
{"timestamp":"2025-05-08T12:04:47.574Z","userId":681,"action":"view","resourceType":"HealthData","resourceId":"latest","details":"MongoDB view on HealthData","userIp":"","userAgent":""}
{"timestamp":"2025-05-08T12:04:47.579Z","userId":681,"action":"view","resourceType":"HealthData","resourceId":"latest","details":"MongoDB view on HealthData","userIp":"","userAgent":""}
{"timestamp":"2025-05-08T12:04:47.585Z","userId":681,"action":"view","resourceType":"HealthData","resourceId":"latest","details":"MongoDB view on HealthData","userIp":"","userAgent":""}
{"timestamp":"2025-05-08T12:04:47.590Z","userId":681,"action":"view","resourceType":"HealthData","resourceId":"latest","details":"MongoDB view on HealthData","userIp":"","userAgent":""}
{"timestamp":"2025-05-08T12:04:47.595Z","userId":681,"action":"view","resourceType":"HealthData","resourceId":"latest","details":"MongoDB view on HealthData","userIp":"","userAgent":""}
{"timestamp":"2025-05-08T12:04:47.602Z","userId":681,"action":"view","resourceType":"HealthData","resourceId":"latest","details":"MongoDB view on HealthData","userIp":"","userAgent":""}
{"timestamp":"2025-05-08T12:04:47.608Z","userId":681,"action":"view","resourceType":"HealthData","resourceId":"latest","details":"MongoDB view on HealthData","userIp":"","userAgent":""}
{"timestamp":"2025-05-08T12:04:47.613Z","userId":681,"action":"view","resourceType":"HealthData","resourceId":"latest","details":"MongoDB view on HealthData","userIp":"","userAgent":""}
{"timestamp":"2025-05-08T12:04:47.619Z","userId":681,"action":"view","resourceType":"HealthData","resourceId":"latest","details":"MongoDB view on HealthData","userIp":"","userAgent":""}
{"timestamp":"2025-05-08T12:04:47.624Z","userId":681,"action":"view","resourceType":"HealthData","resourceId":"latest","details":"MongoDB view on HealthData","userIp":"","userAgent":""}
{"timestamp":"2025-05-08T12:04:47.629Z","userId":681,"action":"view","resourceType":"HealthData","resourceId":"latest","details":"MongoDB view on HealthData","userIp":"","userAgent":""}
{"timestamp":"2025-05-08T12:04:47.635Z","userId":681,"action":"view","resourceType":"HealthData","resourceId":"latest","details":"MongoDB view on HealthData","userIp":"","userAgent":""}
{"timestamp":"2025-05-08T12:04:47.641Z","userId":681,"action":"view","resourceType":"HealthData","resourceId":"latest","details":"MongoDB view on HealthData","userIp":"","userAgent":""}
{"timestamp":"2025-05-08T12:04:47.646Z","userId":681,"action":"view","resourceType":"HealthData","resourceId":"latest","details":"MongoDB view on HealthData","userIp":"","userAgent":""}
{"timestamp":"2025-05-08T12:04:47.651Z","userId":681,"action":"view","resourceType":"HealthData","resourceId":"latest","details":"MongoDB view on HealthData","userIp":"","userAgent":""}
{"timestamp":"2025-05-08T12:04:47.657Z","userId":681,"action":"view","resourceType":"HealthData","resourceId":"latest","details":"MongoDB view on HealthData","userIp":"","userAgent":""}
{"timestamp":"2025-05-08T12:04:47.662Z","userId":681,"action":"view","resourceType":"HealthData","resourceId":"latest","details":"MongoDB view on HealthData","userIp":"","userAgent":""}
{"timestamp":"2025-05-08T12:04:47.671Z","userId":681,"action":"view","resourceType":"HealthData","resourceId":"latest","details":"MongoDB view on HealthData","userIp":"","userAgent":""}
{"timestamp":"2025-05-08T12:04:47.676Z","userId":681,"action":"view","resourceType":"HealthData","resourceId":"latest","details":"MongoDB view on HealthData","userIp":"","userAgent":""}
{"timestamp":"2025-05-08T12:04:47.683Z","userId":681,"action":"view","resourceType":"HealthData","resourceId":"latest","details":"MongoDB view on HealthData","userIp":"","userAgent":""}
{"timestamp":"2025-05-08T12:04:47.688Z","userId":681,"action":"view","resourceType":"HealthData","resourceId":"latest","details":"MongoDB view on HealthData","userIp":"","userAgent":""}
{"timestamp":"2025-05-08T12:04:47.694Z","userId":681,"action":"view","resourceType":"HealthData","resourceId":"latest","details":"MongoDB view on HealthData","userIp":"","userAgent":""}
{"timestamp":"2025-05-08T12:04:47.698Z","userId":681,"action":"view","resourceType":"HealthData","resourceId":"latest","details":"MongoDB view on HealthData","userIp":"","userAgent":""}
{"timestamp":"2025-05-08T12:04:47.705Z","userId":681,"action":"view","resourceType":"HealthData","resourceId":"latest","details":"MongoDB view on HealthData","userIp":"","userAgent":""}
{"timestamp":"2025-05-08T12:04:47.710Z","userId":681,"action":"view","resourceType":"HealthData","resourceId":"latest","details":"MongoDB view on HealthData","userIp":"","userAgent":""}
{"timestamp":"2025-05-08T12:04:47.715Z","userId":681,"action":"view","resourceType":"HealthData","resourceId":"latest","details":"MongoDB view on HealthData","userIp":"","userAgent":""}
{"timestamp":"2025-05-08T12:04:47.721Z","userId":681,"action":"view","resourceType":"HealthData","resourceId":"latest","details":"MongoDB view on HealthData","userIp":"","userAgent":""}
{"timestamp":"2025-05-08T12:04:47.726Z","userId":681,"action":"view","resourceType":"HealthData","resourceId":"latest","details":"MongoDB view on HealthData","userIp":"","userAgent":""}
{"timestamp":"2025-05-08T12:04:47.732Z","userId":681,"action":"view","resourceType":"HealthData","resourceId":"latest","details":"MongoDB view on HealthData","userIp":"","userAgent":""}
{"timestamp":"2025-05-08T12:04:47.738Z","userId":681,"action":"view","resourceType":"HealthData","resourceId":"latest","details":"MongoDB view on HealthData","userIp":"","userAgent":""}
{"timestamp":"2025-05-08T12:04:47.744Z","userId":681,"action":"view","resourceType":"HealthData","resourceId":"latest","details":"MongoDB view on HealthData","userIp":"","userAgent":""}
{"timestamp":"2025-05-08T12:04:47.750Z","userId":681,"action":"view","resourceType":"HealthData","resourceId":"latest","details":"MongoDB view on HealthData","userIp":"","userAgent":""}
{"timestamp":"2025-05-08T12:04:47.756Z","userId":681,"action":"view","resourceType":"HealthData","resourceId":"latest","details":"MongoDB view on HealthData","userIp":"","userAgent":""}
{"timestamp":"2025-05-08T12:04:47.761Z","userId":681,"action":"view","resourceType":"HealthData","resourceId":"latest","details":"MongoDB view on HealthData","userIp":"","userAgent":""}
{"timestamp":"2025-05-08T12:04:47.767Z","userId":681,"action":"view","resourceType":"HealthData","resourceId":"latest","details":"MongoDB view on HealthData","userIp":"","userAgent":""}
{"timestamp":"2025-05-08T12:04:47.774Z","userId":681,"action":"view","resourceType":"HealthData","resourceId":"latest","details":"MongoDB view on HealthData","userIp":"","userAgent":""}
{"timestamp":"2025-05-08T12:04:47.780Z","userId":681,"action":"view","resourceType":"HealthData","resourceId":"latest","details":"MongoDB view on HealthData","userIp":"","userAgent":""}
{"timestamp":"2025-05-08T12:04:47.787Z","userId":681,"action":"view","resourceType":"HealthData","resourceId":"latest","details":"MongoDB view on HealthData","userIp":"","userAgent":""}
{"timestamp":"2025-05-08T12:04:47.792Z","userId":681,"action":"view","resourceType":"HealthData","resourceId":"latest","details":"MongoDB view on HealthData","userIp":"","userAgent":""}
{"timestamp":"2025-05-08T12:04:47.798Z","userId":681,"action":"view","resourceType":"HealthData","resourceId":"latest","details":"MongoDB view on HealthData","userIp":"","userAgent":""}
{"timestamp":"2025-05-08T12:04:47.805Z","userId":681,"action":"view","resourceType":"HealthData","resourceId":"latest","details":"MongoDB view on HealthData","userIp":"","userAgent":""}
{"timestamp":"2025-05-08T12:04:47.811Z","userId":681,"action":"view","resourceType":"HealthData","resourceId":"latest","details":"MongoDB view on HealthData","userIp":"","userAgent":""}
{"timestamp":"2025-05-08T12:04:47.818Z","userId":681,"action":"view","resourceType":"HealthData","resourceId":"latest","details":"MongoDB view on HealthData","userIp":"","userAgent":""}
{"timestamp":"2025-05-08T12:04:47.824Z","userId":681,"action":"view","resourceType":"HealthData","resourceId":"latest","details":"MongoDB view on HealthData","userIp":"","userAgent":""}
{"timestamp":"2025-05-08T12:04:47.829Z","userId":681,"action":"view","resourceType":"HealthData","resourceId":"latest","details":"MongoDB view on HealthData","userIp":"","userAgent":""}
{"timestamp":"2025-05-08T12:04:47.836Z","userId":681,"action":"view","resourceType":"HealthData","resourceId":"latest","details":"MongoDB view on HealthData","userIp":"","userAgent":""}
{"timestamp":"2025-05-08T12:04:47.842Z","userId":681,"action":"view","resourceType":"HealthData","resourceId":"latest","details":"MongoDB view on HealthData","userIp":"","userAgent":""}
{"timestamp":"2025-05-08T12:04:47.848Z","userId":681,"action":"view","resourceType":"HealthData","resourceId":"latest","details":"MongoDB view on HealthData","userIp":"","userAgent":""}
{"timestamp":"2025-05-08T12:04:47.854Z","userId":681,"action":"view","resourceType":"HealthData","resourceId":"latest","details":"MongoDB view on HealthData","userIp":"","userAgent":""}
{"timestamp":"2025-05-08T12:04:47.859Z","userId":681,"action":"view","resourceType":"HealthData","resourceId":"latest","details":"MongoDB view on HealthData","userIp":"","userAgent":""}
{"timestamp":"2025-05-08T12:04:47.865Z","userId":681,"action":"view","resourceType":"HealthData","resourceId":"latest","details":"MongoDB view on HealthData","userIp":"","userAgent":""}
{"timestamp":"2025-05-08T12:04:47.871Z","userId":681,"action":"view","resourceType":"HealthData","resourceId":"latest","details":"MongoDB view on HealthData","userIp":"","userAgent":""}
{"timestamp":"2025-05-08T12:04:47.878Z","userId":681,"action":"view","resourceType":"HealthData","resourceId":"latest","details":"MongoDB view on HealthData","userIp":"","userAgent":""}
{"timestamp":"2025-05-08T12:04:47.883Z","userId":681,"action":"view","resourceType":"HealthData","resourceId":"latest","details":"MongoDB view on HealthData","userIp":"","userAgent":""}
{"timestamp":"2025-05-08T12:04:47.887Z","userId":681,"action":"view","resourceType":"HealthData","resourceId":"latest","details":"MongoDB view on HealthData","userIp":"","userAgent":""}
{"timestamp":"2025-05-08T12:04:47.892Z","userId":681,"action":"view","resourceType":"HealthData","resourceId":"latest","details":"MongoDB view on HealthData","userIp":"","userAgent":""}
{"timestamp":"2025-05-08T12:04:47.899Z","userId":681,"action":"view","resourceType":"HealthData","resourceId":"latest","details":"MongoDB view on HealthData","userIp":"","userAgent":""}
{"timestamp":"2025-05-08T12:04:47.905Z","userId":681,"action":"view","resourceType":"HealthData","resourceId":"latest","details":"MongoDB view on HealthData","userIp":"","userAgent":""}
{"timestamp":"2025-05-08T12:04:47.911Z","userId":681,"action":"view","resourceType":"HealthData","resourceId":"latest","details":"MongoDB view on HealthData","userIp":"","userAgent":""}
{"timestamp":"2025-05-08T12:04:47.916Z","userId":681,"action":"view","resourceType":"HealthData","resourceId":"latest","details":"MongoDB view on HealthData","userIp":"","userAgent":""}
{"timestamp":"2025-05-08T12:04:47.922Z","userId":681,"action":"view","resourceType":"HealthData","resourceId":"latest","details":"MongoDB view on HealthData","userIp":"","userAgent":""}
{"timestamp":"2025-05-08T12:04:47.928Z","userId":681,"action":"view","resourceType":"HealthData","resourceId":"latest","details":"MongoDB view on HealthData","userIp":"","userAgent":""}
{"timestamp":"2025-05-08T12:04:47.934Z","userId":681,"action":"view","resourceType":"HealthData","resourceId":"latest","details":"MongoDB view on HealthData","userIp":"","userAgent":""}
{"timestamp":"2025-05-08T12:04:47.942Z","userId":681,"action":"view","resourceType":"HealthData","resourceId":"latest","details":"MongoDB view on HealthData","userIp":"","userAgent":""}
{"timestamp":"2025-05-08T12:04:47.947Z","userId":681,"action":"view","resourceType":"HealthData","resourceId":"latest","details":"MongoDB view on HealthData","userIp":"","userAgent":""}
{"timestamp":"2025-05-08T12:04:47.953Z","userId":681,"action":"view","resourceType":"HealthData","resourceId":"latest","details":"MongoDB view on HealthData","userIp":"","userAgent":""}
{"timestamp":"2025-05-08T12:04:47.960Z","userId":681,"action":"view","resourceType":"HealthData","resourceId":"latest","details":"MongoDB view on HealthData","userIp":"","userAgent":""}
{"timestamp":"2025-05-08T12:04:47.967Z","userId":681,"action":"view","resourceType":"HealthData","resourceId":"latest","details":"MongoDB view on HealthData","userIp":"","userAgent":""}
{"timestamp":"2025-05-08T12:04:47.973Z","userId":681,"action":"view","resourceType":"HealthData","resourceId":"latest","details":"MongoDB view on HealthData","userIp":"","userAgent":""}
{"timestamp":"2025-05-08T12:04:47.980Z","userId":681,"action":"view","resourceType":"HealthData","resourceId":"latest","details":"MongoDB view on HealthData","userIp":"","userAgent":""}
{"timestamp":"2025-05-08T12:04:47.987Z","userId":681,"action":"view","resourceType":"HealthData","resourceId":"latest","details":"MongoDB view on HealthData","userIp":"","userAgent":""}
{"timestamp":"2025-05-08T12:04:47.992Z","userId":681,"action":"view","resourceType":"HealthData","resourceId":"latest","details":"MongoDB view on HealthData","userIp":"","userAgent":""}
{"timestamp":"2025-05-08T12:04:47.998Z","userId":681,"action":"view","resourceType":"HealthData","resourceId":"latest","details":"MongoDB view on HealthData","userIp":"","userAgent":""}
{"timestamp":"2025-05-08T12:04:48.005Z","userId":681,"action":"view","resourceType":"HealthData","resourceId":"latest","details":"MongoDB view on HealthData","userIp":"","userAgent":""}
{"timestamp":"2025-05-08T12:04:48.014Z","userId":681,"action":"view","resourceType":"HealthData","resourceId":"latest","details":"MongoDB view on HealthData","userIp":"","userAgent":""}
{"timestamp":"2025-05-08T12:04:48.020Z","userId":681,"action":"view","resourceType":"HealthData","resourceId":"latest","details":"MongoDB view on HealthData","userIp":"","userAgent":""}
{"timestamp":"2025-05-08T12:04:48.026Z","userId":681,"action":"view","resourceType":"HealthData","resourceId":"latest","details":"MongoDB view on HealthData","userIp":"","userAgent":""}
{"timestamp":"2025-05-08T12:04:48.032Z","userId":681,"action":"view","resourceType":"HealthData","resourceId":"latest","details":"MongoDB view on HealthData","userIp":"","userAgent":""}
{"timestamp":"2025-05-08T12:04:48.038Z","userId":681,"action":"view","resourceType":"HealthData","resourceId":"latest","details":"MongoDB view on HealthData","userIp":"","userAgent":""}
{"timestamp":"2025-05-08T12:04:48.044Z","userId":681,"action":"view","resourceType":"HealthData","resourceId":"latest","details":"MongoDB view on HealthData","userIp":"","userAgent":""}
{"timestamp":"2025-05-08T12:04:48.049Z","userId":681,"action":"view","resourceType":"HealthData","resourceId":"latest","details":"MongoDB view on HealthData","userIp":"","userAgent":""}
{"timestamp":"2025-05-08T12:04:48.054Z","userId":681,"action":"view","resourceType":"HealthData","resourceId":"latest","details":"MongoDB view on HealthData","userIp":"","userAgent":""}
{"timestamp":"2025-05-08T12:04:48.059Z","userId":681,"action":"view","resourceType":"HealthData","resourceId":"latest","details":"MongoDB view on HealthData","userIp":"","userAgent":""}
{"timestamp":"2025-05-08T12:04:48.063Z","userId":681,"action":"view","resourceType":"HealthData","resourceId":"latest","details":"MongoDB view on HealthData","userIp":"","userAgent":""}
{"timestamp":"2025-05-08T12:04:48.067Z","userId":681,"action":"view","resourceType":"HealthData","resourceId":"latest","details":"MongoDB view on HealthData","userIp":"","userAgent":""}
{"timestamp":"2025-05-08T12:04:48.072Z","userId":681,"action":"view","resourceType":"HealthData","resourceId":"latest","details":"MongoDB view on HealthData","userIp":"","userAgent":""}
{"timestamp":"2025-05-08T12:04:48.077Z","userId":681,"action":"view","resourceType":"HealthData","resourceId":"latest","details":"MongoDB view on HealthData","userIp":"","userAgent":""}
{"timestamp":"2025-05-08T12:04:48.083Z","userId":681,"action":"view","resourceType":"HealthData","resourceId":"latest","details":"MongoDB view on HealthData","userIp":"","userAgent":""}
{"timestamp":"2025-05-08T12:04:48.089Z","userId":681,"action":"view","resourceType":"HealthData","resourceId":"latest","details":"MongoDB view on HealthData","userIp":"","userAgent":""}
{"timestamp":"2025-05-08T12:04:48.092Z","userId":681,"action":"view","resourceType":"HealthData","resourceId":"latest","details":"MongoDB view on HealthData","userIp":"","userAgent":""}
{"timestamp":"2025-05-08T12:04:48.098Z","userId":681,"action":"view","resourceType":"HealthData","resourceId":"latest","details":"MongoDB view on HealthData","userIp":"","userAgent":""}
{"timestamp":"2025-05-08T12:04:48.104Z","userId":681,"action":"view","resourceType":"HealthData","resourceId":"latest","details":"MongoDB view on HealthData","userIp":"","userAgent":""}
{"timestamp":"2025-05-08T12:04:48.109Z","userId":681,"action":"view","resourceType":"HealthData","resourceId":"latest","details":"MongoDB view on HealthData","userIp":"","userAgent":""}
{"timestamp":"2025-05-08T12:04:48.114Z","userId":681,"action":"view","resourceType":"HealthData","resourceId":"latest","details":"MongoDB view on HealthData","userIp":"","userAgent":""}
{"timestamp":"2025-05-08T12:04:48.121Z","userId":681,"action":"view","resourceType":"HealthData","resourceId":"latest","details":"MongoDB view on HealthData","userIp":"","userAgent":""}
{"timestamp":"2025-05-08T12:04:48.125Z","userId":681,"action":"view","resourceType":"HealthData","resourceId":"latest","details":"MongoDB view on HealthData","userIp":"","userAgent":""}
{"timestamp":"2025-05-08T12:04:48.129Z","userId":681,"action":"view","resourceType":"HealthData","resourceId":"latest","details":"MongoDB view on HealthData","userIp":"","userAgent":""}
{"timestamp":"2025-05-08T12:04:48.135Z","userId":681,"action":"view","resourceType":"HealthData","resourceId":"latest","details":"MongoDB view on HealthData","userIp":"","userAgent":""}
{"timestamp":"2025-05-08T12:04:48.140Z","userId":681,"action":"view","resourceType":"HealthData","resourceId":"latest","details":"MongoDB view on HealthData","userIp":"","userAgent":""}
{"timestamp":"2025-05-08T12:04:48.145Z","userId":681,"action":"view","resourceType":"HealthData","resourceId":"latest","details":"MongoDB view on HealthData","userIp":"","userAgent":""}
{"timestamp":"2025-05-08T12:04:48.152Z","userId":681,"action":"view","resourceType":"HealthData","resourceId":"latest","details":"MongoDB view on HealthData","userIp":"","userAgent":""}
{"timestamp":"2025-05-08T12:04:48.157Z","userId":681,"action":"view","resourceType":"HealthData","resourceId":"latest","details":"MongoDB view on HealthData","userIp":"","userAgent":""}
{"timestamp":"2025-05-08T12:04:48.161Z","userId":681,"action":"view","resourceType":"HealthData","resourceId":"latest","details":"MongoDB view on HealthData","userIp":"","userAgent":""}
{"timestamp":"2025-05-08T12:04:48.167Z","userId":681,"action":"view","resourceType":"HealthData","resourceId":"latest","details":"MongoDB view on HealthData","userIp":"","userAgent":""}
{"timestamp":"2025-05-08T12:04:48.172Z","userId":681,"action":"view","resourceType":"HealthData","resourceId":"latest","details":"MongoDB view on HealthData","userIp":"","userAgent":""}
{"timestamp":"2025-05-08T12:04:48.178Z","userId":681,"action":"view","resourceType":"HealthData","resourceId":"latest","details":"MongoDB view on HealthData","userIp":"","userAgent":""}
{"timestamp":"2025-05-08T12:04:48.183Z","userId":681,"action":"view","resourceType":"HealthData","resourceId":"latest","details":"MongoDB view on HealthData","userIp":"","userAgent":""}
{"timestamp":"2025-05-08T12:04:48.188Z","userId":681,"action":"view","resourceType":"HealthData","resourceId":"latest","details":"MongoDB view on HealthData","userIp":"","userAgent":""}
{"timestamp":"2025-05-08T12:04:48.194Z","userId":681,"action":"view","resourceType":"HealthData","resourceId":"latest","details":"MongoDB view on HealthData","userIp":"","userAgent":""}
{"timestamp":"2025-05-08T12:04:48.200Z","userId":681,"action":"view","resourceType":"HealthData","resourceId":"latest","details":"MongoDB view on HealthData","userIp":"","userAgent":""}
{"timestamp":"2025-05-08T12:04:48.206Z","userId":681,"action":"view","resourceType":"HealthData","resourceId":"latest","details":"MongoDB view on HealthData","userIp":"","userAgent":""}
{"timestamp":"2025-05-08T12:04:48.212Z","userId":681,"action":"view","resourceType":"HealthData","resourceId":"latest","details":"MongoDB view on HealthData","userIp":"","userAgent":""}
{"timestamp":"2025-05-08T12:04:48.218Z","userId":681,"action":"view","resourceType":"HealthData","resourceId":"latest","details":"MongoDB view on HealthData","userIp":"","userAgent":""}
{"timestamp":"2025-05-08T12:04:48.223Z","userId":681,"action":"view","resourceType":"HealthData","resourceId":"latest","details":"MongoDB view on HealthData","userIp":"","userAgent":""}
{"timestamp":"2025-05-08T12:04:48.229Z","userId":681,"action":"view","resourceType":"HealthData","resourceId":"latest","details":"MongoDB view on HealthData","userIp":"","userAgent":""}
{"timestamp":"2025-05-08T12:04:48.234Z","userId":681,"action":"view","resourceType":"HealthData","resourceId":"latest","details":"MongoDB view on HealthData","userIp":"","userAgent":""}
{"timestamp":"2025-05-08T12:04:48.240Z","userId":681,"action":"view","resourceType":"HealthData","resourceId":"latest","details":"MongoDB view on HealthData","userIp":"","userAgent":""}
{"timestamp":"2025-05-08T12:04:48.245Z","userId":681,"action":"view","resourceType":"HealthData","resourceId":"latest","details":"MongoDB view on HealthData","userIp":"","userAgent":""}
{"timestamp":"2025-05-08T12:04:48.251Z","userId":681,"action":"view","resourceType":"HealthData","resourceId":"latest","details":"MongoDB view on HealthData","userIp":"","userAgent":""}
{"timestamp":"2025-05-08T12:04:48.256Z","userId":681,"action":"view","resourceType":"HealthData","resourceId":"latest","details":"MongoDB view on HealthData","userIp":"","userAgent":""}
{"timestamp":"2025-05-08T12:04:48.262Z","userId":681,"action":"view","resourceType":"HealthData","resourceId":"latest","details":"MongoDB view on HealthData","userIp":"","userAgent":""}
{"timestamp":"2025-05-08T12:04:48.267Z","userId":681,"action":"view","resourceType":"HealthData","resourceId":"latest","details":"MongoDB view on HealthData","userIp":"","userAgent":""}
{"timestamp":"2025-05-08T12:04:48.272Z","userId":681,"action":"view","resourceType":"HealthData","resourceId":"latest","details":"MongoDB view on HealthData","userIp":"","userAgent":""}
{"timestamp":"2025-05-08T12:04:48.278Z","userId":681,"action":"view","resourceType":"HealthData","resourceId":"latest","details":"MongoDB view on HealthData","userIp":"","userAgent":""}
{"timestamp":"2025-05-08T12:04:48.284Z","userId":681,"action":"view","resourceType":"HealthData","resourceId":"latest","details":"MongoDB view on HealthData","userIp":"","userAgent":""}
{"timestamp":"2025-05-08T12:04:48.289Z","userId":681,"action":"view","resourceType":"HealthData","resourceId":"latest","details":"MongoDB view on HealthData","userIp":"","userAgent":""}
{"timestamp":"2025-05-08T12:04:48.295Z","userId":681,"action":"view","resourceType":"HealthData","resourceId":"latest","details":"MongoDB view on HealthData","userIp":"","userAgent":""}
{"timestamp":"2025-05-08T12:04:48.301Z","userId":681,"action":"view","resourceType":"HealthData","resourceId":"latest","details":"MongoDB view on HealthData","userIp":"","userAgent":""}
{"timestamp":"2025-05-08T12:04:48.306Z","userId":681,"action":"view","resourceType":"HealthData","resourceId":"latest","details":"MongoDB view on HealthData","userIp":"","userAgent":""}
{"timestamp":"2025-05-08T12:04:48.313Z","userId":681,"action":"view","resourceType":"HealthData","resourceId":"latest","details":"MongoDB view on HealthData","userIp":"","userAgent":""}
{"timestamp":"2025-05-08T12:04:48.319Z","userId":681,"action":"view","resourceType":"HealthData","resourceId":"latest","details":"MongoDB view on HealthData","userIp":"","userAgent":""}
{"timestamp":"2025-05-08T12:04:48.325Z","userId":681,"action":"view","resourceType":"HealthData","resourceId":"latest","details":"MongoDB view on HealthData","userIp":"","userAgent":""}
{"timestamp":"2025-05-08T12:04:48.331Z","userId":681,"action":"view","resourceType":"HealthData","resourceId":"latest","details":"MongoDB view on HealthData","userIp":"","userAgent":""}
{"timestamp":"2025-05-08T12:04:48.337Z","userId":681,"action":"view","resourceType":"HealthData","resourceId":"latest","details":"MongoDB view on HealthData","userIp":"","userAgent":""}
{"timestamp":"2025-05-08T12:04:48.344Z","userId":681,"action":"view","resourceType":"HealthData","resourceId":"latest","details":"MongoDB view on HealthData","userIp":"","userAgent":""}
{"timestamp":"2025-05-08T12:04:48.351Z","userId":681,"action":"view","resourceType":"HealthData","resourceId":"latest","details":"MongoDB view on HealthData","userIp":"","userAgent":""}
{"timestamp":"2025-05-08T12:04:48.358Z","userId":681,"action":"view","resourceType":"HealthData","resourceId":"latest","details":"MongoDB view on HealthData","userIp":"","userAgent":""}
{"timestamp":"2025-05-08T12:04:48.363Z","userId":681,"action":"view","resourceType":"HealthData","resourceId":"latest","details":"MongoDB view on HealthData","userIp":"","userAgent":""}
{"timestamp":"2025-05-08T12:04:48.369Z","userId":681,"action":"view","resourceType":"HealthData","resourceId":"latest","details":"MongoDB view on HealthData","userIp":"","userAgent":""}
{"timestamp":"2025-05-08T12:04:48.375Z","userId":681,"action":"view","resourceType":"HealthData","resourceId":"latest","details":"MongoDB view on HealthData","userIp":"","userAgent":""}
{"timestamp":"2025-05-08T12:04:48.380Z","userId":681,"action":"view","resourceType":"HealthData","resourceId":"latest","details":"MongoDB view on HealthData","userIp":"","userAgent":""}
{"timestamp":"2025-05-08T12:04:48.386Z","userId":681,"action":"view","resourceType":"HealthData","resourceId":"latest","details":"MongoDB view on HealthData","userIp":"","userAgent":""}
{"timestamp":"2025-05-08T12:04:48.392Z","userId":681,"action":"view","resourceType":"HealthData","resourceId":"latest","details":"MongoDB view on HealthData","userIp":"","userAgent":""}
{"timestamp":"2025-05-08T12:04:48.398Z","userId":681,"action":"view","resourceType":"HealthData","resourceId":"latest","details":"MongoDB view on HealthData","userIp":"","userAgent":""}
{"timestamp":"2025-05-08T12:04:48.403Z","userId":681,"action":"view","resourceType":"HealthData","resourceId":"latest","details":"MongoDB view on HealthData","userIp":"","userAgent":""}
{"timestamp":"2025-05-08T12:04:48.408Z","userId":681,"action":"view","resourceType":"HealthData","resourceId":"latest","details":"MongoDB view on HealthData","userIp":"","userAgent":""}
{"timestamp":"2025-05-08T12:04:48.415Z","userId":681,"action":"view","resourceType":"HealthData","resourceId":"latest","details":"MongoDB view on HealthData","userIp":"","userAgent":""}
{"timestamp":"2025-05-08T12:04:48.421Z","userId":681,"action":"view","resourceType":"HealthData","resourceId":"latest","details":"MongoDB view on HealthData","userIp":"","userAgent":""}
{"timestamp":"2025-05-08T12:04:48.427Z","userId":681,"action":"view","resourceType":"HealthData","resourceId":"latest","details":"MongoDB view on HealthData","userIp":"","userAgent":""}
{"timestamp":"2025-05-08T12:04:48.432Z","userId":681,"action":"view","resourceType":"HealthData","resourceId":"latest","details":"MongoDB view on HealthData","userIp":"","userAgent":""}
{"timestamp":"2025-05-08T12:04:48.438Z","userId":681,"action":"view","resourceType":"HealthData","resourceId":"latest","details":"MongoDB view on HealthData","userIp":"","userAgent":""}
{"timestamp":"2025-05-08T12:04:48.443Z","userId":681,"action":"view","resourceType":"HealthData","resourceId":"latest","details":"MongoDB view on HealthData","userIp":"","userAgent":""}
{"timestamp":"2025-05-08T12:04:48.447Z","userId":681,"action":"view","resourceType":"HealthData","resourceId":"latest","details":"MongoDB view on HealthData","userIp":"","userAgent":""}
{"timestamp":"2025-05-08T12:04:48.452Z","userId":681,"action":"view","resourceType":"HealthData","resourceId":"latest","details":"MongoDB view on HealthData","userIp":"","userAgent":""}
{"timestamp":"2025-05-08T12:04:48.456Z","userId":681,"action":"view","resourceType":"HealthData","resourceId":"latest","details":"MongoDB view on HealthData","userIp":"","userAgent":""}
{"timestamp":"2025-05-08T12:04:48.462Z","userId":681,"action":"view","resourceType":"HealthData","resourceId":"latest","details":"MongoDB view on HealthData","userIp":"","userAgent":""}
{"timestamp":"2025-05-08T12:04:48.467Z","userId":681,"action":"view","resourceType":"HealthData","resourceId":"latest","details":"MongoDB view on HealthData","userIp":"","userAgent":""}
{"timestamp":"2025-05-08T12:04:48.472Z","userId":681,"action":"view","resourceType":"HealthData","resourceId":"latest","details":"MongoDB view on HealthData","userIp":"","userAgent":""}
{"timestamp":"2025-05-08T12:04:48.477Z","userId":681,"action":"view","resourceType":"HealthData","resourceId":"latest","details":"MongoDB view on HealthData","userIp":"","userAgent":""}
{"timestamp":"2025-05-08T12:04:48.483Z","userId":681,"action":"view","resourceType":"HealthData","resourceId":"latest","details":"MongoDB view on HealthData","userIp":"","userAgent":""}
{"timestamp":"2025-05-08T12:04:48.488Z","userId":681,"action":"view","resourceType":"HealthData","resourceId":"latest","details":"MongoDB view on HealthData","userIp":"","userAgent":""}
{"timestamp":"2025-05-08T12:04:48.493Z","userId":681,"action":"view","resourceType":"HealthData","resourceId":"latest","details":"MongoDB view on HealthData","userIp":"","userAgent":""}
{"timestamp":"2025-05-08T12:04:48.498Z","userId":681,"action":"view","resourceType":"HealthData","resourceId":"latest","details":"MongoDB view on HealthData","userIp":"","userAgent":""}
{"timestamp":"2025-05-08T12:04:48.504Z","userId":681,"action":"view","resourceType":"HealthData","resourceId":"latest","details":"MongoDB view on HealthData","userIp":"","userAgent":""}
{"timestamp":"2025-05-08T12:04:48.509Z","userId":681,"action":"view","resourceType":"HealthData","resourceId":"latest","details":"MongoDB view on HealthData","userIp":"","userAgent":""}
{"timestamp":"2025-05-08T12:04:48.515Z","userId":681,"action":"view","resourceType":"HealthData","resourceId":"latest","details":"MongoDB view on HealthData","userIp":"","userAgent":""}
{"timestamp":"2025-05-08T12:04:48.520Z","userId":681,"action":"view","resourceType":"HealthData","resourceId":"latest","details":"MongoDB view on HealthData","userIp":"","userAgent":""}
{"timestamp":"2025-05-08T12:04:48.527Z","userId":681,"action":"view","resourceType":"HealthData","resourceId":"latest","details":"MongoDB view on HealthData","userIp":"","userAgent":""}
{"timestamp":"2025-05-08T12:04:48.533Z","userId":681,"action":"view","resourceType":"HealthData","resourceId":"latest","details":"MongoDB view on HealthData","userIp":"","userAgent":""}
{"timestamp":"2025-05-08T12:04:48.539Z","userId":681,"action":"view","resourceType":"HealthData","resourceId":"latest","details":"MongoDB view on HealthData","userIp":"","userAgent":""}
{"timestamp":"2025-05-08T12:04:48.545Z","userId":681,"action":"view","resourceType":"HealthData","resourceId":"latest","details":"MongoDB view on HealthData","userIp":"","userAgent":""}
{"timestamp":"2025-05-08T12:04:48.552Z","userId":681,"action":"view","resourceType":"HealthData","resourceId":"latest","details":"MongoDB view on HealthData","userIp":"","userAgent":""}
{"timestamp":"2025-05-08T12:04:48.557Z","userId":681,"action":"view","resourceType":"HealthData","resourceId":"latest","details":"MongoDB view on HealthData","userIp":"","userAgent":""}
{"timestamp":"2025-05-08T12:04:48.563Z","userId":681,"action":"view","resourceType":"HealthData","resourceId":"latest","details":"MongoDB view on HealthData","userIp":"","userAgent":""}
{"timestamp":"2025-05-08T12:04:48.568Z","userId":681,"action":"view","resourceType":"HealthData","resourceId":"latest","details":"MongoDB view on HealthData","userIp":"","userAgent":""}
{"timestamp":"2025-05-08T12:04:48.573Z","userId":681,"action":"view","resourceType":"HealthData","resourceId":"latest","details":"MongoDB view on HealthData","userIp":"","userAgent":""}
{"timestamp":"2025-05-08T12:04:48.578Z","userId":681,"action":"view","resourceType":"HealthData","resourceId":"latest","details":"MongoDB view on HealthData","userIp":"","userAgent":""}
{"timestamp":"2025-05-08T12:04:48.583Z","userId":681,"action":"view","resourceType":"HealthData","resourceId":"latest","details":"MongoDB view on HealthData","userIp":"","userAgent":""}
{"timestamp":"2025-05-08T12:04:48.588Z","userId":681,"action":"view","resourceType":"HealthData","resourceId":"latest","details":"MongoDB view on HealthData","userIp":"","userAgent":""}
{"timestamp":"2025-05-08T12:04:48.593Z","userId":681,"action":"view","resourceType":"HealthData","resourceId":"latest","details":"MongoDB view on HealthData","userIp":"","userAgent":""}
{"timestamp":"2025-05-08T12:04:48.597Z","userId":681,"action":"view","resourceType":"HealthData","resourceId":"latest","details":"MongoDB view on HealthData","userIp":"","userAgent":""}
{"timestamp":"2025-05-08T12:04:48.602Z","userId":681,"action":"view","resourceType":"HealthData","resourceId":"latest","details":"MongoDB view on HealthData","userIp":"","userAgent":""}
{"timestamp":"2025-05-08T12:04:48.608Z","userId":681,"action":"view","resourceType":"HealthData","resourceId":"latest","details":"MongoDB view on HealthData","userIp":"","userAgent":""}
{"timestamp":"2025-05-08T12:04:48.613Z","userId":681,"action":"view","resourceType":"HealthData","resourceId":"latest","details":"MongoDB view on HealthData","userIp":"","userAgent":""}
{"timestamp":"2025-05-08T12:04:48.618Z","userId":681,"action":"view","resourceType":"HealthData","resourceId":"latest","details":"MongoDB view on HealthData","userIp":"","userAgent":""}
{"timestamp":"2025-05-08T12:04:48.623Z","userId":681,"action":"view","resourceType":"HealthData","resourceId":"latest","details":"MongoDB view on HealthData","userIp":"","userAgent":""}
{"timestamp":"2025-05-08T12:04:48.628Z","userId":681,"action":"view","resourceType":"HealthData","resourceId":"latest","details":"MongoDB view on HealthData","userIp":"","userAgent":""}
{"timestamp":"2025-05-08T12:04:48.635Z","userId":681,"action":"view","resourceType":"HealthData","resourceId":"latest","details":"MongoDB view on HealthData","userIp":"","userAgent":""}
{"timestamp":"2025-05-08T12:04:48.640Z","userId":681,"action":"view","resourceType":"HealthData","resourceId":"latest","details":"MongoDB view on HealthData","userIp":"","userAgent":""}
{"timestamp":"2025-05-08T12:04:48.646Z","userId":681,"action":"view","resourceType":"HealthData","resourceId":"latest","details":"MongoDB view on HealthData","userIp":"","userAgent":""}
{"timestamp":"2025-05-08T12:04:48.651Z","userId":681,"action":"view","resourceType":"HealthData","resourceId":"latest","details":"MongoDB view on HealthData","userIp":"","userAgent":""}
{"timestamp":"2025-05-08T12:04:48.657Z","userId":681,"action":"view","resourceType":"HealthData","resourceId":"latest","details":"MongoDB view on HealthData","userIp":"","userAgent":""}
{"timestamp":"2025-05-08T12:04:48.661Z","userId":681,"action":"view","resourceType":"HealthData","resourceId":"latest","details":"MongoDB view on HealthData","userIp":"","userAgent":""}
{"timestamp":"2025-05-08T12:04:48.667Z","userId":681,"action":"view","resourceType":"HealthData","resourceId":"latest","details":"MongoDB view on HealthData","userIp":"","userAgent":""}
{"timestamp":"2025-05-08T12:04:48.672Z","userId":681,"action":"view","resourceType":"HealthData","resourceId":"latest","details":"MongoDB view on HealthData","userIp":"","userAgent":""}
{"timestamp":"2025-05-08T12:04:48.678Z","userId":681,"action":"view","resourceType":"HealthData","resourceId":"latest","details":"MongoDB view on HealthData","userIp":"","userAgent":""}
{"timestamp":"2025-05-08T12:04:48.684Z","userId":681,"action":"view","resourceType":"HealthData","resourceId":"latest","details":"MongoDB view on HealthData","userIp":"","userAgent":""}
{"timestamp":"2025-05-08T12:04:48.689Z","userId":681,"action":"view","resourceType":"HealthData","resourceId":"latest","details":"MongoDB view on HealthData","userIp":"","userAgent":""}
{"timestamp":"2025-05-08T12:04:48.694Z","userId":681,"action":"view","resourceType":"HealthData","resourceId":"latest","details":"MongoDB view on HealthData","userIp":"","userAgent":""}
{"timestamp":"2025-05-08T12:04:48.700Z","userId":681,"action":"view","resourceType":"HealthData","resourceId":"latest","details":"MongoDB view on HealthData","userIp":"","userAgent":""}
{"timestamp":"2025-05-08T12:04:48.706Z","userId":681,"action":"view","resourceType":"HealthData","resourceId":"latest","details":"MongoDB view on HealthData","userIp":"","userAgent":""}
{"timestamp":"2025-05-08T12:04:48.712Z","userId":681,"action":"view","resourceType":"HealthData","resourceId":"latest","details":"MongoDB view on HealthData","userIp":"","userAgent":""}
{"timestamp":"2025-05-08T12:04:48.718Z","userId":681,"action":"view","resourceType":"HealthData","resourceId":"latest","details":"MongoDB view on HealthData","userIp":"","userAgent":""}
{"timestamp":"2025-05-08T12:04:48.723Z","userId":681,"action":"view","resourceType":"HealthData","resourceId":"latest","details":"MongoDB view on HealthData","userIp":"","userAgent":""}
{"timestamp":"2025-05-08T12:04:48.728Z","userId":681,"action":"view","resourceType":"HealthData","resourceId":"latest","details":"MongoDB view on HealthData","userIp":"","userAgent":""}
{"timestamp":"2025-05-08T12:04:48.734Z","userId":681,"action":"view","resourceType":"HealthData","resourceId":"latest","details":"MongoDB view on HealthData","userIp":"","userAgent":""}
{"timestamp":"2025-05-08T12:04:48.739Z","userId":681,"action":"view","resourceType":"HealthData","resourceId":"latest","details":"MongoDB view on HealthData","userIp":"","userAgent":""}
{"timestamp":"2025-05-08T12:04:48.745Z","userId":681,"action":"view","resourceType":"HealthData","resourceId":"latest","details":"MongoDB view on HealthData","userIp":"","userAgent":""}
{"timestamp":"2025-05-08T12:04:48.751Z","userId":681,"action":"view","resourceType":"HealthData","resourceId":"latest","details":"MongoDB view on HealthData","userIp":"","userAgent":""}
{"timestamp":"2025-05-08T12:04:48.756Z","userId":681,"action":"view","resourceType":"HealthData","resourceId":"latest","details":"MongoDB view on HealthData","userIp":"","userAgent":""}
{"timestamp":"2025-05-08T12:04:48.761Z","userId":681,"action":"view","resourceType":"HealthData","resourceId":"latest","details":"MongoDB view on HealthData","userIp":"","userAgent":""}
{"timestamp":"2025-05-08T12:04:48.767Z","userId":681,"action":"view","resourceType":"HealthData","resourceId":"latest","details":"MongoDB view on HealthData","userIp":"","userAgent":""}
{"timestamp":"2025-05-08T12:04:48.773Z","userId":681,"action":"view","resourceType":"HealthData","resourceId":"latest","details":"MongoDB view on HealthData","userIp":"","userAgent":""}
{"timestamp":"2025-05-08T12:04:48.777Z","userId":681,"action":"view","resourceType":"HealthData","resourceId":"latest","details":"MongoDB view on HealthData","userIp":"","userAgent":""}
{"timestamp":"2025-05-08T12:04:48.783Z","userId":681,"action":"view","resourceType":"HealthData","resourceId":"latest","details":"MongoDB view on HealthData","userIp":"","userAgent":""}
{"timestamp":"2025-05-08T12:04:48.787Z","userId":681,"action":"view","resourceType":"HealthData","resourceId":"latest","details":"MongoDB view on HealthData","userIp":"","userAgent":""}
{"timestamp":"2025-05-08T12:04:48.789Z","userId":681,"action":"view","resourceType":"HealthData","resourceId":"latest","details":"MongoDB view on HealthData","userIp":"","userAgent":""}
{"timestamp":"2025-05-08T12:04:48.792Z","userId":681,"action":"view","resourceType":"HealthData","resourceId":"latest","details":"MongoDB view on HealthData","userIp":"","userAgent":""}
{"timestamp":"2025-05-08T12:04:48.796Z","userId":681,"action":"view","resourceType":"HealthData","resourceId":"latest","details":"MongoDB view on HealthData","userIp":"","userAgent":""}
{"timestamp":"2025-05-08T12:04:48.800Z","userId":681,"action":"view","resourceType":"HealthData","resourceId":"latest","details":"MongoDB view on HealthData","userIp":"","userAgent":""}
{"timestamp":"2025-05-08T12:04:48.806Z","userId":681,"action":"view","resourceType":"HealthData","resourceId":"latest","details":"MongoDB view on HealthData","userIp":"","userAgent":""}
{"timestamp":"2025-05-08T12:04:48.810Z","userId":681,"action":"view","resourceType":"HealthData","resourceId":"latest","details":"MongoDB view on HealthData","userIp":"","userAgent":""}
{"timestamp":"2025-05-08T12:04:48.815Z","userId":681,"action":"view","resourceType":"HealthData","resourceId":"latest","details":"MongoDB view on HealthData","userIp":"","userAgent":""}
{"timestamp":"2025-05-08T12:04:48.821Z","userId":681,"action":"view","resourceType":"HealthData","resourceId":"latest","details":"MongoDB view on HealthData","userIp":"","userAgent":""}
{"timestamp":"2025-05-08T12:04:48.825Z","userId":681,"action":"view","resourceType":"HealthData","resourceId":"latest","details":"MongoDB view on HealthData","userIp":"","userAgent":""}
{"timestamp":"2025-05-08T12:04:48.831Z","userId":681,"action":"view","resourceType":"HealthData","resourceId":"latest","details":"MongoDB view on HealthData","userIp":"","userAgent":""}
{"timestamp":"2025-05-08T12:04:48.836Z","userId":681,"action":"view","resourceType":"HealthData","resourceId":"latest","details":"MongoDB view on HealthData","userIp":"","userAgent":""}
{"timestamp":"2025-05-08T12:04:48.841Z","userId":681,"action":"view","resourceType":"HealthData","resourceId":"latest","details":"MongoDB view on HealthData","userIp":"","userAgent":""}
{"timestamp":"2025-05-08T12:04:48.846Z","userId":681,"action":"view","resourceType":"HealthData","resourceId":"latest","details":"MongoDB view on HealthData","userIp":"","userAgent":""}
{"timestamp":"2025-05-08T12:04:48.852Z","userId":681,"action":"view","resourceType":"HealthData","resourceId":"latest","details":"MongoDB view on HealthData","userIp":"","userAgent":""}
{"timestamp":"2025-05-08T12:04:48.857Z","userId":681,"action":"view","resourceType":"HealthData","resourceId":"latest","details":"MongoDB view on HealthData","userIp":"","userAgent":""}
{"timestamp":"2025-05-08T12:04:48.864Z","userId":681,"action":"view","resourceType":"HealthData","resourceId":"latest","details":"MongoDB view on HealthData","userIp":"","userAgent":""}
{"timestamp":"2025-05-08T12:04:48.870Z","userId":681,"action":"view","resourceType":"HealthData","resourceId":"latest","details":"MongoDB view on HealthData","userIp":"","userAgent":""}
{"timestamp":"2025-05-08T12:04:48.875Z","userId":681,"action":"view","resourceType":"HealthData","resourceId":"latest","details":"MongoDB view on HealthData","userIp":"","userAgent":""}
{"timestamp":"2025-05-08T12:04:48.881Z","userId":681,"action":"view","resourceType":"HealthData","resourceId":"latest","details":"MongoDB view on HealthData","userIp":"","userAgent":""}
{"timestamp":"2025-05-08T12:04:48.886Z","userId":681,"action":"view","resourceType":"HealthData","resourceId":"latest","details":"MongoDB view on HealthData","userIp":"","userAgent":""}
{"timestamp":"2025-05-08T12:04:48.892Z","userId":681,"action":"view","resourceType":"HealthData","resourceId":"latest","details":"MongoDB view on HealthData","userIp":"","userAgent":""}
{"timestamp":"2025-05-08T12:04:48.898Z","userId":681,"action":"view","resourceType":"HealthData","resourceId":"latest","details":"MongoDB view on HealthData","userIp":"","userAgent":""}
{"timestamp":"2025-05-08T12:04:48.904Z","userId":681,"action":"view","resourceType":"HealthData","resourceId":"latest","details":"MongoDB view on HealthData","userIp":"","userAgent":""}
{"timestamp":"2025-05-08T12:04:48.910Z","userId":681,"action":"view","resourceType":"HealthData","resourceId":"latest","details":"MongoDB view on HealthData","userIp":"","userAgent":""}
{"timestamp":"2025-05-08T12:04:48.917Z","userId":681,"action":"view","resourceType":"HealthData","resourceId":"latest","details":"MongoDB view on HealthData","userIp":"","userAgent":""}
{"timestamp":"2025-05-08T12:04:48.922Z","userId":681,"action":"view","resourceType":"HealthData","resourceId":"latest","details":"MongoDB view on HealthData","userIp":"","userAgent":""}
{"timestamp":"2025-05-08T12:04:48.927Z","userId":681,"action":"view","resourceType":"HealthData","resourceId":"latest","details":"MongoDB view on HealthData","userIp":"","userAgent":""}
{"timestamp":"2025-05-08T12:04:48.932Z","userId":681,"action":"view","resourceType":"HealthData","resourceId":"latest","details":"MongoDB view on HealthData","userIp":"","userAgent":""}
{"timestamp":"2025-05-08T12:04:48.938Z","userId":681,"action":"view","resourceType":"HealthData","resourceId":"latest","details":"MongoDB view on HealthData","userIp":"","userAgent":""}
{"timestamp":"2025-05-08T12:04:48.943Z","userId":681,"action":"view","resourceType":"HealthData","resourceId":"latest","details":"MongoDB view on HealthData","userIp":"","userAgent":""}
{"timestamp":"2025-05-08T12:04:48.948Z","userId":681,"action":"view","resourceType":"HealthData","resourceId":"latest","details":"MongoDB view on HealthData","userIp":"","userAgent":""}
{"timestamp":"2025-05-08T12:04:48.954Z","userId":681,"action":"view","resourceType":"HealthData","resourceId":"latest","details":"MongoDB view on HealthData","userIp":"","userAgent":""}
{"timestamp":"2025-05-08T12:04:48.959Z","userId":681,"action":"view","resourceType":"HealthData","resourceId":"latest","details":"MongoDB view on HealthData","userIp":"","userAgent":""}
{"timestamp":"2025-05-08T12:04:48.964Z","userId":681,"action":"view","resourceType":"HealthData","resourceId":"latest","details":"MongoDB view on HealthData","userIp":"","userAgent":""}
{"timestamp":"2025-05-08T12:04:48.970Z","userId":681,"action":"view","resourceType":"HealthData","resourceId":"latest","details":"MongoDB view on HealthData","userIp":"","userAgent":""}
{"timestamp":"2025-05-08T12:04:48.975Z","userId":681,"action":"view","resourceType":"HealthData","resourceId":"latest","details":"MongoDB view on HealthData","userIp":"","userAgent":""}
{"timestamp":"2025-05-08T12:04:48.981Z","userId":681,"action":"view","resourceType":"HealthData","resourceId":"latest","details":"MongoDB view on HealthData","userIp":"","userAgent":""}
{"timestamp":"2025-05-08T12:04:48.986Z","userId":681,"action":"view","resourceType":"HealthData","resourceId":"latest","details":"MongoDB view on HealthData","userIp":"","userAgent":""}
{"timestamp":"2025-05-08T12:04:48.992Z","userId":681,"action":"view","resourceType":"HealthData","resourceId":"latest","details":"MongoDB view on HealthData","userIp":"","userAgent":""}
{"timestamp":"2025-05-08T12:04:48.997Z","userId":681,"action":"view","resourceType":"HealthData","resourceId":"latest","details":"MongoDB view on HealthData","userIp":"","userAgent":""}
{"timestamp":"2025-05-08T12:04:49.003Z","userId":681,"action":"view","resourceType":"HealthData","resourceId":"latest","details":"MongoDB view on HealthData","userIp":"","userAgent":""}
{"timestamp":"2025-05-08T12:04:49.010Z","userId":681,"action":"view","resourceType":"HealthData","resourceId":"latest","details":"MongoDB view on HealthData","userIp":"","userAgent":""}
{"timestamp":"2025-05-08T12:04:49.017Z","userId":681,"action":"view","resourceType":"HealthData","resourceId":"latest","details":"MongoDB view on HealthData","userIp":"","userAgent":""}
{"timestamp":"2025-05-08T12:04:49.024Z","userId":681,"action":"view","resourceType":"HealthData","resourceId":"latest","details":"MongoDB view on HealthData","userIp":"","userAgent":""}
{"timestamp":"2025-05-08T12:04:49.032Z","userId":681,"action":"view","resourceType":"HealthData","resourceId":"latest","details":"MongoDB view on HealthData","userIp":"","userAgent":""}
{"timestamp":"2025-05-08T12:04:49.037Z","userId":681,"action":"view","resourceType":"HealthData","resourceId":"latest","details":"MongoDB view on HealthData","userIp":"","userAgent":""}
{"timestamp":"2025-05-08T12:04:49.042Z","userId":681,"action":"view","resourceType":"HealthData","resourceId":"latest","details":"MongoDB view on HealthData","userIp":"","userAgent":""}
{"timestamp":"2025-05-08T12:04:49.046Z","userId":681,"action":"view","resourceType":"HealthData","resourceId":"latest","details":"MongoDB view on HealthData","userIp":"","userAgent":""}
{"timestamp":"2025-05-08T12:04:49.052Z","userId":681,"action":"view","resourceType":"HealthData","resourceId":"latest","details":"MongoDB view on HealthData","userIp":"","userAgent":""}
{"timestamp":"2025-05-08T12:04:49.058Z","userId":681,"action":"view","resourceType":"HealthData","resourceId":"latest","details":"MongoDB view on HealthData","userIp":"","userAgent":""}
{"timestamp":"2025-05-08T12:04:49.063Z","userId":681,"action":"view","resourceType":"HealthData","resourceId":"latest","details":"MongoDB view on HealthData","userIp":"","userAgent":""}
{"timestamp":"2025-05-08T12:04:49.068Z","userId":681,"action":"view","resourceType":"HealthData","resourceId":"latest","details":"MongoDB view on HealthData","userIp":"","userAgent":""}
{"timestamp":"2025-05-08T12:04:49.074Z","userId":681,"action":"view","resourceType":"HealthData","resourceId":"latest","details":"MongoDB view on HealthData","userIp":"","userAgent":""}
{"timestamp":"2025-05-08T12:04:49.079Z","userId":681,"action":"view","resourceType":"HealthData","resourceId":"latest","details":"MongoDB view on HealthData","userIp":"","userAgent":""}
{"timestamp":"2025-05-08T12:04:49.084Z","userId":681,"action":"view","resourceType":"HealthData","resourceId":"latest","details":"MongoDB view on HealthData","userIp":"","userAgent":""}
{"timestamp":"2025-05-08T12:04:49.089Z","userId":681,"action":"view","resourceType":"HealthData","resourceId":"latest","details":"MongoDB view on HealthData","userIp":"","userAgent":""}
{"timestamp":"2025-05-08T12:04:49.094Z","userId":681,"action":"view","resourceType":"HealthData","resourceId":"latest","details":"MongoDB view on HealthData","userIp":"","userAgent":""}
{"timestamp":"2025-05-08T12:04:49.099Z","userId":681,"action":"view","resourceType":"HealthData","resourceId":"latest","details":"MongoDB view on HealthData","userIp":"","userAgent":""}
{"timestamp":"2025-05-08T12:04:49.105Z","userId":681,"action":"view","resourceType":"HealthData","resourceId":"latest","details":"MongoDB view on HealthData","userIp":"","userAgent":""}
{"timestamp":"2025-05-08T12:04:49.111Z","userId":681,"action":"view","resourceType":"HealthData","resourceId":"latest","details":"MongoDB view on HealthData","userIp":"","userAgent":""}
{"timestamp":"2025-05-08T12:04:49.117Z","userId":681,"action":"view","resourceType":"HealthData","resourceId":"latest","details":"MongoDB view on HealthData","userIp":"","userAgent":""}
{"timestamp":"2025-05-08T12:04:49.122Z","userId":681,"action":"view","resourceType":"HealthData","resourceId":"latest","details":"MongoDB view on HealthData","userIp":"","userAgent":""}
{"timestamp":"2025-05-08T12:04:49.128Z","userId":681,"action":"view","resourceType":"HealthData","resourceId":"latest","details":"MongoDB view on HealthData","userIp":"","userAgent":""}
{"timestamp":"2025-05-08T12:04:49.133Z","userId":681,"action":"view","resourceType":"HealthData","resourceId":"latest","details":"MongoDB view on HealthData","userIp":"","userAgent":""}
{"timestamp":"2025-05-08T12:04:49.138Z","userId":681,"action":"view","resourceType":"HealthData","resourceId":"latest","details":"MongoDB view on HealthData","userIp":"","userAgent":""}
{"timestamp":"2025-05-08T12:04:49.143Z","userId":681,"action":"view","resourceType":"HealthData","resourceId":"latest","details":"MongoDB view on HealthData","userIp":"","userAgent":""}
{"timestamp":"2025-05-08T12:04:49.150Z","userId":681,"action":"view","resourceType":"HealthData","resourceId":"latest","details":"MongoDB view on HealthData","userIp":"","userAgent":""}
{"timestamp":"2025-05-08T12:04:49.155Z","userId":681,"action":"view","resourceType":"HealthData","resourceId":"latest","details":"MongoDB view on HealthData","userIp":"","userAgent":""}
{"timestamp":"2025-05-08T12:04:49.161Z","userId":681,"action":"view","resourceType":"HealthData","resourceId":"latest","details":"MongoDB view on HealthData","userIp":"","userAgent":""}
{"timestamp":"2025-05-08T12:04:49.167Z","userId":681,"action":"view","resourceType":"HealthData","resourceId":"latest","details":"MongoDB view on HealthData","userIp":"","userAgent":""}
{"timestamp":"2025-05-08T12:04:49.172Z","userId":681,"action":"view","resourceType":"HealthData","resourceId":"latest","details":"MongoDB view on HealthData","userIp":"","userAgent":""}
{"timestamp":"2025-05-08T12:04:49.178Z","userId":681,"action":"view","resourceType":"HealthData","resourceId":"latest","details":"MongoDB view on HealthData","userIp":"","userAgent":""}
{"timestamp":"2025-05-08T12:04:49.183Z","userId":681,"action":"view","resourceType":"HealthData","resourceId":"latest","details":"MongoDB view on HealthData","userIp":"","userAgent":""}
{"timestamp":"2025-05-08T12:04:49.189Z","userId":681,"action":"view","resourceType":"HealthData","resourceId":"latest","details":"MongoDB view on HealthData","userIp":"","userAgent":""}
{"timestamp":"2025-05-08T12:04:49.194Z","userId":681,"action":"view","resourceType":"HealthData","resourceId":"latest","details":"MongoDB view on HealthData","userIp":"","userAgent":""}
{"timestamp":"2025-05-08T12:04:49.199Z","userId":681,"action":"view","resourceType":"HealthData","resourceId":"latest","details":"MongoDB view on HealthData","userIp":"","userAgent":""}
{"timestamp":"2025-05-08T12:04:49.204Z","userId":681,"action":"view","resourceType":"HealthData","resourceId":"latest","details":"MongoDB view on HealthData","userIp":"","userAgent":""}
{"timestamp":"2025-05-08T12:04:49.209Z","userId":681,"action":"view","resourceType":"HealthData","resourceId":"latest","details":"MongoDB view on HealthData","userIp":"","userAgent":""}
{"timestamp":"2025-05-08T12:04:49.214Z","userId":681,"action":"view","resourceType":"HealthData","resourceId":"latest","details":"MongoDB view on HealthData","userIp":"","userAgent":""}
{"timestamp":"2025-05-08T12:04:49.220Z","userId":681,"action":"view","resourceType":"HealthData","resourceId":"latest","details":"MongoDB view on HealthData","userIp":"","userAgent":""}
{"timestamp":"2025-05-08T12:04:49.224Z","userId":681,"action":"view","resourceType":"HealthData","resourceId":"latest","details":"MongoDB view on HealthData","userIp":"","userAgent":""}
{"timestamp":"2025-05-08T12:04:49.230Z","userId":681,"action":"view","resourceType":"HealthData","resourceId":"latest","details":"MongoDB view on HealthData","userIp":"","userAgent":""}
{"timestamp":"2025-05-08T12:04:49.235Z","userId":681,"action":"view","resourceType":"HealthData","resourceId":"latest","details":"MongoDB view on HealthData","userIp":"","userAgent":""}
{"timestamp":"2025-05-08T12:04:49.241Z","userId":681,"action":"view","resourceType":"HealthData","resourceId":"latest","details":"MongoDB view on HealthData","userIp":"","userAgent":""}
{"timestamp":"2025-05-08T12:04:49.246Z","userId":681,"action":"view","resourceType":"HealthData","resourceId":"latest","details":"MongoDB view on HealthData","userIp":"","userAgent":""}
{"timestamp":"2025-05-08T12:04:49.252Z","userId":681,"action":"view","resourceType":"HealthData","resourceId":"latest","details":"MongoDB view on HealthData","userIp":"","userAgent":""}
{"timestamp":"2025-05-08T12:04:49.257Z","userId":681,"action":"view","resourceType":"HealthData","resourceId":"latest","details":"MongoDB view on HealthData","userIp":"","userAgent":""}
{"timestamp":"2025-05-08T12:04:49.262Z","userId":681,"action":"view","resourceType":"HealthData","resourceId":"latest","details":"MongoDB view on HealthData","userIp":"","userAgent":""}
{"timestamp":"2025-05-08T12:04:49.268Z","userId":681,"action":"view","resourceType":"HealthData","resourceId":"latest","details":"MongoDB view on HealthData","userIp":"","userAgent":""}
{"timestamp":"2025-05-08T12:04:49.273Z","userId":681,"action":"view","resourceType":"HealthData","resourceId":"latest","details":"MongoDB view on HealthData","userIp":"","userAgent":""}
{"timestamp":"2025-05-08T12:04:49.279Z","userId":681,"action":"view","resourceType":"HealthData","resourceId":"latest","details":"MongoDB view on HealthData","userIp":"","userAgent":""}
{"timestamp":"2025-05-08T12:04:49.284Z","userId":681,"action":"view","resourceType":"HealthData","resourceId":"latest","details":"MongoDB view on HealthData","userIp":"","userAgent":""}
{"timestamp":"2025-05-08T12:04:49.290Z","userId":681,"action":"view","resourceType":"HealthData","resourceId":"latest","details":"MongoDB view on HealthData","userIp":"","userAgent":""}
{"timestamp":"2025-05-08T12:04:49.296Z","userId":681,"action":"view","resourceType":"HealthData","resourceId":"latest","details":"MongoDB view on HealthData","userIp":"","userAgent":""}
{"timestamp":"2025-05-08T12:04:49.302Z","userId":681,"action":"view","resourceType":"HealthData","resourceId":"latest","details":"MongoDB view on HealthData","userIp":"","userAgent":""}
{"timestamp":"2025-05-08T12:04:49.307Z","userId":681,"action":"view","resourceType":"HealthData","resourceId":"latest","details":"MongoDB view on HealthData","userIp":"","userAgent":""}
{"timestamp":"2025-05-08T12:04:49.313Z","userId":681,"action":"view","resourceType":"HealthData","resourceId":"latest","details":"MongoDB view on HealthData","userIp":"","userAgent":""}
{"timestamp":"2025-05-08T12:04:49.317Z","userId":681,"action":"view","resourceType":"HealthData","resourceId":"latest","details":"MongoDB view on HealthData","userIp":"","userAgent":""}
{"timestamp":"2025-05-08T12:04:49.322Z","userId":681,"action":"view","resourceType":"HealthData","resourceId":"latest","details":"MongoDB view on HealthData","userIp":"","userAgent":""}
{"timestamp":"2025-05-08T12:04:49.327Z","userId":681,"action":"view","resourceType":"HealthData","resourceId":"latest","details":"MongoDB view on HealthData","userIp":"","userAgent":""}
{"timestamp":"2025-05-08T12:04:49.333Z","userId":681,"action":"view","resourceType":"HealthData","resourceId":"latest","details":"MongoDB view on HealthData","userIp":"","userAgent":""}
{"timestamp":"2025-05-08T12:04:49.337Z","userId":681,"action":"view","resourceType":"HealthData","resourceId":"latest","details":"MongoDB view on HealthData","userIp":"","userAgent":""}
{"timestamp":"2025-05-08T12:04:49.342Z","userId":681,"action":"view","resourceType":"HealthData","resourceId":"latest","details":"MongoDB view on HealthData","userIp":"","userAgent":""}
{"timestamp":"2025-05-08T12:04:49.348Z","userId":681,"action":"view","resourceType":"HealthData","resourceId":"latest","details":"MongoDB view on HealthData","userIp":"","userAgent":""}
{"timestamp":"2025-05-08T12:04:49.354Z","userId":681,"action":"view","resourceType":"HealthData","resourceId":"latest","details":"MongoDB view on HealthData","userIp":"","userAgent":""}
{"timestamp":"2025-05-08T12:04:49.359Z","userId":681,"action":"view","resourceType":"HealthData","resourceId":"latest","details":"MongoDB view on HealthData","userIp":"","userAgent":""}
{"timestamp":"2025-05-08T12:04:49.365Z","userId":681,"action":"view","resourceType":"HealthData","resourceId":"latest","details":"MongoDB view on HealthData","userIp":"","userAgent":""}
{"timestamp":"2025-05-08T12:04:49.370Z","userId":681,"action":"view","resourceType":"HealthData","resourceId":"latest","details":"MongoDB view on HealthData","userIp":"","userAgent":""}
{"timestamp":"2025-05-08T12:04:49.376Z","userId":681,"action":"view","resourceType":"HealthData","resourceId":"latest","details":"MongoDB view on HealthData","userIp":"","userAgent":""}
{"timestamp":"2025-05-08T12:04:49.382Z","userId":681,"action":"view","resourceType":"HealthData","resourceId":"latest","details":"MongoDB view on HealthData","userIp":"","userAgent":""}
{"timestamp":"2025-05-08T12:04:49.387Z","userId":681,"action":"view","resourceType":"HealthData","resourceId":"latest","details":"MongoDB view on HealthData","userIp":"","userAgent":""}
{"timestamp":"2025-05-08T12:04:49.392Z","userId":681,"action":"view","resourceType":"HealthData","resourceId":"latest","details":"MongoDB view on HealthData","userIp":"","userAgent":""}
{"timestamp":"2025-05-08T12:04:49.396Z","userId":681,"action":"view","resourceType":"HealthData","resourceId":"latest","details":"MongoDB view on HealthData","userIp":"","userAgent":""}
{"timestamp":"2025-05-08T12:04:49.403Z","userId":681,"action":"view","resourceType":"HealthData","resourceId":"latest","details":"MongoDB view on HealthData","userIp":"","userAgent":""}
{"timestamp":"2025-05-08T12:04:49.410Z","userId":681,"action":"view","resourceType":"HealthData","resourceId":"latest","details":"MongoDB view on HealthData","userIp":"","userAgent":""}
{"timestamp":"2025-05-08T12:04:49.416Z","userId":681,"action":"view","resourceType":"HealthData","resourceId":"latest","details":"MongoDB view on HealthData","userIp":"","userAgent":""}
{"timestamp":"2025-05-08T12:04:49.422Z","userId":681,"action":"view","resourceType":"HealthData","resourceId":"latest","details":"MongoDB view on HealthData","userIp":"","userAgent":""}
{"timestamp":"2025-05-08T12:04:49.428Z","userId":681,"action":"view","resourceType":"HealthData","resourceId":"latest","details":"MongoDB view on HealthData","userIp":"","userAgent":""}
{"timestamp":"2025-05-08T12:04:49.436Z","userId":681,"action":"view","resourceType":"HealthData","resourceId":"latest","details":"MongoDB view on HealthData","userIp":"","userAgent":""}
{"timestamp":"2025-05-08T12:04:49.442Z","userId":681,"action":"view","resourceType":"HealthData","resourceId":"latest","details":"MongoDB view on HealthData","userIp":"","userAgent":""}
{"timestamp":"2025-05-08T12:04:49.447Z","userId":681,"action":"view","resourceType":"HealthData","resourceId":"latest","details":"MongoDB view on HealthData","userIp":"","userAgent":""}
{"timestamp":"2025-05-08T12:04:49.453Z","userId":681,"action":"view","resourceType":"HealthData","resourceId":"latest","details":"MongoDB view on HealthData","userIp":"","userAgent":""}
{"timestamp":"2025-05-08T12:04:49.458Z","userId":681,"action":"view","resourceType":"HealthData","resourceId":"latest","details":"MongoDB view on HealthData","userIp":"","userAgent":""}
{"timestamp":"2025-05-08T12:04:49.464Z","userId":681,"action":"view","resourceType":"HealthData","resourceId":"latest","details":"MongoDB view on HealthData","userIp":"","userAgent":""}
{"timestamp":"2025-05-08T12:04:49.469Z","userId":681,"action":"view","resourceType":"HealthData","resourceId":"latest","details":"MongoDB view on HealthData","userIp":"","userAgent":""}
{"timestamp":"2025-05-08T12:04:49.475Z","userId":681,"action":"view","resourceType":"HealthData","resourceId":"latest","details":"MongoDB view on HealthData","userIp":"","userAgent":""}
{"timestamp":"2025-05-08T12:04:49.480Z","userId":681,"action":"view","resourceType":"HealthData","resourceId":"latest","details":"MongoDB view on HealthData","userIp":"","userAgent":""}
{"timestamp":"2025-05-08T12:04:49.486Z","userId":681,"action":"view","resourceType":"HealthData","resourceId":"latest","details":"MongoDB view on HealthData","userIp":"","userAgent":""}
{"timestamp":"2025-05-08T12:04:49.493Z","userId":681,"action":"view","resourceType":"HealthData","resourceId":"latest","details":"MongoDB view on HealthData","userIp":"","userAgent":""}
{"timestamp":"2025-05-08T12:04:49.499Z","userId":681,"action":"view","resourceType":"HealthData","resourceId":"latest","details":"MongoDB view on HealthData","userIp":"","userAgent":""}
{"timestamp":"2025-05-08T12:04:49.505Z","userId":681,"action":"view","resourceType":"HealthData","resourceId":"latest","details":"MongoDB view on HealthData","userIp":"","userAgent":""}
{"timestamp":"2025-05-08T12:04:49.511Z","userId":681,"action":"view","resourceType":"HealthData","resourceId":"latest","details":"MongoDB view on HealthData","userIp":"","userAgent":""}
{"timestamp":"2025-05-08T12:04:49.516Z","userId":681,"action":"view","resourceType":"HealthData","resourceId":"latest","details":"MongoDB view on HealthData","userIp":"","userAgent":""}
{"timestamp":"2025-05-08T12:04:49.521Z","userId":681,"action":"view","resourceType":"HealthData","resourceId":"latest","details":"MongoDB view on HealthData","userIp":"","userAgent":""}
{"timestamp":"2025-05-08T12:04:49.526Z","userId":681,"action":"view","resourceType":"HealthData","resourceId":"latest","details":"MongoDB view on HealthData","userIp":"","userAgent":""}
{"timestamp":"2025-05-08T12:04:49.530Z","userId":681,"action":"view","resourceType":"HealthData","resourceId":"latest","details":"MongoDB view on HealthData","userIp":"","userAgent":""}
{"timestamp":"2025-05-08T12:04:49.535Z","userId":681,"action":"view","resourceType":"HealthData","resourceId":"latest","details":"MongoDB view on HealthData","userIp":"","userAgent":""}
{"timestamp":"2025-05-08T12:04:49.539Z","userId":681,"action":"view","resourceType":"HealthData","resourceId":"latest","details":"MongoDB view on HealthData","userIp":"","userAgent":""}
{"timestamp":"2025-05-08T12:04:49.541Z","userId":681,"action":"view","resourceType":"HealthData","resourceId":"latest","details":"MongoDB view on HealthData","userIp":"","userAgent":""}
{"timestamp":"2025-05-08T12:04:49.547Z","userId":681,"action":"view","resourceType":"HealthData","resourceId":"latest","details":"MongoDB view on HealthData","userIp":"","userAgent":""}
{"timestamp":"2025-05-08T12:04:49.553Z","userId":681,"action":"view","resourceType":"HealthData","resourceId":"latest","details":"MongoDB view on HealthData","userIp":"","userAgent":""}
{"timestamp":"2025-05-08T12:04:49.557Z","userId":681,"action":"view","resourceType":"HealthData","resourceId":"latest","details":"MongoDB view on HealthData","userIp":"","userAgent":""}
{"timestamp":"2025-05-08T12:04:49.562Z","userId":681,"action":"view","resourceType":"HealthData","resourceId":"latest","details":"MongoDB view on HealthData","userIp":"","userAgent":""}
{"timestamp":"2025-05-08T12:04:49.567Z","userId":681,"action":"view","resourceType":"HealthData","resourceId":"latest","details":"MongoDB view on HealthData","userIp":"","userAgent":""}
{"timestamp":"2025-05-08T12:04:49.572Z","userId":681,"action":"view","resourceType":"HealthData","resourceId":"latest","details":"MongoDB view on HealthData","userIp":"","userAgent":""}
{"timestamp":"2025-05-08T12:04:49.577Z","userId":681,"action":"view","resourceType":"HealthData","resourceId":"latest","details":"MongoDB view on HealthData","userIp":"","userAgent":""}
{"timestamp":"2025-05-08T12:04:49.581Z","userId":681,"action":"view","resourceType":"HealthData","resourceId":"latest","details":"MongoDB view on HealthData","userIp":"","userAgent":""}
{"timestamp":"2025-05-08T12:04:49.587Z","userId":681,"action":"view","resourceType":"HealthData","resourceId":"latest","details":"MongoDB view on HealthData","userIp":"","userAgent":""}
{"timestamp":"2025-05-08T12:04:49.592Z","userId":681,"action":"view","resourceType":"HealthData","resourceId":"latest","details":"MongoDB view on HealthData","userIp":"","userAgent":""}
{"timestamp":"2025-05-08T12:04:49.597Z","userId":681,"action":"view","resourceType":"HealthData","resourceId":"latest","details":"MongoDB view on HealthData","userIp":"","userAgent":""}
{"timestamp":"2025-05-08T12:04:49.603Z","userId":681,"action":"view","resourceType":"HealthData","resourceId":"latest","details":"MongoDB view on HealthData","userIp":"","userAgent":""}
{"timestamp":"2025-05-08T12:04:49.608Z","userId":681,"action":"view","resourceType":"HealthData","resourceId":"latest","details":"MongoDB view on HealthData","userIp":"","userAgent":""}
{"timestamp":"2025-05-08T12:04:49.613Z","userId":681,"action":"view","resourceType":"HealthData","resourceId":"latest","details":"MongoDB view on HealthData","userIp":"","userAgent":""}
{"timestamp":"2025-05-08T12:04:49.619Z","userId":681,"action":"view","resourceType":"HealthData","resourceId":"latest","details":"MongoDB view on HealthData","userIp":"","userAgent":""}
{"timestamp":"2025-05-08T12:04:49.624Z","userId":681,"action":"view","resourceType":"HealthData","resourceId":"latest","details":"MongoDB view on HealthData","userIp":"","userAgent":""}
{"timestamp":"2025-05-08T12:04:49.629Z","userId":681,"action":"view","resourceType":"HealthData","resourceId":"latest","details":"MongoDB view on HealthData","userIp":"","userAgent":""}
{"timestamp":"2025-05-08T12:04:49.635Z","userId":681,"action":"view","resourceType":"HealthData","resourceId":"latest","details":"MongoDB view on HealthData","userIp":"","userAgent":""}
{"timestamp":"2025-05-08T12:04:49.640Z","userId":681,"action":"view","resourceType":"HealthData","resourceId":"latest","details":"MongoDB view on HealthData","userIp":"","userAgent":""}
{"timestamp":"2025-05-08T12:04:49.646Z","userId":681,"action":"view","resourceType":"HealthData","resourceId":"latest","details":"MongoDB view on HealthData","userIp":"","userAgent":""}
{"timestamp":"2025-05-08T12:04:49.652Z","userId":681,"action":"view","resourceType":"HealthData","resourceId":"latest","details":"MongoDB view on HealthData","userIp":"","userAgent":""}
{"timestamp":"2025-05-08T12:04:49.658Z","userId":681,"action":"view","resourceType":"HealthData","resourceId":"latest","details":"MongoDB view on HealthData","userIp":"","userAgent":""}
{"timestamp":"2025-05-08T12:04:49.664Z","userId":681,"action":"view","resourceType":"HealthData","resourceId":"latest","details":"MongoDB view on HealthData","userIp":"","userAgent":""}
{"timestamp":"2025-05-08T12:04:49.670Z","userId":681,"action":"view","resourceType":"HealthData","resourceId":"latest","details":"MongoDB view on HealthData","userIp":"","userAgent":""}
{"timestamp":"2025-05-08T12:04:49.675Z","userId":681,"action":"view","resourceType":"HealthData","resourceId":"latest","details":"MongoDB view on HealthData","userIp":"","userAgent":""}
{"timestamp":"2025-05-08T12:04:49.681Z","userId":681,"action":"view","resourceType":"HealthData","resourceId":"latest","details":"MongoDB view on HealthData","userIp":"","userAgent":""}
{"timestamp":"2025-05-08T12:04:49.687Z","userId":681,"action":"view","resourceType":"HealthData","resourceId":"latest","details":"MongoDB view on HealthData","userIp":"","userAgent":""}
{"timestamp":"2025-05-08T12:04:49.693Z","userId":681,"action":"view","resourceType":"HealthData","resourceId":"latest","details":"MongoDB view on HealthData","userIp":"","userAgent":""}
{"timestamp":"2025-05-08T12:04:49.700Z","userId":681,"action":"view","resourceType":"HealthData","resourceId":"latest","details":"MongoDB view on HealthData","userIp":"","userAgent":""}
{"timestamp":"2025-05-08T12:04:49.706Z","userId":681,"action":"view","resourceType":"HealthData","resourceId":"latest","details":"MongoDB view on HealthData","userIp":"","userAgent":""}
{"timestamp":"2025-05-08T12:04:49.711Z","userId":681,"action":"view","resourceType":"HealthData","resourceId":"latest","details":"MongoDB view on HealthData","userIp":"","userAgent":""}
{"timestamp":"2025-05-08T12:04:49.721Z","userId":681,"action":"view","resourceType":"HealthData","resourceId":"latest","details":"MongoDB view on HealthData","userIp":"","userAgent":""}
{"timestamp":"2025-05-08T12:04:49.726Z","userId":681,"action":"view","resourceType":"HealthData","resourceId":"latest","details":"MongoDB view on HealthData","userIp":"","userAgent":""}
{"timestamp":"2025-05-08T12:04:49.732Z","userId":681,"action":"view","resourceType":"HealthData","resourceId":"latest","details":"MongoDB view on HealthData","userIp":"","userAgent":""}
{"timestamp":"2025-05-08T12:04:49.737Z","userId":681,"action":"view","resourceType":"HealthData","resourceId":"latest","details":"MongoDB view on HealthData","userIp":"","userAgent":""}
{"timestamp":"2025-05-08T12:04:49.743Z","userId":681,"action":"view","resourceType":"HealthData","resourceId":"latest","details":"MongoDB view on HealthData","userIp":"","userAgent":""}
{"timestamp":"2025-05-08T12:04:49.749Z","userId":681,"action":"view","resourceType":"HealthData","resourceId":"latest","details":"MongoDB view on HealthData","userIp":"","userAgent":""}
{"timestamp":"2025-05-08T12:04:49.754Z","userId":681,"action":"view","resourceType":"HealthData","resourceId":"latest","details":"MongoDB view on HealthData","userIp":"","userAgent":""}
{"timestamp":"2025-05-08T12:04:49.760Z","userId":681,"action":"view","resourceType":"HealthData","resourceId":"latest","details":"MongoDB view on HealthData","userIp":"","userAgent":""}
{"timestamp":"2025-05-08T12:04:49.765Z","userId":681,"action":"view","resourceType":"HealthData","resourceId":"latest","details":"MongoDB view on HealthData","userIp":"","userAgent":""}
{"timestamp":"2025-05-08T12:04:49.771Z","userId":681,"action":"view","resourceType":"HealthData","resourceId":"latest","details":"MongoDB view on HealthData","userIp":"","userAgent":""}
{"timestamp":"2025-05-08T12:04:49.777Z","userId":681,"action":"view","resourceType":"HealthData","resourceId":"latest","details":"MongoDB view on HealthData","userIp":"","userAgent":""}
{"timestamp":"2025-05-08T12:04:49.782Z","userId":681,"action":"view","resourceType":"HealthData","resourceId":"latest","details":"MongoDB view on HealthData","userIp":"","userAgent":""}
{"timestamp":"2025-05-08T12:04:49.788Z","userId":681,"action":"view","resourceType":"HealthData","resourceId":"latest","details":"MongoDB view on HealthData","userIp":"","userAgent":""}
{"timestamp":"2025-05-08T12:04:49.793Z","userId":681,"action":"view","resourceType":"HealthData","resourceId":"latest","details":"MongoDB view on HealthData","userIp":"","userAgent":""}
{"timestamp":"2025-05-08T12:04:49.798Z","userId":681,"action":"view","resourceType":"HealthData","resourceId":"latest","details":"MongoDB view on HealthData","userIp":"","userAgent":""}
{"timestamp":"2025-05-08T12:04:49.804Z","userId":681,"action":"view","resourceType":"HealthData","resourceId":"latest","details":"MongoDB view on HealthData","userIp":"","userAgent":""}
{"timestamp":"2025-05-08T12:04:49.810Z","userId":681,"action":"view","resourceType":"HealthData","resourceId":"latest","details":"MongoDB view on HealthData","userIp":"","userAgent":""}
{"timestamp":"2025-05-08T12:04:49.816Z","userId":681,"action":"view","resourceType":"HealthData","resourceId":"latest","details":"MongoDB view on HealthData","userIp":"","userAgent":""}
{"timestamp":"2025-05-08T12:04:49.822Z","userId":681,"action":"view","resourceType":"HealthData","resourceId":"latest","details":"MongoDB view on HealthData","userIp":"","userAgent":""}
{"timestamp":"2025-05-08T12:04:49.827Z","userId":681,"action":"view","resourceType":"HealthData","resourceId":"latest","details":"MongoDB view on HealthData","userIp":"","userAgent":""}
{"timestamp":"2025-05-08T12:04:49.834Z","userId":681,"action":"view","resourceType":"HealthData","resourceId":"latest","details":"MongoDB view on HealthData","userIp":"","userAgent":""}
{"timestamp":"2025-05-08T12:04:49.840Z","userId":681,"action":"view","resourceType":"HealthData","resourceId":"latest","details":"MongoDB view on HealthData","userIp":"","userAgent":""}
{"timestamp":"2025-05-08T12:04:49.846Z","userId":681,"action":"view","resourceType":"HealthData","resourceId":"latest","details":"MongoDB view on HealthData","userIp":"","userAgent":""}
{"timestamp":"2025-05-08T12:04:49.853Z","userId":681,"action":"view","resourceType":"HealthData","resourceId":"latest","details":"MongoDB view on HealthData","userIp":"","userAgent":""}
{"timestamp":"2025-05-08T12:04:49.859Z","userId":681,"action":"view","resourceType":"HealthData","resourceId":"latest","details":"MongoDB view on HealthData","userIp":"","userAgent":""}
{"timestamp":"2025-05-08T12:04:49.865Z","userId":681,"action":"view","resourceType":"HealthData","resourceId":"latest","details":"MongoDB view on HealthData","userIp":"","userAgent":""}
{"timestamp":"2025-05-08T12:04:49.871Z","userId":681,"action":"view","resourceType":"HealthData","resourceId":"latest","details":"MongoDB view on HealthData","userIp":"","userAgent":""}
{"timestamp":"2025-05-08T12:04:49.876Z","userId":681,"action":"view","resourceType":"HealthData","resourceId":"latest","details":"MongoDB view on HealthData","userIp":"","userAgent":""}
{"timestamp":"2025-05-08T12:04:49.883Z","userId":681,"action":"view","resourceType":"HealthData","resourceId":"latest","details":"MongoDB view on HealthData","userIp":"","userAgent":""}
{"timestamp":"2025-05-08T12:04:49.888Z","userId":681,"action":"view","resourceType":"HealthData","resourceId":"latest","details":"MongoDB view on HealthData","userIp":"","userAgent":""}
{"timestamp":"2025-05-08T12:04:49.894Z","userId":681,"action":"view","resourceType":"HealthData","resourceId":"latest","details":"MongoDB view on HealthData","userIp":"","userAgent":""}
{"timestamp":"2025-05-08T12:04:49.900Z","userId":681,"action":"view","resourceType":"HealthData","resourceId":"latest","details":"MongoDB view on HealthData","userIp":"","userAgent":""}
{"timestamp":"2025-05-08T12:04:49.905Z","userId":681,"action":"view","resourceType":"HealthData","resourceId":"latest","details":"MongoDB view on HealthData","userIp":"","userAgent":""}
{"timestamp":"2025-05-08T12:04:49.911Z","userId":681,"action":"view","resourceType":"HealthData","resourceId":"latest","details":"MongoDB view on HealthData","userIp":"","userAgent":""}
{"timestamp":"2025-05-08T12:04:49.917Z","userId":681,"action":"view","resourceType":"HealthData","resourceId":"latest","details":"MongoDB view on HealthData","userIp":"","userAgent":""}
{"timestamp":"2025-05-08T12:04:49.923Z","userId":681,"action":"view","resourceType":"HealthData","resourceId":"latest","details":"MongoDB view on HealthData","userIp":"","userAgent":""}
{"timestamp":"2025-05-08T12:04:49.928Z","userId":681,"action":"view","resourceType":"HealthData","resourceId":"latest","details":"MongoDB view on HealthData","userIp":"","userAgent":""}
{"timestamp":"2025-05-08T12:04:49.933Z","userId":681,"action":"view","resourceType":"HealthData","resourceId":"latest","details":"MongoDB view on HealthData","userIp":"","userAgent":""}
{"timestamp":"2025-05-08T12:04:49.937Z","userId":681,"action":"view","resourceType":"HealthData","resourceId":"latest","details":"MongoDB view on HealthData","userIp":"","userAgent":""}
{"timestamp":"2025-05-08T12:04:49.941Z","userId":681,"action":"view","resourceType":"HealthData","resourceId":"latest","details":"MongoDB view on HealthData","userIp":"","userAgent":""}
{"timestamp":"2025-05-08T12:04:49.948Z","userId":681,"action":"view","resourceType":"HealthData","resourceId":"latest","details":"MongoDB view on HealthData","userIp":"","userAgent":""}
{"timestamp":"2025-05-08T12:04:49.961Z","userId":681,"action":"view","resourceType":"HealthData","resourceId":"latest","details":"MongoDB view on HealthData","userIp":"","userAgent":""}
{"timestamp":"2025-05-08T12:04:49.978Z","userId":681,"action":"view","resourceType":"HealthData","resourceId":"latest","details":"MongoDB view on HealthData","userIp":"","userAgent":""}
{"timestamp":"2025-05-08T12:04:50.001Z","userId":681,"action":"view","resourceType":"HealthData","resourceId":"latest","details":"MongoDB view on HealthData","userIp":"","userAgent":""}
{"timestamp":"2025-05-08T12:04:50.021Z","userId":681,"action":"view","resourceType":"HealthData","resourceId":"latest","details":"MongoDB view on HealthData","userIp":"","userAgent":""}
{"timestamp":"2025-05-08T12:04:50.042Z","userId":681,"action":"view","resourceType":"HealthData","resourceId":"latest","details":"MongoDB view on HealthData","userIp":"","userAgent":""}
{"timestamp":"2025-05-08T12:04:50.053Z","userId":681,"action":"view","resourceType":"HealthData","resourceId":"latest","details":"MongoDB view on HealthData","userIp":"","userAgent":""}
{"timestamp":"2025-05-08T12:04:50.058Z","userId":681,"action":"view","resourceType":"HealthData","resourceId":"latest","details":"MongoDB view on HealthData","userIp":"","userAgent":""}
{"timestamp":"2025-05-08T12:04:50.065Z","userId":681,"action":"view","resourceType":"HealthData","resourceId":"latest","details":"MongoDB view on HealthData","userIp":"","userAgent":""}
{"timestamp":"2025-05-08T12:04:50.078Z","userId":681,"action":"view","resourceType":"HealthData","resourceId":"latest","details":"MongoDB view on HealthData","userIp":"","userAgent":""}
{"timestamp":"2025-05-08T12:04:50.086Z","userId":681,"action":"view","resourceType":"HealthData","resourceId":"latest","details":"MongoDB view on HealthData","userIp":"","userAgent":""}
{"timestamp":"2025-05-08T12:04:50.091Z","userId":681,"action":"view","resourceType":"HealthData","resourceId":"latest","details":"MongoDB view on HealthData","userIp":"","userAgent":""}
{"timestamp":"2025-05-08T12:04:50.096Z","userId":681,"action":"view","resourceType":"HealthData","resourceId":"latest","details":"MongoDB view on HealthData","userIp":"","userAgent":""}
{"timestamp":"2025-05-08T12:04:50.101Z","userId":681,"action":"view","resourceType":"HealthData","resourceId":"latest","details":"MongoDB view on HealthData","userIp":"","userAgent":""}
{"timestamp":"2025-05-08T12:04:50.106Z","userId":681,"action":"view","resourceType":"HealthData","resourceId":"latest","details":"MongoDB view on HealthData","userIp":"","userAgent":""}
{"timestamp":"2025-05-08T12:04:50.111Z","userId":681,"action":"view","resourceType":"HealthData","resourceId":"latest","details":"MongoDB view on HealthData","userIp":"","userAgent":""}
{"timestamp":"2025-05-08T12:04:50.116Z","userId":681,"action":"view","resourceType":"HealthData","resourceId":"latest","details":"MongoDB view on HealthData","userIp":"","userAgent":""}
{"timestamp":"2025-05-08T12:04:50.121Z","userId":681,"action":"view","resourceType":"HealthData","resourceId":"latest","details":"MongoDB view on HealthData","userIp":"","userAgent":""}
{"timestamp":"2025-05-08T12:04:50.125Z","userId":681,"action":"view","resourceType":"HealthData","resourceId":"latest","details":"MongoDB view on HealthData","userIp":"","userAgent":""}
{"timestamp":"2025-05-08T12:04:50.131Z","userId":681,"action":"view","resourceType":"HealthData","resourceId":"latest","details":"MongoDB view on HealthData","userIp":"","userAgent":""}
{"timestamp":"2025-05-08T12:04:50.136Z","userId":681,"action":"view","resourceType":"HealthData","resourceId":"latest","details":"MongoDB view on HealthData","userIp":"","userAgent":""}
{"timestamp":"2025-05-08T12:04:50.141Z","userId":681,"action":"view","resourceType":"HealthData","resourceId":"latest","details":"MongoDB view on HealthData","userIp":"","userAgent":""}
{"timestamp":"2025-05-08T12:04:50.146Z","userId":681,"action":"view","resourceType":"HealthData","resourceId":"latest","details":"MongoDB view on HealthData","userIp":"","userAgent":""}
{"timestamp":"2025-05-08T12:04:50.151Z","userId":681,"action":"view","resourceType":"HealthData","resourceId":"latest","details":"MongoDB view on HealthData","userIp":"","userAgent":""}
{"timestamp":"2025-05-08T12:04:50.156Z","userId":681,"action":"view","resourceType":"HealthData","resourceId":"latest","details":"MongoDB view on HealthData","userIp":"","userAgent":""}
{"timestamp":"2025-05-08T12:04:50.162Z","userId":681,"action":"view","resourceType":"HealthData","resourceId":"latest","details":"MongoDB view on HealthData","userIp":"","userAgent":""}
{"timestamp":"2025-05-08T12:04:50.167Z","userId":681,"action":"view","resourceType":"HealthData","resourceId":"latest","details":"MongoDB view on HealthData","userIp":"","userAgent":""}
{"timestamp":"2025-05-08T12:04:50.173Z","userId":681,"action":"view","resourceType":"HealthData","resourceId":"latest","details":"MongoDB view on HealthData","userIp":"","userAgent":""}
{"timestamp":"2025-05-08T12:04:50.178Z","userId":681,"action":"view","resourceType":"HealthData","resourceId":"latest","details":"MongoDB view on HealthData","userIp":"","userAgent":""}
{"timestamp":"2025-05-08T12:04:50.183Z","userId":681,"action":"view","resourceType":"HealthData","resourceId":"latest","details":"MongoDB view on HealthData","userIp":"","userAgent":""}
{"timestamp":"2025-05-08T12:04:50.189Z","userId":681,"action":"view","resourceType":"HealthData","resourceId":"latest","details":"MongoDB view on HealthData","userIp":"","userAgent":""}
{"timestamp":"2025-05-08T12:04:50.194Z","userId":681,"action":"view","resourceType":"HealthData","resourceId":"latest","details":"MongoDB view on HealthData","userIp":"","userAgent":""}
{"timestamp":"2025-05-08T12:04:50.200Z","userId":681,"action":"view","resourceType":"HealthData","resourceId":"latest","details":"MongoDB view on HealthData","userIp":"","userAgent":""}
{"timestamp":"2025-05-08T12:04:50.205Z","userId":681,"action":"view","resourceType":"HealthData","resourceId":"latest","details":"MongoDB view on HealthData","userIp":"","userAgent":""}
{"timestamp":"2025-05-08T12:04:50.211Z","userId":681,"action":"view","resourceType":"HealthData","resourceId":"latest","details":"MongoDB view on HealthData","userIp":"","userAgent":""}
{"timestamp":"2025-05-08T12:04:50.217Z","userId":681,"action":"view","resourceType":"HealthData","resourceId":"latest","details":"MongoDB view on HealthData","userIp":"","userAgent":""}
{"timestamp":"2025-05-08T12:04:50.223Z","userId":681,"action":"view","resourceType":"HealthData","resourceId":"latest","details":"MongoDB view on HealthData","userIp":"","userAgent":""}
{"timestamp":"2025-05-08T12:04:50.228Z","userId":681,"action":"view","resourceType":"HealthData","resourceId":"latest","details":"MongoDB view on HealthData","userIp":"","userAgent":""}
{"timestamp":"2025-05-08T12:04:50.235Z","userId":681,"action":"view","resourceType":"HealthData","resourceId":"latest","details":"MongoDB view on HealthData","userIp":"","userAgent":""}
{"timestamp":"2025-05-08T12:04:50.241Z","userId":681,"action":"view","resourceType":"HealthData","resourceId":"latest","details":"MongoDB view on HealthData","userIp":"","userAgent":""}
{"timestamp":"2025-05-08T12:04:50.248Z","userId":681,"action":"view","resourceType":"HealthData","resourceId":"latest","details":"MongoDB view on HealthData","userIp":"","userAgent":""}
{"timestamp":"2025-05-08T12:04:50.253Z","userId":681,"action":"view","resourceType":"HealthData","resourceId":"latest","details":"MongoDB view on HealthData","userIp":"","userAgent":""}
{"timestamp":"2025-05-08T12:04:50.259Z","userId":681,"action":"view","resourceType":"HealthData","resourceId":"latest","details":"MongoDB view on HealthData","userIp":"","userAgent":""}
{"timestamp":"2025-05-08T12:04:50.267Z","userId":681,"action":"view","resourceType":"HealthData","resourceId":"latest","details":"MongoDB view on HealthData","userIp":"","userAgent":""}
{"timestamp":"2025-05-08T12:04:50.273Z","userId":681,"action":"view","resourceType":"HealthData","resourceId":"latest","details":"MongoDB view on HealthData","userIp":"","userAgent":""}
{"timestamp":"2025-05-08T12:04:50.280Z","userId":681,"action":"view","resourceType":"HealthData","resourceId":"latest","details":"MongoDB view on HealthData","userIp":"","userAgent":""}
{"timestamp":"2025-05-08T12:04:50.287Z","userId":681,"action":"view","resourceType":"HealthData","resourceId":"latest","details":"MongoDB view on HealthData","userIp":"","userAgent":""}
{"timestamp":"2025-05-08T12:04:50.294Z","userId":681,"action":"view","resourceType":"HealthData","resourceId":"latest","details":"MongoDB view on HealthData","userIp":"","userAgent":""}
{"timestamp":"2025-05-08T12:04:50.300Z","userId":681,"action":"view","resourceType":"HealthData","resourceId":"latest","details":"MongoDB view on HealthData","userIp":"","userAgent":""}
{"timestamp":"2025-05-08T12:04:50.306Z","userId":681,"action":"view","resourceType":"HealthData","resourceId":"latest","details":"MongoDB view on HealthData","userIp":"","userAgent":""}
{"timestamp":"2025-05-08T12:04:50.313Z","userId":681,"action":"view","resourceType":"HealthData","resourceId":"latest","details":"MongoDB view on HealthData","userIp":"","userAgent":""}
{"timestamp":"2025-05-08T12:04:50.321Z","userId":681,"action":"view","resourceType":"HealthData","resourceId":"latest","details":"MongoDB view on HealthData","userIp":"","userAgent":""}
{"timestamp":"2025-05-08T12:04:50.327Z","userId":681,"action":"view","resourceType":"HealthData","resourceId":"latest","details":"MongoDB view on HealthData","userIp":"","userAgent":""}
{"timestamp":"2025-05-08T12:04:50.332Z","userId":681,"action":"view","resourceType":"HealthData","resourceId":"latest","details":"MongoDB view on HealthData","userIp":"","userAgent":""}
{"timestamp":"2025-05-08T12:04:50.338Z","userId":681,"action":"view","resourceType":"HealthData","resourceId":"latest","details":"MongoDB view on HealthData","userIp":"","userAgent":""}
{"timestamp":"2025-05-08T12:04:50.345Z","userId":681,"action":"view","resourceType":"HealthData","resourceId":"latest","details":"MongoDB view on HealthData","userIp":"","userAgent":""}
{"timestamp":"2025-05-08T12:04:50.351Z","userId":681,"action":"view","resourceType":"HealthData","resourceId":"latest","details":"MongoDB view on HealthData","userIp":"","userAgent":""}
{"timestamp":"2025-05-08T12:04:50.358Z","userId":681,"action":"view","resourceType":"HealthData","resourceId":"latest","details":"MongoDB view on HealthData","userIp":"","userAgent":""}
{"timestamp":"2025-05-08T12:04:50.364Z","userId":681,"action":"view","resourceType":"HealthData","resourceId":"latest","details":"MongoDB view on HealthData","userIp":"","userAgent":""}
{"timestamp":"2025-05-08T12:04:50.371Z","userId":681,"action":"view","resourceType":"HealthData","resourceId":"latest","details":"MongoDB view on HealthData","userIp":"","userAgent":""}
{"timestamp":"2025-05-08T12:04:50.378Z","userId":681,"action":"view","resourceType":"HealthData","resourceId":"latest","details":"MongoDB view on HealthData","userIp":"","userAgent":""}
{"timestamp":"2025-05-08T12:04:50.384Z","userId":681,"action":"view","resourceType":"HealthData","resourceId":"latest","details":"MongoDB view on HealthData","userIp":"","userAgent":""}
{"timestamp":"2025-05-08T12:04:50.390Z","userId":681,"action":"view","resourceType":"HealthData","resourceId":"latest","details":"MongoDB view on HealthData","userIp":"","userAgent":""}
{"timestamp":"2025-05-08T12:04:50.396Z","userId":681,"action":"view","resourceType":"HealthData","resourceId":"latest","details":"MongoDB view on HealthData","userIp":"","userAgent":""}
{"timestamp":"2025-05-08T12:04:50.402Z","userId":681,"action":"view","resourceType":"HealthData","resourceId":"latest","details":"MongoDB view on HealthData","userIp":"","userAgent":""}
{"timestamp":"2025-05-08T12:04:50.407Z","userId":681,"action":"view","resourceType":"HealthData","resourceId":"latest","details":"MongoDB view on HealthData","userIp":"","userAgent":""}
{"timestamp":"2025-05-08T12:04:50.412Z","userId":681,"action":"view","resourceType":"HealthData","resourceId":"latest","details":"MongoDB view on HealthData","userIp":"","userAgent":""}
{"timestamp":"2025-05-08T12:04:50.418Z","userId":681,"action":"view","resourceType":"HealthData","resourceId":"latest","details":"MongoDB view on HealthData","userIp":"","userAgent":""}
{"timestamp":"2025-05-08T12:04:50.424Z","userId":681,"action":"view","resourceType":"HealthData","resourceId":"latest","details":"MongoDB view on HealthData","userIp":"","userAgent":""}
{"timestamp":"2025-05-08T12:04:50.429Z","userId":681,"action":"view","resourceType":"HealthData","resourceId":"latest","details":"MongoDB view on HealthData","userIp":"","userAgent":""}
{"timestamp":"2025-05-08T12:04:50.434Z","userId":681,"action":"view","resourceType":"HealthData","resourceId":"latest","details":"MongoDB view on HealthData","userIp":"","userAgent":""}
{"timestamp":"2025-05-08T12:04:50.440Z","userId":681,"action":"view","resourceType":"HealthData","resourceId":"latest","details":"MongoDB view on HealthData","userIp":"","userAgent":""}
{"timestamp":"2025-05-08T12:04:50.445Z","userId":681,"action":"view","resourceType":"HealthData","resourceId":"latest","details":"MongoDB view on HealthData","userIp":"","userAgent":""}
{"timestamp":"2025-05-08T12:04:50.451Z","userId":681,"action":"view","resourceType":"HealthData","resourceId":"latest","details":"MongoDB view on HealthData","userIp":"","userAgent":""}
{"timestamp":"2025-05-08T12:04:50.457Z","userId":681,"action":"view","resourceType":"HealthData","resourceId":"latest","details":"MongoDB view on HealthData","userIp":"","userAgent":""}
{"timestamp":"2025-05-08T12:04:50.462Z","userId":681,"action":"view","resourceType":"HealthData","resourceId":"latest","details":"MongoDB view on HealthData","userIp":"","userAgent":""}
{"timestamp":"2025-05-08T12:04:50.465Z","userId":681,"action":"view","resourceType":"HealthData","resourceId":"latest","details":"MongoDB view on HealthData","userIp":"","userAgent":""}
{"timestamp":"2025-05-08T12:04:50.469Z","userId":681,"action":"view","resourceType":"HealthData","resourceId":"latest","details":"MongoDB view on HealthData","userIp":"","userAgent":""}
{"timestamp":"2025-05-08T12:04:50.474Z","userId":681,"action":"view","resourceType":"HealthData","resourceId":"latest","details":"MongoDB view on HealthData","userIp":"","userAgent":""}
{"timestamp":"2025-05-08T12:04:50.479Z","userId":681,"action":"view","resourceType":"HealthData","resourceId":"latest","details":"MongoDB view on HealthData","userIp":"","userAgent":""}
{"timestamp":"2025-05-08T12:04:50.484Z","userId":681,"action":"view","resourceType":"HealthData","resourceId":"latest","details":"MongoDB view on HealthData","userIp":"","userAgent":""}
{"timestamp":"2025-05-08T12:04:50.489Z","userId":681,"action":"view","resourceType":"HealthData","resourceId":"latest","details":"MongoDB view on HealthData","userIp":"","userAgent":""}
{"timestamp":"2025-05-08T12:04:50.494Z","userId":681,"action":"view","resourceType":"HealthData","resourceId":"latest","details":"MongoDB view on HealthData","userIp":"","userAgent":""}
{"timestamp":"2025-05-08T12:04:50.499Z","userId":681,"action":"view","resourceType":"HealthData","resourceId":"latest","details":"MongoDB view on HealthData","userIp":"","userAgent":""}
{"timestamp":"2025-05-08T12:04:50.504Z","userId":681,"action":"view","resourceType":"HealthData","resourceId":"latest","details":"MongoDB view on HealthData","userIp":"","userAgent":""}
{"timestamp":"2025-05-08T12:04:50.509Z","userId":681,"action":"view","resourceType":"HealthData","resourceId":"latest","details":"MongoDB view on HealthData","userIp":"","userAgent":""}
{"timestamp":"2025-05-08T12:04:50.514Z","userId":681,"action":"view","resourceType":"HealthData","resourceId":"latest","details":"MongoDB view on HealthData","userIp":"","userAgent":""}
{"timestamp":"2025-05-08T12:04:50.520Z","userId":681,"action":"view","resourceType":"HealthData","resourceId":"latest","details":"MongoDB view on HealthData","userIp":"","userAgent":""}
{"timestamp":"2025-05-08T12:04:50.525Z","userId":681,"action":"view","resourceType":"HealthData","resourceId":"latest","details":"MongoDB view on HealthData","userIp":"","userAgent":""}
{"timestamp":"2025-05-08T12:04:50.530Z","userId":681,"action":"view","resourceType":"HealthData","resourceId":"latest","details":"MongoDB view on HealthData","userIp":"","userAgent":""}
{"timestamp":"2025-05-08T12:04:50.535Z","userId":681,"action":"view","resourceType":"HealthData","resourceId":"latest","details":"MongoDB view on HealthData","userIp":"","userAgent":""}
{"timestamp":"2025-05-08T12:04:50.541Z","userId":681,"action":"view","resourceType":"HealthData","resourceId":"latest","details":"MongoDB view on HealthData","userIp":"","userAgent":""}
{"timestamp":"2025-05-08T12:04:50.546Z","userId":681,"action":"view","resourceType":"HealthData","resourceId":"latest","details":"MongoDB view on HealthData","userIp":"","userAgent":""}
{"timestamp":"2025-05-08T12:04:50.551Z","userId":681,"action":"view","resourceType":"HealthData","resourceId":"latest","details":"MongoDB view on HealthData","userIp":"","userAgent":""}
{"timestamp":"2025-05-08T12:04:50.557Z","userId":681,"action":"view","resourceType":"HealthData","resourceId":"latest","details":"MongoDB view on HealthData","userIp":"","userAgent":""}
{"timestamp":"2025-05-08T12:04:50.562Z","userId":681,"action":"view","resourceType":"HealthData","resourceId":"latest","details":"MongoDB view on HealthData","userIp":"","userAgent":""}
{"timestamp":"2025-05-08T12:04:50.568Z","userId":681,"action":"view","resourceType":"HealthData","resourceId":"latest","details":"MongoDB view on HealthData","userIp":"","userAgent":""}
{"timestamp":"2025-05-08T12:04:50.573Z","userId":681,"action":"view","resourceType":"HealthData","resourceId":"latest","details":"MongoDB view on HealthData","userIp":"","userAgent":""}
{"timestamp":"2025-05-08T12:04:50.579Z","userId":681,"action":"view","resourceType":"HealthData","resourceId":"latest","details":"MongoDB view on HealthData","userIp":"","userAgent":""}
{"timestamp":"2025-05-08T12:04:50.584Z","userId":681,"action":"view","resourceType":"HealthData","resourceId":"latest","details":"MongoDB view on HealthData","userIp":"","userAgent":""}
{"timestamp":"2025-05-08T12:04:50.589Z","userId":681,"action":"view","resourceType":"HealthData","resourceId":"latest","details":"MongoDB view on HealthData","userIp":"","userAgent":""}
{"timestamp":"2025-05-08T12:04:50.594Z","userId":681,"action":"view","resourceType":"HealthData","resourceId":"latest","details":"MongoDB view on HealthData","userIp":"","userAgent":""}
{"timestamp":"2025-05-08T12:04:50.599Z","userId":681,"action":"view","resourceType":"HealthData","resourceId":"latest","details":"MongoDB view on HealthData","userIp":"","userAgent":""}
{"timestamp":"2025-05-08T12:04:50.605Z","userId":681,"action":"view","resourceType":"HealthData","resourceId":"latest","details":"MongoDB view on HealthData","userIp":"","userAgent":""}
{"timestamp":"2025-05-08T12:04:50.610Z","userId":681,"action":"view","resourceType":"HealthData","resourceId":"latest","details":"MongoDB view on HealthData","userIp":"","userAgent":""}
{"timestamp":"2025-05-08T12:04:50.615Z","userId":681,"action":"view","resourceType":"HealthData","resourceId":"latest","details":"MongoDB view on HealthData","userIp":"","userAgent":""}
{"timestamp":"2025-05-08T12:04:50.621Z","userId":681,"action":"view","resourceType":"HealthData","resourceId":"latest","details":"MongoDB view on HealthData","userIp":"","userAgent":""}
{"timestamp":"2025-05-08T12:04:50.627Z","userId":681,"action":"view","resourceType":"HealthData","resourceId":"latest","details":"MongoDB view on HealthData","userIp":"","userAgent":""}
{"timestamp":"2025-05-08T12:04:50.632Z","userId":681,"action":"view","resourceType":"HealthData","resourceId":"latest","details":"MongoDB view on HealthData","userIp":"","userAgent":""}
{"timestamp":"2025-05-08T12:04:50.637Z","userId":681,"action":"view","resourceType":"HealthData","resourceId":"latest","details":"MongoDB view on HealthData","userIp":"","userAgent":""}
{"timestamp":"2025-05-08T12:04:50.641Z","userId":681,"action":"view","resourceType":"HealthData","resourceId":"latest","details":"MongoDB view on HealthData","userIp":"","userAgent":""}
{"timestamp":"2025-05-08T12:04:50.646Z","userId":681,"action":"view","resourceType":"HealthData","resourceId":"latest","details":"MongoDB view on HealthData","userIp":"","userAgent":""}
{"timestamp":"2025-05-08T12:04:50.652Z","userId":681,"action":"view","resourceType":"HealthData","resourceId":"latest","details":"MongoDB view on HealthData","userIp":"","userAgent":""}
{"timestamp":"2025-05-08T12:04:50.656Z","userId":681,"action":"view","resourceType":"HealthData","resourceId":"latest","details":"MongoDB view on HealthData","userIp":"","userAgent":""}
{"timestamp":"2025-05-08T12:04:50.661Z","userId":681,"action":"view","resourceType":"HealthData","resourceId":"latest","details":"MongoDB view on HealthData","userIp":"","userAgent":""}
{"timestamp":"2025-05-08T12:04:50.667Z","userId":681,"action":"view","resourceType":"HealthData","resourceId":"latest","details":"MongoDB view on HealthData","userIp":"","userAgent":""}
{"timestamp":"2025-05-08T12:04:50.672Z","userId":681,"action":"view","resourceType":"HealthData","resourceId":"latest","details":"MongoDB view on HealthData","userIp":"","userAgent":""}
{"timestamp":"2025-05-08T12:04:50.677Z","userId":681,"action":"view","resourceType":"HealthData","resourceId":"latest","details":"MongoDB view on HealthData","userIp":"","userAgent":""}
{"timestamp":"2025-05-08T12:04:50.682Z","userId":681,"action":"view","resourceType":"HealthData","resourceId":"latest","details":"MongoDB view on HealthData","userIp":"","userAgent":""}
{"timestamp":"2025-05-08T12:04:50.687Z","userId":681,"action":"view","resourceType":"HealthData","resourceId":"latest","details":"MongoDB view on HealthData","userIp":"","userAgent":""}
{"timestamp":"2025-05-08T12:04:50.692Z","userId":681,"action":"view","resourceType":"HealthData","resourceId":"latest","details":"MongoDB view on HealthData","userIp":"","userAgent":""}
{"timestamp":"2025-05-08T12:04:50.697Z","userId":681,"action":"view","resourceType":"HealthData","resourceId":"latest","details":"MongoDB view on HealthData","userIp":"","userAgent":""}
{"timestamp":"2025-05-08T12:04:50.703Z","userId":681,"action":"view","resourceType":"HealthData","resourceId":"latest","details":"MongoDB view on HealthData","userIp":"","userAgent":""}
{"timestamp":"2025-05-08T12:04:50.707Z","userId":681,"action":"view","resourceType":"HealthData","resourceId":"latest","details":"MongoDB view on HealthData","userIp":"","userAgent":""}
{"timestamp":"2025-05-08T12:04:50.712Z","userId":681,"action":"view","resourceType":"HealthData","resourceId":"latest","details":"MongoDB view on HealthData","userIp":"","userAgent":""}
{"timestamp":"2025-05-08T12:04:50.717Z","userId":681,"action":"view","resourceType":"HealthData","resourceId":"latest","details":"MongoDB view on HealthData","userIp":"","userAgent":""}
{"timestamp":"2025-05-08T12:04:50.722Z","userId":681,"action":"view","resourceType":"HealthData","resourceId":"latest","details":"MongoDB view on HealthData","userIp":"","userAgent":""}
{"timestamp":"2025-05-08T12:04:50.728Z","userId":681,"action":"view","resourceType":"HealthData","resourceId":"latest","details":"MongoDB view on HealthData","userIp":"","userAgent":""}
{"timestamp":"2025-05-08T12:04:50.732Z","userId":681,"action":"view","resourceType":"HealthData","resourceId":"latest","details":"MongoDB view on HealthData","userIp":"","userAgent":""}
{"timestamp":"2025-05-08T12:04:50.737Z","userId":681,"action":"view","resourceType":"HealthData","resourceId":"latest","details":"MongoDB view on HealthData","userIp":"","userAgent":""}
{"timestamp":"2025-05-08T12:04:50.742Z","userId":681,"action":"view","resourceType":"HealthData","resourceId":"latest","details":"MongoDB view on HealthData","userIp":"","userAgent":""}
{"timestamp":"2025-05-08T12:04:50.747Z","userId":681,"action":"view","resourceType":"HealthData","resourceId":"latest","details":"MongoDB view on HealthData","userIp":"","userAgent":""}
{"timestamp":"2025-05-08T12:04:50.752Z","userId":681,"action":"view","resourceType":"HealthData","resourceId":"latest","details":"MongoDB view on HealthData","userIp":"","userAgent":""}
{"timestamp":"2025-05-08T12:04:50.757Z","userId":681,"action":"view","resourceType":"HealthData","resourceId":"latest","details":"MongoDB view on HealthData","userIp":"","userAgent":""}
{"timestamp":"2025-05-08T12:04:50.763Z","userId":681,"action":"view","resourceType":"HealthData","resourceId":"latest","details":"MongoDB view on HealthData","userIp":"","userAgent":""}
{"timestamp":"2025-05-08T12:04:50.768Z","userId":681,"action":"view","resourceType":"HealthData","resourceId":"latest","details":"MongoDB view on HealthData","userIp":"","userAgent":""}
{"timestamp":"2025-05-08T12:04:50.774Z","userId":681,"action":"view","resourceType":"HealthData","resourceId":"latest","details":"MongoDB view on HealthData","userIp":"","userAgent":""}
{"timestamp":"2025-05-08T12:04:50.778Z","userId":681,"action":"view","resourceType":"HealthData","resourceId":"latest","details":"MongoDB view on HealthData","userIp":"","userAgent":""}
{"timestamp":"2025-05-08T12:04:50.784Z","userId":681,"action":"view","resourceType":"HealthData","resourceId":"latest","details":"MongoDB view on HealthData","userIp":"","userAgent":""}
{"timestamp":"2025-05-08T12:04:50.789Z","userId":681,"action":"view","resourceType":"HealthData","resourceId":"latest","details":"MongoDB view on HealthData","userIp":"","userAgent":""}
{"timestamp":"2025-05-08T12:04:50.794Z","userId":681,"action":"view","resourceType":"HealthData","resourceId":"latest","details":"MongoDB view on HealthData","userIp":"","userAgent":""}
{"timestamp":"2025-05-08T12:04:50.799Z","userId":681,"action":"view","resourceType":"HealthData","resourceId":"latest","details":"MongoDB view on HealthData","userIp":"","userAgent":""}
{"timestamp":"2025-05-08T12:04:50.804Z","userId":681,"action":"view","resourceType":"HealthData","resourceId":"latest","details":"MongoDB view on HealthData","userIp":"","userAgent":""}
{"timestamp":"2025-05-08T12:04:50.809Z","userId":681,"action":"view","resourceType":"HealthData","resourceId":"latest","details":"MongoDB view on HealthData","userIp":"","userAgent":""}
{"timestamp":"2025-05-08T12:04:50.814Z","userId":681,"action":"view","resourceType":"HealthData","resourceId":"latest","details":"MongoDB view on HealthData","userIp":"","userAgent":""}
{"timestamp":"2025-05-08T12:04:50.819Z","userId":681,"action":"view","resourceType":"HealthData","resourceId":"latest","details":"MongoDB view on HealthData","userIp":"","userAgent":""}
{"timestamp":"2025-05-08T12:04:50.823Z","userId":681,"action":"view","resourceType":"HealthData","resourceId":"latest","details":"MongoDB view on HealthData","userIp":"","userAgent":""}
{"timestamp":"2025-05-08T12:04:50.828Z","userId":681,"action":"view","resourceType":"HealthData","resourceId":"latest","details":"MongoDB view on HealthData","userIp":"","userAgent":""}
{"timestamp":"2025-05-08T12:04:50.833Z","userId":681,"action":"view","resourceType":"HealthData","resourceId":"latest","details":"MongoDB view on HealthData","userIp":"","userAgent":""}
{"timestamp":"2025-05-08T12:04:50.837Z","userId":681,"action":"view","resourceType":"HealthData","resourceId":"latest","details":"MongoDB view on HealthData","userIp":"","userAgent":""}
{"timestamp":"2025-05-08T12:04:50.842Z","userId":681,"action":"view","resourceType":"HealthData","resourceId":"latest","details":"MongoDB view on HealthData","userIp":"","userAgent":""}
{"timestamp":"2025-05-08T12:04:50.847Z","userId":681,"action":"view","resourceType":"HealthData","resourceId":"latest","details":"MongoDB view on HealthData","userIp":"","userAgent":""}
{"timestamp":"2025-05-08T12:04:50.852Z","userId":681,"action":"view","resourceType":"HealthData","resourceId":"latest","details":"MongoDB view on HealthData","userIp":"","userAgent":""}
{"timestamp":"2025-05-08T12:04:50.857Z","userId":681,"action":"view","resourceType":"HealthData","resourceId":"latest","details":"MongoDB view on HealthData","userIp":"","userAgent":""}
{"timestamp":"2025-05-08T12:04:50.861Z","userId":681,"action":"view","resourceType":"HealthData","resourceId":"latest","details":"MongoDB view on HealthData","userIp":"","userAgent":""}
{"timestamp":"2025-05-08T12:04:50.866Z","userId":681,"action":"view","resourceType":"HealthData","resourceId":"latest","details":"MongoDB view on HealthData","userIp":"","userAgent":""}
{"timestamp":"2025-05-08T12:04:50.870Z","userId":681,"action":"view","resourceType":"HealthData","resourceId":"latest","details":"MongoDB view on HealthData","userIp":"","userAgent":""}
{"timestamp":"2025-05-08T12:04:50.875Z","userId":681,"action":"view","resourceType":"HealthData","resourceId":"latest","details":"MongoDB view on HealthData","userIp":"","userAgent":""}
{"timestamp":"2025-05-08T12:04:50.881Z","userId":681,"action":"view","resourceType":"HealthData","resourceId":"latest","details":"MongoDB view on HealthData","userIp":"","userAgent":""}
{"timestamp":"2025-05-08T12:04:50.887Z","userId":681,"action":"view","resourceType":"HealthData","resourceId":"latest","details":"MongoDB view on HealthData","userIp":"","userAgent":""}
{"timestamp":"2025-05-08T12:04:50.891Z","userId":681,"action":"view","resourceType":"HealthData","resourceId":"latest","details":"MongoDB view on HealthData","userIp":"","userAgent":""}
{"timestamp":"2025-05-08T12:04:50.896Z","userId":681,"action":"view","resourceType":"HealthData","resourceId":"latest","details":"MongoDB view on HealthData","userIp":"","userAgent":""}
{"timestamp":"2025-05-08T12:04:50.902Z","userId":681,"action":"view","resourceType":"HealthData","resourceId":"latest","details":"MongoDB view on HealthData","userIp":"","userAgent":""}
{"timestamp":"2025-05-08T12:04:50.906Z","userId":681,"action":"view","resourceType":"HealthData","resourceId":"latest","details":"MongoDB view on HealthData","userIp":"","userAgent":""}
{"timestamp":"2025-05-08T12:04:50.911Z","userId":681,"action":"view","resourceType":"HealthData","resourceId":"latest","details":"MongoDB view on HealthData","userIp":"","userAgent":""}
{"timestamp":"2025-05-08T12:04:50.916Z","userId":681,"action":"view","resourceType":"HealthData","resourceId":"latest","details":"MongoDB view on HealthData","userIp":"","userAgent":""}
{"timestamp":"2025-05-08T12:04:50.921Z","userId":681,"action":"view","resourceType":"HealthData","resourceId":"latest","details":"MongoDB view on HealthData","userIp":"","userAgent":""}
{"timestamp":"2025-05-08T12:04:50.927Z","userId":681,"action":"view","resourceType":"HealthData","resourceId":"latest","details":"MongoDB view on HealthData","userIp":"","userAgent":""}
{"timestamp":"2025-05-08T12:04:50.933Z","userId":681,"action":"view","resourceType":"HealthData","resourceId":"latest","details":"MongoDB view on HealthData","userIp":"","userAgent":""}
{"timestamp":"2025-05-08T12:04:50.938Z","userId":681,"action":"view","resourceType":"HealthData","resourceId":"latest","details":"MongoDB view on HealthData","userIp":"","userAgent":""}
{"timestamp":"2025-05-08T12:04:50.943Z","userId":681,"action":"view","resourceType":"HealthData","resourceId":"latest","details":"MongoDB view on HealthData","userIp":"","userAgent":""}
{"timestamp":"2025-05-08T12:04:50.948Z","userId":681,"action":"view","resourceType":"HealthData","resourceId":"latest","details":"MongoDB view on HealthData","userIp":"","userAgent":""}
{"timestamp":"2025-05-08T12:04:50.953Z","userId":681,"action":"view","resourceType":"HealthData","resourceId":"latest","details":"MongoDB view on HealthData","userIp":"","userAgent":""}
{"timestamp":"2025-05-08T12:04:50.958Z","userId":681,"action":"view","resourceType":"HealthData","resourceId":"latest","details":"MongoDB view on HealthData","userIp":"","userAgent":""}
{"timestamp":"2025-05-08T12:04:50.963Z","userId":681,"action":"view","resourceType":"HealthData","resourceId":"latest","details":"MongoDB view on HealthData","userIp":"","userAgent":""}
{"timestamp":"2025-05-08T12:04:50.968Z","userId":681,"action":"view","resourceType":"HealthData","resourceId":"latest","details":"MongoDB view on HealthData","userIp":"","userAgent":""}
{"timestamp":"2025-05-08T12:04:50.973Z","userId":681,"action":"view","resourceType":"HealthData","resourceId":"latest","details":"MongoDB view on HealthData","userIp":"","userAgent":""}
{"timestamp":"2025-05-08T12:04:50.978Z","userId":681,"action":"view","resourceType":"HealthData","resourceId":"latest","details":"MongoDB view on HealthData","userIp":"","userAgent":""}
{"timestamp":"2025-05-08T12:04:50.984Z","userId":681,"action":"view","resourceType":"HealthData","resourceId":"latest","details":"MongoDB view on HealthData","userIp":"","userAgent":""}
{"timestamp":"2025-05-08T12:04:50.989Z","userId":681,"action":"view","resourceType":"HealthData","resourceId":"latest","details":"MongoDB view on HealthData","userIp":"","userAgent":""}
{"timestamp":"2025-05-08T12:04:50.994Z","userId":681,"action":"view","resourceType":"HealthData","resourceId":"latest","details":"MongoDB view on HealthData","userIp":"","userAgent":""}
{"timestamp":"2025-05-08T12:04:50.999Z","userId":681,"action":"view","resourceType":"HealthData","resourceId":"latest","details":"MongoDB view on HealthData","userIp":"","userAgent":""}
{"timestamp":"2025-05-08T12:04:51.006Z","userId":681,"action":"view","resourceType":"HealthData","resourceId":"latest","details":"MongoDB view on HealthData","userIp":"","userAgent":""}
{"timestamp":"2025-05-08T12:04:51.014Z","userId":681,"action":"view","resourceType":"HealthData","resourceId":"latest","details":"MongoDB view on HealthData","userIp":"","userAgent":""}
{"timestamp":"2025-05-08T12:04:51.021Z","userId":681,"action":"view","resourceType":"HealthData","resourceId":"latest","details":"MongoDB view on HealthData","userIp":"","userAgent":""}
{"timestamp":"2025-05-08T12:04:51.027Z","userId":681,"action":"view","resourceType":"HealthData","resourceId":"latest","details":"MongoDB view on HealthData","userIp":"","userAgent":""}
{"timestamp":"2025-05-08T12:04:51.032Z","userId":681,"action":"view","resourceType":"HealthData","resourceId":"latest","details":"MongoDB view on HealthData","userIp":"","userAgent":""}
{"timestamp":"2025-05-08T12:04:51.040Z","userId":681,"action":"view","resourceType":"HealthData","resourceId":"latest","details":"MongoDB view on HealthData","userIp":"","userAgent":""}
{"timestamp":"2025-05-08T12:04:51.045Z","userId":681,"action":"view","resourceType":"HealthData","resourceId":"latest","details":"MongoDB view on HealthData","userIp":"","userAgent":""}
{"timestamp":"2025-05-08T12:04:51.051Z","userId":681,"action":"view","resourceType":"HealthData","resourceId":"latest","details":"MongoDB view on HealthData","userIp":"","userAgent":""}
{"timestamp":"2025-05-08T12:04:51.057Z","userId":681,"action":"view","resourceType":"HealthData","resourceId":"latest","details":"MongoDB view on HealthData","userIp":"","userAgent":""}
{"timestamp":"2025-05-08T12:04:51.062Z","userId":681,"action":"view","resourceType":"HealthData","resourceId":"latest","details":"MongoDB view on HealthData","userIp":"","userAgent":""}
{"timestamp":"2025-05-08T12:04:51.068Z","userId":681,"action":"view","resourceType":"HealthData","resourceId":"latest","details":"MongoDB view on HealthData","userIp":"","userAgent":""}
{"timestamp":"2025-05-08T12:04:51.073Z","userId":681,"action":"view","resourceType":"HealthData","resourceId":"latest","details":"MongoDB view on HealthData","userIp":"","userAgent":""}
{"timestamp":"2025-05-08T12:04:51.078Z","userId":681,"action":"view","resourceType":"HealthData","resourceId":"latest","details":"MongoDB view on HealthData","userIp":"","userAgent":""}
{"timestamp":"2025-05-08T12:04:51.084Z","userId":681,"action":"view","resourceType":"HealthData","resourceId":"latest","details":"MongoDB view on HealthData","userIp":"","userAgent":""}
{"timestamp":"2025-05-08T12:04:51.089Z","userId":681,"action":"view","resourceType":"HealthData","resourceId":"latest","details":"MongoDB view on HealthData","userIp":"","userAgent":""}
{"timestamp":"2025-05-08T12:04:51.094Z","userId":681,"action":"view","resourceType":"HealthData","resourceId":"latest","details":"MongoDB view on HealthData","userIp":"","userAgent":""}
{"timestamp":"2025-05-08T12:04:51.100Z","userId":681,"action":"view","resourceType":"HealthData","resourceId":"latest","details":"MongoDB view on HealthData","userIp":"","userAgent":""}
{"timestamp":"2025-05-08T12:04:51.106Z","userId":681,"action":"view","resourceType":"HealthData","resourceId":"latest","details":"MongoDB view on HealthData","userIp":"","userAgent":""}
{"timestamp":"2025-05-08T12:04:51.112Z","userId":681,"action":"view","resourceType":"HealthData","resourceId":"latest","details":"MongoDB view on HealthData","userIp":"","userAgent":""}
{"timestamp":"2025-05-08T12:04:51.117Z","userId":681,"action":"view","resourceType":"HealthData","resourceId":"latest","details":"MongoDB view on HealthData","userIp":"","userAgent":""}
{"timestamp":"2025-05-08T12:04:51.123Z","userId":681,"action":"view","resourceType":"HealthData","resourceId":"latest","details":"MongoDB view on HealthData","userIp":"","userAgent":""}
{"timestamp":"2025-05-08T12:04:51.128Z","userId":681,"action":"view","resourceType":"HealthData","resourceId":"latest","details":"MongoDB view on HealthData","userIp":"","userAgent":""}
{"timestamp":"2025-05-08T12:04:51.134Z","userId":681,"action":"view","resourceType":"HealthData","resourceId":"latest","details":"MongoDB view on HealthData","userIp":"","userAgent":""}
{"timestamp":"2025-05-08T12:04:51.139Z","userId":681,"action":"view","resourceType":"HealthData","resourceId":"latest","details":"MongoDB view on HealthData","userIp":"","userAgent":""}
{"timestamp":"2025-05-08T12:04:51.145Z","userId":681,"action":"view","resourceType":"HealthData","resourceId":"latest","details":"MongoDB view on HealthData","userIp":"","userAgent":""}
{"timestamp":"2025-05-08T12:04:51.150Z","userId":681,"action":"view","resourceType":"HealthData","resourceId":"latest","details":"MongoDB view on HealthData","userIp":"","userAgent":""}
{"timestamp":"2025-05-08T12:04:51.155Z","userId":681,"action":"view","resourceType":"HealthData","resourceId":"latest","details":"MongoDB view on HealthData","userIp":"","userAgent":""}
{"timestamp":"2025-05-08T12:04:51.161Z","userId":681,"action":"view","resourceType":"HealthData","resourceId":"latest","details":"MongoDB view on HealthData","userIp":"","userAgent":""}
{"timestamp":"2025-05-08T12:04:51.167Z","userId":681,"action":"view","resourceType":"HealthData","resourceId":"latest","details":"MongoDB view on HealthData","userIp":"","userAgent":""}
{"timestamp":"2025-05-08T12:04:51.172Z","userId":681,"action":"view","resourceType":"HealthData","resourceId":"latest","details":"MongoDB view on HealthData","userIp":"","userAgent":""}
{"timestamp":"2025-05-08T12:04:51.177Z","userId":681,"action":"view","resourceType":"HealthData","resourceId":"latest","details":"MongoDB view on HealthData","userIp":"","userAgent":""}
{"timestamp":"2025-05-08T12:04:51.182Z","userId":681,"action":"view","resourceType":"HealthData","resourceId":"latest","details":"MongoDB view on HealthData","userIp":"","userAgent":""}
{"timestamp":"2025-05-08T12:04:51.188Z","userId":681,"action":"view","resourceType":"HealthData","resourceId":"latest","details":"MongoDB view on HealthData","userIp":"","userAgent":""}
{"timestamp":"2025-05-08T12:04:51.194Z","userId":681,"action":"view","resourceType":"HealthData","resourceId":"latest","details":"MongoDB view on HealthData","userIp":"","userAgent":""}
{"timestamp":"2025-05-08T12:04:51.199Z","userId":681,"action":"view","resourceType":"HealthData","resourceId":"latest","details":"MongoDB view on HealthData","userIp":"","userAgent":""}
{"timestamp":"2025-05-08T12:04:51.205Z","userId":681,"action":"view","resourceType":"HealthData","resourceId":"latest","details":"MongoDB view on HealthData","userIp":"","userAgent":""}
{"timestamp":"2025-05-08T12:04:51.212Z","userId":681,"action":"view","resourceType":"HealthData","resourceId":"latest","details":"MongoDB view on HealthData","userIp":"","userAgent":""}
{"timestamp":"2025-05-08T12:04:51.217Z","userId":681,"action":"view","resourceType":"HealthData","resourceId":"latest","details":"MongoDB view on HealthData","userIp":"","userAgent":""}
{"timestamp":"2025-05-08T12:04:51.223Z","userId":681,"action":"view","resourceType":"HealthData","resourceId":"latest","details":"MongoDB view on HealthData","userIp":"","userAgent":""}
{"timestamp":"2025-05-08T12:04:51.228Z","userId":681,"action":"view","resourceType":"HealthData","resourceId":"latest","details":"MongoDB view on HealthData","userIp":"","userAgent":""}
{"timestamp":"2025-05-08T12:04:51.233Z","userId":681,"action":"view","resourceType":"HealthData","resourceId":"latest","details":"MongoDB view on HealthData","userIp":"","userAgent":""}
{"timestamp":"2025-05-08T12:04:51.238Z","userId":681,"action":"view","resourceType":"HealthData","resourceId":"latest","details":"MongoDB view on HealthData","userIp":"","userAgent":""}
{"timestamp":"2025-05-08T12:04:51.244Z","userId":681,"action":"view","resourceType":"HealthData","resourceId":"latest","details":"MongoDB view on HealthData","userIp":"","userAgent":""}
{"timestamp":"2025-05-08T12:04:51.250Z","userId":681,"action":"view","resourceType":"HealthData","resourceId":"latest","details":"MongoDB view on HealthData","userIp":"","userAgent":""}
{"timestamp":"2025-05-08T12:04:51.258Z","userId":681,"action":"view","resourceType":"HealthData","resourceId":"latest","details":"MongoDB view on HealthData","userIp":"","userAgent":""}
{"timestamp":"2025-05-08T12:04:51.265Z","userId":681,"action":"view","resourceType":"HealthData","resourceId":"latest","details":"MongoDB view on HealthData","userIp":"","userAgent":""}
{"timestamp":"2025-05-08T12:04:51.270Z","userId":681,"action":"view","resourceType":"HealthData","resourceId":"latest","details":"MongoDB view on HealthData","userIp":"","userAgent":""}
{"timestamp":"2025-05-08T12:04:51.278Z","userId":681,"action":"view","resourceType":"HealthData","resourceId":"latest","details":"MongoDB view on HealthData","userIp":"","userAgent":""}
{"timestamp":"2025-05-08T12:04:51.285Z","userId":681,"action":"view","resourceType":"HealthData","resourceId":"latest","details":"MongoDB view on HealthData","userIp":"","userAgent":""}
{"timestamp":"2025-05-08T12:04:51.290Z","userId":681,"action":"view","resourceType":"HealthData","resourceId":"latest","details":"MongoDB view on HealthData","userIp":"","userAgent":""}
{"timestamp":"2025-05-08T12:04:51.295Z","userId":681,"action":"view","resourceType":"HealthData","resourceId":"latest","details":"MongoDB view on HealthData","userIp":"","userAgent":""}
{"timestamp":"2025-05-08T12:04:51.302Z","userId":681,"action":"view","resourceType":"HealthData","resourceId":"latest","details":"MongoDB view on HealthData","userIp":"","userAgent":""}
{"timestamp":"2025-05-08T12:04:51.308Z","userId":681,"action":"view","resourceType":"HealthData","resourceId":"latest","details":"MongoDB view on HealthData","userIp":"","userAgent":""}
{"timestamp":"2025-05-08T12:04:51.314Z","userId":681,"action":"view","resourceType":"HealthData","resourceId":"latest","details":"MongoDB view on HealthData","userIp":"","userAgent":""}
{"timestamp":"2025-05-08T12:04:51.320Z","userId":681,"action":"view","resourceType":"HealthData","resourceId":"latest","details":"MongoDB view on HealthData","userIp":"","userAgent":""}
{"timestamp":"2025-05-08T12:04:51.326Z","userId":681,"action":"view","resourceType":"HealthData","resourceId":"latest","details":"MongoDB view on HealthData","userIp":"","userAgent":""}
{"timestamp":"2025-05-08T12:04:51.332Z","userId":681,"action":"view","resourceType":"HealthData","resourceId":"latest","details":"MongoDB view on HealthData","userIp":"","userAgent":""}
{"timestamp":"2025-05-08T12:04:51.339Z","userId":681,"action":"view","resourceType":"HealthData","resourceId":"latest","details":"MongoDB view on HealthData","userIp":"","userAgent":""}
{"timestamp":"2025-05-08T12:04:51.344Z","userId":681,"action":"view","resourceType":"HealthData","resourceId":"latest","details":"MongoDB view on HealthData","userIp":"","userAgent":""}
{"timestamp":"2025-05-08T12:04:51.350Z","userId":681,"action":"view","resourceType":"HealthData","resourceId":"latest","details":"MongoDB view on HealthData","userIp":"","userAgent":""}
{"timestamp":"2025-05-08T12:04:51.355Z","userId":681,"action":"view","resourceType":"HealthData","resourceId":"latest","details":"MongoDB view on HealthData","userIp":"","userAgent":""}
{"timestamp":"2025-05-08T12:04:51.361Z","userId":681,"action":"view","resourceType":"HealthData","resourceId":"latest","details":"MongoDB view on HealthData","userIp":"","userAgent":""}
{"timestamp":"2025-05-08T12:04:51.367Z","userId":681,"action":"view","resourceType":"HealthData","resourceId":"latest","details":"MongoDB view on HealthData","userIp":"","userAgent":""}
{"timestamp":"2025-05-08T12:04:51.372Z","userId":681,"action":"view","resourceType":"HealthData","resourceId":"latest","details":"MongoDB view on HealthData","userIp":"","userAgent":""}
{"timestamp":"2025-05-08T12:04:51.377Z","userId":681,"action":"view","resourceType":"HealthData","resourceId":"latest","details":"MongoDB view on HealthData","userIp":"","userAgent":""}
{"timestamp":"2025-05-08T12:04:51.384Z","userId":681,"action":"view","resourceType":"HealthData","resourceId":"latest","details":"MongoDB view on HealthData","userIp":"","userAgent":""}
{"timestamp":"2025-05-08T12:04:51.390Z","userId":681,"action":"view","resourceType":"HealthData","resourceId":"latest","details":"MongoDB view on HealthData","userIp":"","userAgent":""}
{"timestamp":"2025-05-08T12:04:51.396Z","userId":681,"action":"view","resourceType":"HealthData","resourceId":"latest","details":"MongoDB view on HealthData","userIp":"","userAgent":""}
{"timestamp":"2025-05-08T12:04:51.402Z","userId":681,"action":"view","resourceType":"HealthData","resourceId":"latest","details":"MongoDB view on HealthData","userIp":"","userAgent":""}
{"timestamp":"2025-05-08T12:04:51.407Z","userId":681,"action":"view","resourceType":"HealthData","resourceId":"latest","details":"MongoDB view on HealthData","userIp":"","userAgent":""}
{"timestamp":"2025-05-08T12:04:51.411Z","userId":681,"action":"view","resourceType":"HealthData","resourceId":"latest","details":"MongoDB view on HealthData","userIp":"","userAgent":""}
{"timestamp":"2025-05-08T12:04:51.417Z","userId":681,"action":"view","resourceType":"HealthData","resourceId":"latest","details":"MongoDB view on HealthData","userIp":"","userAgent":""}
{"timestamp":"2025-05-08T12:04:51.422Z","userId":681,"action":"view","resourceType":"HealthData","resourceId":"latest","details":"MongoDB view on HealthData","userIp":"","userAgent":""}
{"timestamp":"2025-05-08T12:04:51.427Z","userId":681,"action":"view","resourceType":"HealthData","resourceId":"latest","details":"MongoDB view on HealthData","userIp":"","userAgent":""}
{"timestamp":"2025-05-08T12:04:51.432Z","userId":681,"action":"view","resourceType":"HealthData","resourceId":"latest","details":"MongoDB view on HealthData","userIp":"","userAgent":""}
{"timestamp":"2025-05-08T12:04:51.437Z","userId":681,"action":"view","resourceType":"HealthData","resourceId":"latest","details":"MongoDB view on HealthData","userIp":"","userAgent":""}
{"timestamp":"2025-05-08T12:04:51.442Z","userId":681,"action":"view","resourceType":"HealthData","resourceId":"latest","details":"MongoDB view on HealthData","userIp":"","userAgent":""}
{"timestamp":"2025-05-08T12:04:51.448Z","userId":681,"action":"view","resourceType":"HealthData","resourceId":"latest","details":"MongoDB view on HealthData","userIp":"","userAgent":""}
{"timestamp":"2025-05-08T12:04:51.453Z","userId":681,"action":"view","resourceType":"HealthData","resourceId":"latest","details":"MongoDB view on HealthData","userIp":"","userAgent":""}
{"timestamp":"2025-05-08T12:04:51.459Z","userId":681,"action":"view","resourceType":"HealthData","resourceId":"latest","details":"MongoDB view on HealthData","userIp":"","userAgent":""}
{"timestamp":"2025-05-08T12:04:51.466Z","userId":681,"action":"view","resourceType":"HealthData","resourceId":"latest","details":"MongoDB view on HealthData","userIp":"","userAgent":""}
{"timestamp":"2025-05-08T12:04:51.471Z","userId":681,"action":"view","resourceType":"HealthData","resourceId":"latest","details":"MongoDB view on HealthData","userIp":"","userAgent":""}
{"timestamp":"2025-05-08T12:04:51.476Z","userId":681,"action":"view","resourceType":"HealthData","resourceId":"latest","details":"MongoDB view on HealthData","userIp":"","userAgent":""}
{"timestamp":"2025-05-08T12:04:51.481Z","userId":681,"action":"view","resourceType":"HealthData","resourceId":"latest","details":"MongoDB view on HealthData","userIp":"","userAgent":""}
{"timestamp":"2025-05-08T12:04:51.486Z","userId":681,"action":"view","resourceType":"HealthData","resourceId":"latest","details":"MongoDB view on HealthData","userIp":"","userAgent":""}
{"timestamp":"2025-05-08T12:04:51.492Z","userId":681,"action":"view","resourceType":"HealthData","resourceId":"latest","details":"MongoDB view on HealthData","userIp":"","userAgent":""}
{"timestamp":"2025-05-08T12:04:51.497Z","userId":681,"action":"view","resourceType":"HealthData","resourceId":"latest","details":"MongoDB view on HealthData","userIp":"","userAgent":""}
{"timestamp":"2025-05-08T12:04:51.503Z","userId":681,"action":"view","resourceType":"HealthData","resourceId":"latest","details":"MongoDB view on HealthData","userIp":"","userAgent":""}
{"timestamp":"2025-05-08T12:04:51.509Z","userId":681,"action":"view","resourceType":"HealthData","resourceId":"latest","details":"MongoDB view on HealthData","userIp":"","userAgent":""}
{"timestamp":"2025-05-08T12:04:51.515Z","userId":681,"action":"view","resourceType":"HealthData","resourceId":"latest","details":"MongoDB view on HealthData","userIp":"","userAgent":""}
{"timestamp":"2025-05-08T12:04:51.521Z","userId":681,"action":"view","resourceType":"HealthData","resourceId":"latest","details":"MongoDB view on HealthData","userIp":"","userAgent":""}
{"timestamp":"2025-05-08T12:04:51.526Z","userId":681,"action":"view","resourceType":"HealthData","resourceId":"latest","details":"MongoDB view on HealthData","userIp":"","userAgent":""}
{"timestamp":"2025-05-08T12:04:51.531Z","userId":681,"action":"view","resourceType":"HealthData","resourceId":"latest","details":"MongoDB view on HealthData","userIp":"","userAgent":""}
{"timestamp":"2025-05-08T12:04:51.537Z","userId":681,"action":"view","resourceType":"HealthData","resourceId":"latest","details":"MongoDB view on HealthData","userIp":"","userAgent":""}
{"timestamp":"2025-05-08T12:04:51.543Z","userId":681,"action":"view","resourceType":"HealthData","resourceId":"latest","details":"MongoDB view on HealthData","userIp":"","userAgent":""}
{"timestamp":"2025-05-08T12:04:51.548Z","userId":681,"action":"view","resourceType":"HealthData","resourceId":"latest","details":"MongoDB view on HealthData","userIp":"","userAgent":""}
{"timestamp":"2025-05-08T12:04:51.554Z","userId":681,"action":"view","resourceType":"HealthData","resourceId":"latest","details":"MongoDB view on HealthData","userIp":"","userAgent":""}
{"timestamp":"2025-05-08T12:04:51.559Z","userId":681,"action":"view","resourceType":"HealthData","resourceId":"latest","details":"MongoDB view on HealthData","userIp":"","userAgent":""}
{"timestamp":"2025-05-08T12:04:51.565Z","userId":681,"action":"view","resourceType":"HealthData","resourceId":"latest","details":"MongoDB view on HealthData","userIp":"","userAgent":""}
{"timestamp":"2025-05-08T12:04:51.570Z","userId":681,"action":"view","resourceType":"HealthData","resourceId":"latest","details":"MongoDB view on HealthData","userIp":"","userAgent":""}
{"timestamp":"2025-05-08T12:04:51.576Z","userId":681,"action":"view","resourceType":"HealthData","resourceId":"latest","details":"MongoDB view on HealthData","userIp":"","userAgent":""}
{"timestamp":"2025-05-08T12:04:51.581Z","userId":681,"action":"view","resourceType":"HealthData","resourceId":"latest","details":"MongoDB view on HealthData","userIp":"","userAgent":""}
{"timestamp":"2025-05-08T12:04:51.587Z","userId":681,"action":"view","resourceType":"HealthData","resourceId":"latest","details":"MongoDB view on HealthData","userIp":"","userAgent":""}
{"timestamp":"2025-05-08T12:04:51.592Z","userId":681,"action":"view","resourceType":"HealthData","resourceId":"latest","details":"MongoDB view on HealthData","userIp":"","userAgent":""}
{"timestamp":"2025-05-08T12:04:51.597Z","userId":681,"action":"view","resourceType":"HealthData","resourceId":"latest","details":"MongoDB view on HealthData","userIp":"","userAgent":""}
{"timestamp":"2025-05-08T12:04:51.603Z","userId":681,"action":"view","resourceType":"HealthData","resourceId":"latest","details":"MongoDB view on HealthData","userIp":"","userAgent":""}
{"timestamp":"2025-05-08T12:04:51.608Z","userId":681,"action":"view","resourceType":"HealthData","resourceId":"latest","details":"MongoDB view on HealthData","userIp":"","userAgent":""}
{"timestamp":"2025-05-08T12:04:51.613Z","userId":681,"action":"view","resourceType":"HealthData","resourceId":"latest","details":"MongoDB view on HealthData","userIp":"","userAgent":""}
{"timestamp":"2025-05-08T12:04:51.618Z","userId":681,"action":"view","resourceType":"HealthData","resourceId":"latest","details":"MongoDB view on HealthData","userIp":"","userAgent":""}
{"timestamp":"2025-05-08T12:04:51.623Z","userId":681,"action":"view","resourceType":"HealthData","resourceId":"latest","details":"MongoDB view on HealthData","userIp":"","userAgent":""}
{"timestamp":"2025-05-08T12:04:51.629Z","userId":681,"action":"view","resourceType":"HealthData","resourceId":"latest","details":"MongoDB view on HealthData","userIp":"","userAgent":""}
{"timestamp":"2025-05-08T12:04:51.634Z","userId":681,"action":"view","resourceType":"HealthData","resourceId":"latest","details":"MongoDB view on HealthData","userIp":"","userAgent":""}
{"timestamp":"2025-05-08T12:04:51.640Z","userId":681,"action":"view","resourceType":"HealthData","resourceId":"latest","details":"MongoDB view on HealthData","userIp":"","userAgent":""}
{"timestamp":"2025-05-08T12:04:51.646Z","userId":681,"action":"view","resourceType":"HealthData","resourceId":"latest","details":"MongoDB view on HealthData","userIp":"","userAgent":""}
{"timestamp":"2025-05-08T12:04:51.652Z","userId":681,"action":"view","resourceType":"HealthData","resourceId":"latest","details":"MongoDB view on HealthData","userIp":"","userAgent":""}
{"timestamp":"2025-05-08T12:04:51.658Z","userId":681,"action":"view","resourceType":"HealthData","resourceId":"latest","details":"MongoDB view on HealthData","userIp":"","userAgent":""}
{"timestamp":"2025-05-08T12:04:51.665Z","userId":681,"action":"view","resourceType":"HealthData","resourceId":"latest","details":"MongoDB view on HealthData","userIp":"","userAgent":""}
{"timestamp":"2025-05-08T12:04:51.671Z","userId":681,"action":"view","resourceType":"HealthData","resourceId":"latest","details":"MongoDB view on HealthData","userIp":"","userAgent":""}
{"timestamp":"2025-05-08T12:04:51.678Z","userId":681,"action":"view","resourceType":"HealthData","resourceId":"latest","details":"MongoDB view on HealthData","userIp":"","userAgent":""}
{"timestamp":"2025-05-08T12:04:51.684Z","userId":681,"action":"view","resourceType":"HealthData","resourceId":"latest","details":"MongoDB view on HealthData","userIp":"","userAgent":""}
{"timestamp":"2025-05-08T12:04:51.691Z","userId":681,"action":"view","resourceType":"HealthData","resourceId":"latest","details":"MongoDB view on HealthData","userIp":"","userAgent":""}
{"timestamp":"2025-05-08T12:04:51.696Z","userId":681,"action":"view","resourceType":"HealthData","resourceId":"latest","details":"MongoDB view on HealthData","userIp":"","userAgent":""}
{"timestamp":"2025-05-08T12:04:51.702Z","userId":681,"action":"view","resourceType":"HealthData","resourceId":"latest","details":"MongoDB view on HealthData","userIp":"","userAgent":""}
{"timestamp":"2025-05-08T12:04:51.708Z","userId":681,"action":"view","resourceType":"HealthData","resourceId":"latest","details":"MongoDB view on HealthData","userIp":"","userAgent":""}
{"timestamp":"2025-05-08T12:04:51.714Z","userId":681,"action":"view","resourceType":"HealthData","resourceId":"latest","details":"MongoDB view on HealthData","userIp":"","userAgent":""}
{"timestamp":"2025-05-08T12:04:51.720Z","userId":681,"action":"view","resourceType":"HealthData","resourceId":"latest","details":"MongoDB view on HealthData","userIp":"","userAgent":""}
{"timestamp":"2025-05-08T12:04:51.727Z","userId":681,"action":"view","resourceType":"HealthData","resourceId":"latest","details":"MongoDB view on HealthData","userIp":"","userAgent":""}
{"timestamp":"2025-05-08T12:04:51.733Z","userId":681,"action":"view","resourceType":"HealthData","resourceId":"latest","details":"MongoDB view on HealthData","userIp":"","userAgent":""}
{"timestamp":"2025-05-08T12:04:51.740Z","userId":681,"action":"view","resourceType":"HealthData","resourceId":"latest","details":"MongoDB view on HealthData","userIp":"","userAgent":""}
{"timestamp":"2025-05-08T12:04:51.748Z","userId":681,"action":"view","resourceType":"HealthData","resourceId":"latest","details":"MongoDB view on HealthData","userIp":"","userAgent":""}
{"timestamp":"2025-05-08T12:04:51.754Z","userId":681,"action":"view","resourceType":"HealthData","resourceId":"latest","details":"MongoDB view on HealthData","userIp":"","userAgent":""}
{"timestamp":"2025-05-08T12:04:51.761Z","userId":681,"action":"view","resourceType":"HealthData","resourceId":"latest","details":"MongoDB view on HealthData","userIp":"","userAgent":""}
{"timestamp":"2025-05-08T12:04:51.767Z","userId":681,"action":"view","resourceType":"HealthData","resourceId":"latest","details":"MongoDB view on HealthData","userIp":"","userAgent":""}
{"timestamp":"2025-05-08T12:04:51.773Z","userId":681,"action":"view","resourceType":"HealthData","resourceId":"latest","details":"MongoDB view on HealthData","userIp":"","userAgent":""}
{"timestamp":"2025-05-08T12:04:51.779Z","userId":681,"action":"view","resourceType":"HealthData","resourceId":"latest","details":"MongoDB view on HealthData","userIp":"","userAgent":""}
{"timestamp":"2025-05-08T12:04:51.785Z","userId":681,"action":"view","resourceType":"HealthData","resourceId":"latest","details":"MongoDB view on HealthData","userIp":"","userAgent":""}
{"timestamp":"2025-05-08T12:04:51.790Z","userId":681,"action":"view","resourceType":"HealthData","resourceId":"latest","details":"MongoDB view on HealthData","userIp":"","userAgent":""}
{"timestamp":"2025-05-08T12:04:51.796Z","userId":681,"action":"view","resourceType":"HealthData","resourceId":"latest","details":"MongoDB view on HealthData","userIp":"","userAgent":""}
{"timestamp":"2025-05-08T12:04:51.802Z","userId":681,"action":"view","resourceType":"HealthData","resourceId":"latest","details":"MongoDB view on HealthData","userIp":"","userAgent":""}
{"timestamp":"2025-05-08T12:04:51.808Z","userId":681,"action":"view","resourceType":"HealthData","resourceId":"latest","details":"MongoDB view on HealthData","userIp":"","userAgent":""}
{"timestamp":"2025-05-08T12:04:51.813Z","userId":681,"action":"view","resourceType":"HealthData","resourceId":"latest","details":"MongoDB view on HealthData","userIp":"","userAgent":""}
{"timestamp":"2025-05-08T12:04:51.819Z","userId":681,"action":"view","resourceType":"HealthData","resourceId":"latest","details":"MongoDB view on HealthData","userIp":"","userAgent":""}
{"timestamp":"2025-05-08T12:04:51.824Z","userId":681,"action":"view","resourceType":"HealthData","resourceId":"latest","details":"MongoDB view on HealthData","userIp":"","userAgent":""}
{"timestamp":"2025-05-08T12:04:51.830Z","userId":681,"action":"view","resourceType":"HealthData","resourceId":"latest","details":"MongoDB view on HealthData","userIp":"","userAgent":""}
{"timestamp":"2025-05-08T12:04:51.835Z","userId":681,"action":"view","resourceType":"HealthData","resourceId":"latest","details":"MongoDB view on HealthData","userIp":"","userAgent":""}
{"timestamp":"2025-05-08T12:04:51.841Z","userId":681,"action":"view","resourceType":"HealthData","resourceId":"latest","details":"MongoDB view on HealthData","userIp":"","userAgent":""}
{"timestamp":"2025-05-08T12:04:51.845Z","userId":681,"action":"view","resourceType":"HealthData","resourceId":"latest","details":"MongoDB view on HealthData","userIp":"","userAgent":""}
{"timestamp":"2025-05-08T12:04:51.850Z","userId":681,"action":"view","resourceType":"HealthData","resourceId":"latest","details":"MongoDB view on HealthData","userIp":"","userAgent":""}
{"timestamp":"2025-05-08T12:04:51.856Z","userId":681,"action":"view","resourceType":"HealthData","resourceId":"latest","details":"MongoDB view on HealthData","userIp":"","userAgent":""}
{"timestamp":"2025-05-08T12:04:51.860Z","userId":681,"action":"view","resourceType":"HealthData","resourceId":"latest","details":"MongoDB view on HealthData","userIp":"","userAgent":""}
{"timestamp":"2025-05-08T12:04:51.865Z","userId":681,"action":"view","resourceType":"HealthData","resourceId":"latest","details":"MongoDB view on HealthData","userIp":"","userAgent":""}
{"timestamp":"2025-05-08T12:04:51.870Z","userId":681,"action":"view","resourceType":"HealthData","resourceId":"latest","details":"MongoDB view on HealthData","userIp":"","userAgent":""}
{"timestamp":"2025-05-08T12:04:51.875Z","userId":681,"action":"view","resourceType":"HealthData","resourceId":"latest","details":"MongoDB view on HealthData","userIp":"","userAgent":""}
{"timestamp":"2025-05-08T12:04:51.881Z","userId":681,"action":"view","resourceType":"HealthData","resourceId":"latest","details":"MongoDB view on HealthData","userIp":"","userAgent":""}
{"timestamp":"2025-05-08T12:04:51.886Z","userId":681,"action":"view","resourceType":"HealthData","resourceId":"latest","details":"MongoDB view on HealthData","userIp":"","userAgent":""}
{"timestamp":"2025-05-08T12:04:51.891Z","userId":681,"action":"view","resourceType":"HealthData","resourceId":"latest","details":"MongoDB view on HealthData","userIp":"","userAgent":""}
{"timestamp":"2025-05-08T12:04:51.896Z","userId":681,"action":"view","resourceType":"HealthData","resourceId":"latest","details":"MongoDB view on HealthData","userIp":"","userAgent":""}
{"timestamp":"2025-05-08T12:04:51.901Z","userId":681,"action":"view","resourceType":"HealthData","resourceId":"latest","details":"MongoDB view on HealthData","userIp":"","userAgent":""}
{"timestamp":"2025-05-08T12:04:51.906Z","userId":681,"action":"view","resourceType":"HealthData","resourceId":"latest","details":"MongoDB view on HealthData","userIp":"","userAgent":""}
{"timestamp":"2025-05-08T12:04:51.912Z","userId":681,"action":"view","resourceType":"HealthData","resourceId":"latest","details":"MongoDB view on HealthData","userIp":"","userAgent":""}
{"timestamp":"2025-05-08T12:04:51.917Z","userId":681,"action":"view","resourceType":"HealthData","resourceId":"latest","details":"MongoDB view on HealthData","userIp":"","userAgent":""}
{"timestamp":"2025-05-08T12:04:51.923Z","userId":681,"action":"view","resourceType":"HealthData","resourceId":"latest","details":"MongoDB view on HealthData","userIp":"","userAgent":""}
{"timestamp":"2025-05-08T12:04:51.929Z","userId":681,"action":"view","resourceType":"HealthData","resourceId":"latest","details":"MongoDB view on HealthData","userIp":"","userAgent":""}
{"timestamp":"2025-05-08T12:04:51.934Z","userId":681,"action":"view","resourceType":"HealthData","resourceId":"latest","details":"MongoDB view on HealthData","userIp":"","userAgent":""}
{"timestamp":"2025-05-08T12:04:51.939Z","userId":681,"action":"view","resourceType":"HealthData","resourceId":"latest","details":"MongoDB view on HealthData","userIp":"","userAgent":""}
{"timestamp":"2025-05-08T12:04:51.943Z","userId":681,"action":"view","resourceType":"HealthData","resourceId":"latest","details":"MongoDB view on HealthData","userIp":"","userAgent":""}
{"timestamp":"2025-05-08T12:04:51.949Z","userId":681,"action":"view","resourceType":"HealthData","resourceId":"latest","details":"MongoDB view on HealthData","userIp":"","userAgent":""}
{"timestamp":"2025-05-08T12:04:51.954Z","userId":681,"action":"view","resourceType":"HealthData","resourceId":"latest","details":"MongoDB view on HealthData","userIp":"","userAgent":""}
{"timestamp":"2025-05-08T12:04:51.960Z","userId":681,"action":"view","resourceType":"HealthData","resourceId":"latest","details":"MongoDB view on HealthData","userIp":"","userAgent":""}
{"timestamp":"2025-05-08T12:04:51.965Z","userId":681,"action":"view","resourceType":"HealthData","resourceId":"latest","details":"MongoDB view on HealthData","userIp":"","userAgent":""}
{"timestamp":"2025-05-08T12:04:51.971Z","userId":681,"action":"view","resourceType":"HealthData","resourceId":"latest","details":"MongoDB view on HealthData","userIp":"","userAgent":""}
{"timestamp":"2025-05-08T12:04:51.975Z","userId":681,"action":"view","resourceType":"HealthData","resourceId":"latest","details":"MongoDB view on HealthData","userIp":"","userAgent":""}
{"timestamp":"2025-05-08T12:04:51.981Z","userId":681,"action":"view","resourceType":"HealthData","resourceId":"latest","details":"MongoDB view on HealthData","userIp":"","userAgent":""}
{"timestamp":"2025-05-08T12:04:51.987Z","userId":681,"action":"view","resourceType":"HealthData","resourceId":"latest","details":"MongoDB view on HealthData","userIp":"","userAgent":""}
{"timestamp":"2025-05-08T12:04:51.992Z","userId":681,"action":"view","resourceType":"HealthData","resourceId":"latest","details":"MongoDB view on HealthData","userIp":"","userAgent":""}
{"timestamp":"2025-05-08T12:04:51.999Z","userId":681,"action":"view","resourceType":"HealthData","resourceId":"latest","details":"MongoDB view on HealthData","userIp":"","userAgent":""}
{"timestamp":"2025-05-08T12:04:52.005Z","userId":681,"action":"view","resourceType":"HealthData","resourceId":"latest","details":"MongoDB view on HealthData","userIp":"","userAgent":""}
{"timestamp":"2025-05-08T12:04:52.013Z","userId":681,"action":"view","resourceType":"HealthData","resourceId":"latest","details":"MongoDB view on HealthData","userIp":"","userAgent":""}
{"timestamp":"2025-05-08T12:04:52.020Z","userId":681,"action":"view","resourceType":"HealthData","resourceId":"latest","details":"MongoDB view on HealthData","userIp":"","userAgent":""}
{"timestamp":"2025-05-08T12:04:52.024Z","userId":681,"action":"view","resourceType":"HealthData","resourceId":"latest","details":"MongoDB view on HealthData","userIp":"","userAgent":""}
{"timestamp":"2025-05-08T12:04:52.031Z","userId":681,"action":"view","resourceType":"HealthData","resourceId":"latest","details":"MongoDB view on HealthData","userIp":"","userAgent":""}
{"timestamp":"2025-05-08T12:04:52.037Z","userId":681,"action":"view","resourceType":"HealthData","resourceId":"latest","details":"MongoDB view on HealthData","userIp":"","userAgent":""}
{"timestamp":"2025-05-08T12:04:52.041Z","userId":681,"action":"view","resourceType":"HealthData","resourceId":"latest","details":"MongoDB view on HealthData","userIp":"","userAgent":""}
{"timestamp":"2025-05-08T12:04:52.047Z","userId":681,"action":"view","resourceType":"HealthData","resourceId":"latest","details":"MongoDB view on HealthData","userIp":"","userAgent":""}
{"timestamp":"2025-05-08T12:04:52.052Z","userId":681,"action":"view","resourceType":"HealthData","resourceId":"latest","details":"MongoDB view on HealthData","userIp":"","userAgent":""}
{"timestamp":"2025-05-08T12:04:52.057Z","userId":681,"action":"view","resourceType":"HealthData","resourceId":"latest","details":"MongoDB view on HealthData","userIp":"","userAgent":""}
{"timestamp":"2025-05-08T12:04:52.062Z","userId":681,"action":"view","resourceType":"HealthData","resourceId":"latest","details":"MongoDB view on HealthData","userIp":"","userAgent":""}
{"timestamp":"2025-05-08T12:04:52.068Z","userId":681,"action":"view","resourceType":"HealthData","resourceId":"latest","details":"MongoDB view on HealthData","userIp":"","userAgent":""}
{"timestamp":"2025-05-08T12:04:52.074Z","userId":681,"action":"view","resourceType":"HealthData","resourceId":"latest","details":"MongoDB view on HealthData","userIp":"","userAgent":""}
{"timestamp":"2025-05-08T12:04:52.080Z","userId":681,"action":"view","resourceType":"HealthData","resourceId":"latest","details":"MongoDB view on HealthData","userIp":"","userAgent":""}
{"timestamp":"2025-05-08T12:04:52.086Z","userId":681,"action":"view","resourceType":"HealthData","resourceId":"latest","details":"MongoDB view on HealthData","userIp":"","userAgent":""}
{"timestamp":"2025-05-08T12:04:52.091Z","userId":681,"action":"view","resourceType":"HealthData","resourceId":"latest","details":"MongoDB view on HealthData","userIp":"","userAgent":""}
{"timestamp":"2025-05-08T12:04:52.097Z","userId":681,"action":"view","resourceType":"HealthData","resourceId":"latest","details":"MongoDB view on HealthData","userIp":"","userAgent":""}
{"timestamp":"2025-05-08T12:04:52.102Z","userId":681,"action":"view","resourceType":"HealthData","resourceId":"latest","details":"MongoDB view on HealthData","userIp":"","userAgent":""}
{"timestamp":"2025-05-08T12:04:52.108Z","userId":681,"action":"view","resourceType":"HealthData","resourceId":"latest","details":"MongoDB view on HealthData","userIp":"","userAgent":""}
{"timestamp":"2025-05-08T12:04:52.112Z","userId":681,"action":"view","resourceType":"HealthData","resourceId":"latest","details":"MongoDB view on HealthData","userIp":"","userAgent":""}
{"timestamp":"2025-05-08T12:04:52.118Z","userId":681,"action":"view","resourceType":"HealthData","resourceId":"latest","details":"MongoDB view on HealthData","userIp":"","userAgent":""}
{"timestamp":"2025-05-08T12:04:52.123Z","userId":681,"action":"view","resourceType":"HealthData","resourceId":"latest","details":"MongoDB view on HealthData","userIp":"","userAgent":""}
{"timestamp":"2025-05-08T12:04:52.128Z","userId":681,"action":"view","resourceType":"HealthData","resourceId":"latest","details":"MongoDB view on HealthData","userIp":"","userAgent":""}
{"timestamp":"2025-05-08T12:04:52.134Z","userId":681,"action":"view","resourceType":"HealthData","resourceId":"latest","details":"MongoDB view on HealthData","userIp":"","userAgent":""}
{"timestamp":"2025-05-08T12:04:52.139Z","userId":681,"action":"view","resourceType":"HealthData","resourceId":"latest","details":"MongoDB view on HealthData","userIp":"","userAgent":""}
{"timestamp":"2025-05-08T12:04:52.144Z","userId":681,"action":"view","resourceType":"HealthData","resourceId":"latest","details":"MongoDB view on HealthData","userIp":"","userAgent":""}
{"timestamp":"2025-05-08T12:04:52.149Z","userId":681,"action":"view","resourceType":"HealthData","resourceId":"latest","details":"MongoDB view on HealthData","userIp":"","userAgent":""}
{"timestamp":"2025-05-08T12:04:52.154Z","userId":681,"action":"view","resourceType":"HealthData","resourceId":"latest","details":"MongoDB view on HealthData","userIp":"","userAgent":""}
{"timestamp":"2025-05-08T12:04:52.159Z","userId":681,"action":"view","resourceType":"HealthData","resourceId":"latest","details":"MongoDB view on HealthData","userIp":"","userAgent":""}
{"timestamp":"2025-05-08T12:04:52.164Z","userId":681,"action":"view","resourceType":"HealthData","resourceId":"latest","details":"MongoDB view on HealthData","userIp":"","userAgent":""}
{"timestamp":"2025-05-08T12:04:52.170Z","userId":681,"action":"view","resourceType":"HealthData","resourceId":"latest","details":"MongoDB view on HealthData","userIp":"","userAgent":""}
{"timestamp":"2025-05-08T12:04:52.174Z","userId":681,"action":"view","resourceType":"HealthData","resourceId":"latest","details":"MongoDB view on HealthData","userIp":"","userAgent":""}
{"timestamp":"2025-05-08T12:04:52.179Z","userId":681,"action":"view","resourceType":"HealthData","resourceId":"latest","details":"MongoDB view on HealthData","userIp":"","userAgent":""}
{"timestamp":"2025-05-08T12:04:52.184Z","userId":681,"action":"view","resourceType":"HealthData","resourceId":"latest","details":"MongoDB view on HealthData","userIp":"","userAgent":""}
{"timestamp":"2025-05-08T12:04:52.189Z","userId":681,"action":"view","resourceType":"HealthData","resourceId":"latest","details":"MongoDB view on HealthData","userIp":"","userAgent":""}
{"timestamp":"2025-05-08T12:04:52.193Z","userId":681,"action":"view","resourceType":"HealthData","resourceId":"latest","details":"MongoDB view on HealthData","userIp":"","userAgent":""}
{"timestamp":"2025-05-08T12:04:52.198Z","userId":681,"action":"view","resourceType":"HealthData","resourceId":"latest","details":"MongoDB view on HealthData","userIp":"","userAgent":""}
{"timestamp":"2025-05-08T12:04:52.203Z","userId":681,"action":"view","resourceType":"HealthData","resourceId":"latest","details":"MongoDB view on HealthData","userIp":"","userAgent":""}
{"timestamp":"2025-05-08T12:04:52.207Z","userId":681,"action":"view","resourceType":"HealthData","resourceId":"latest","details":"MongoDB view on HealthData","userIp":"","userAgent":""}
{"timestamp":"2025-05-08T12:04:52.212Z","userId":681,"action":"view","resourceType":"HealthData","resourceId":"latest","details":"MongoDB view on HealthData","userIp":"","userAgent":""}
{"timestamp":"2025-05-08T12:04:52.216Z","userId":681,"action":"view","resourceType":"HealthData","resourceId":"latest","details":"MongoDB view on HealthData","userIp":"","userAgent":""}
{"timestamp":"2025-05-08T12:04:52.223Z","userId":681,"action":"view","resourceType":"HealthData","resourceId":"latest","details":"MongoDB view on HealthData","userIp":"","userAgent":""}
{"timestamp":"2025-05-08T12:04:52.229Z","userId":681,"action":"view","resourceType":"HealthData","resourceId":"latest","details":"MongoDB view on HealthData","userIp":"","userAgent":""}
{"timestamp":"2025-05-08T12:04:52.233Z","userId":681,"action":"view","resourceType":"HealthData","resourceId":"latest","details":"MongoDB view on HealthData","userIp":"","userAgent":""}
{"timestamp":"2025-05-08T12:04:52.238Z","userId":681,"action":"view","resourceType":"HealthData","resourceId":"latest","details":"MongoDB view on HealthData","userIp":"","userAgent":""}
{"timestamp":"2025-05-08T12:04:52.243Z","userId":681,"action":"view","resourceType":"HealthData","resourceId":"latest","details":"MongoDB view on HealthData","userIp":"","userAgent":""}
{"timestamp":"2025-05-08T12:04:52.250Z","userId":681,"action":"view","resourceType":"HealthData","resourceId":"latest","details":"MongoDB view on HealthData","userIp":"","userAgent":""}
{"timestamp":"2025-05-08T12:04:52.255Z","userId":681,"action":"view","resourceType":"HealthData","resourceId":"latest","details":"MongoDB view on HealthData","userIp":"","userAgent":""}
{"timestamp":"2025-05-08T12:04:52.261Z","userId":681,"action":"view","resourceType":"HealthData","resourceId":"latest","details":"MongoDB view on HealthData","userIp":"","userAgent":""}
{"timestamp":"2025-05-08T12:04:52.266Z","userId":681,"action":"view","resourceType":"HealthData","resourceId":"latest","details":"MongoDB view on HealthData","userIp":"","userAgent":""}
{"timestamp":"2025-05-08T12:04:52.271Z","userId":681,"action":"view","resourceType":"HealthData","resourceId":"latest","details":"MongoDB view on HealthData","userIp":"","userAgent":""}
{"timestamp":"2025-05-08T12:04:52.276Z","userId":681,"action":"view","resourceType":"HealthData","resourceId":"latest","details":"MongoDB view on HealthData","userIp":"","userAgent":""}
{"timestamp":"2025-05-08T12:04:52.281Z","userId":681,"action":"view","resourceType":"HealthData","resourceId":"latest","details":"MongoDB view on HealthData","userIp":"","userAgent":""}
{"timestamp":"2025-05-08T12:04:52.286Z","userId":681,"action":"view","resourceType":"HealthData","resourceId":"latest","details":"MongoDB view on HealthData","userIp":"","userAgent":""}
{"timestamp":"2025-05-08T12:04:52.292Z","userId":681,"action":"view","resourceType":"HealthData","resourceId":"latest","details":"MongoDB view on HealthData","userIp":"","userAgent":""}
{"timestamp":"2025-05-08T12:04:52.297Z","userId":681,"action":"view","resourceType":"HealthData","resourceId":"latest","details":"MongoDB view on HealthData","userIp":"","userAgent":""}
{"timestamp":"2025-05-08T12:04:52.302Z","userId":681,"action":"view","resourceType":"HealthData","resourceId":"latest","details":"MongoDB view on HealthData","userIp":"","userAgent":""}
{"timestamp":"2025-05-08T12:04:52.307Z","userId":681,"action":"view","resourceType":"HealthData","resourceId":"latest","details":"MongoDB view on HealthData","userIp":"","userAgent":""}
{"timestamp":"2025-05-08T12:04:52.312Z","userId":681,"action":"view","resourceType":"HealthData","resourceId":"latest","details":"MongoDB view on HealthData","userIp":"","userAgent":""}
{"timestamp":"2025-05-08T12:04:52.317Z","userId":681,"action":"view","resourceType":"HealthData","resourceId":"latest","details":"MongoDB view on HealthData","userIp":"","userAgent":""}
{"timestamp":"2025-05-08T12:04:52.322Z","userId":681,"action":"view","resourceType":"HealthData","resourceId":"latest","details":"MongoDB view on HealthData","userIp":"","userAgent":""}
{"timestamp":"2025-05-08T12:04:52.327Z","userId":681,"action":"view","resourceType":"HealthData","resourceId":"latest","details":"MongoDB view on HealthData","userIp":"","userAgent":""}
{"timestamp":"2025-05-08T12:04:52.332Z","userId":681,"action":"view","resourceType":"HealthData","resourceId":"latest","details":"MongoDB view on HealthData","userIp":"","userAgent":""}
{"timestamp":"2025-05-08T12:04:52.338Z","userId":681,"action":"view","resourceType":"HealthData","resourceId":"latest","details":"MongoDB view on HealthData","userIp":"","userAgent":""}
{"timestamp":"2025-05-08T12:04:52.344Z","userId":681,"action":"view","resourceType":"HealthData","resourceId":"latest","details":"MongoDB view on HealthData","userIp":"","userAgent":""}
{"timestamp":"2025-05-08T12:04:52.348Z","userId":681,"action":"view","resourceType":"HealthData","resourceId":"latest","details":"MongoDB view on HealthData","userIp":"","userAgent":""}
{"timestamp":"2025-05-08T12:04:52.354Z","userId":681,"action":"view","resourceType":"HealthData","resourceId":"latest","details":"MongoDB view on HealthData","userIp":"","userAgent":""}
{"timestamp":"2025-05-08T12:04:52.359Z","userId":681,"action":"view","resourceType":"HealthData","resourceId":"latest","details":"MongoDB view on HealthData","userIp":"","userAgent":""}
{"timestamp":"2025-05-08T12:04:52.364Z","userId":681,"action":"view","resourceType":"HealthData","resourceId":"latest","details":"MongoDB view on HealthData","userIp":"","userAgent":""}
{"timestamp":"2025-05-08T12:04:52.368Z","userId":681,"action":"view","resourceType":"HealthData","resourceId":"latest","details":"MongoDB view on HealthData","userIp":"","userAgent":""}
{"timestamp":"2025-05-08T12:04:52.374Z","userId":681,"action":"view","resourceType":"HealthData","resourceId":"latest","details":"MongoDB view on HealthData","userIp":"","userAgent":""}
{"timestamp":"2025-05-08T12:04:52.379Z","userId":681,"action":"view","resourceType":"HealthData","resourceId":"latest","details":"MongoDB view on HealthData","userIp":"","userAgent":""}
{"timestamp":"2025-05-08T12:04:52.384Z","userId":681,"action":"view","resourceType":"HealthData","resourceId":"latest","details":"MongoDB view on HealthData","userIp":"","userAgent":""}
{"timestamp":"2025-05-08T12:04:52.390Z","userId":681,"action":"view","resourceType":"HealthData","resourceId":"latest","details":"MongoDB view on HealthData","userIp":"","userAgent":""}
{"timestamp":"2025-05-08T12:04:52.394Z","userId":681,"action":"view","resourceType":"HealthData","resourceId":"latest","details":"MongoDB view on HealthData","userIp":"","userAgent":""}
{"timestamp":"2025-05-08T12:04:52.400Z","userId":681,"action":"view","resourceType":"HealthData","resourceId":"latest","details":"MongoDB view on HealthData","userIp":"","userAgent":""}
{"timestamp":"2025-05-08T12:04:52.405Z","userId":681,"action":"view","resourceType":"HealthData","resourceId":"latest","details":"MongoDB view on HealthData","userIp":"","userAgent":""}
{"timestamp":"2025-05-08T12:04:52.410Z","userId":681,"action":"view","resourceType":"HealthData","resourceId":"latest","details":"MongoDB view on HealthData","userIp":"","userAgent":""}
{"timestamp":"2025-05-08T12:04:52.416Z","userId":681,"action":"view","resourceType":"HealthData","resourceId":"latest","details":"MongoDB view on HealthData","userIp":"","userAgent":""}
{"timestamp":"2025-05-08T12:04:52.423Z","userId":681,"action":"view","resourceType":"HealthData","resourceId":"latest","details":"MongoDB view on HealthData","userIp":"","userAgent":""}
{"timestamp":"2025-05-08T12:04:52.429Z","userId":681,"action":"view","resourceType":"HealthData","resourceId":"latest","details":"MongoDB view on HealthData","userIp":"","userAgent":""}
{"timestamp":"2025-05-08T12:04:52.436Z","userId":681,"action":"view","resourceType":"HealthData","resourceId":"latest","details":"MongoDB view on HealthData","userIp":"","userAgent":""}
{"timestamp":"2025-05-08T12:04:52.443Z","userId":681,"action":"view","resourceType":"HealthData","resourceId":"latest","details":"MongoDB view on HealthData","userIp":"","userAgent":""}
{"timestamp":"2025-05-08T12:04:52.449Z","userId":681,"action":"view","resourceType":"HealthData","resourceId":"latest","details":"MongoDB view on HealthData","userIp":"","userAgent":""}
{"timestamp":"2025-05-08T12:04:52.455Z","userId":681,"action":"view","resourceType":"HealthData","resourceId":"latest","details":"MongoDB view on HealthData","userIp":"","userAgent":""}
{"timestamp":"2025-05-08T12:04:52.461Z","userId":681,"action":"view","resourceType":"HealthData","resourceId":"latest","details":"MongoDB view on HealthData","userIp":"","userAgent":""}
{"timestamp":"2025-05-08T12:04:52.466Z","userId":681,"action":"view","resourceType":"HealthData","resourceId":"latest","details":"MongoDB view on HealthData","userIp":"","userAgent":""}
{"timestamp":"2025-05-08T12:04:52.471Z","userId":681,"action":"view","resourceType":"HealthData","resourceId":"latest","details":"MongoDB view on HealthData","userIp":"","userAgent":""}
{"timestamp":"2025-05-08T12:04:52.476Z","userId":681,"action":"view","resourceType":"HealthData","resourceId":"latest","details":"MongoDB view on HealthData","userIp":"","userAgent":""}
{"timestamp":"2025-05-08T12:04:52.481Z","userId":681,"action":"view","resourceType":"HealthData","resourceId":"latest","details":"MongoDB view on HealthData","userIp":"","userAgent":""}
{"timestamp":"2025-05-08T12:04:52.487Z","userId":681,"action":"view","resourceType":"HealthData","resourceId":"latest","details":"MongoDB view on HealthData","userIp":"","userAgent":""}
{"timestamp":"2025-05-08T12:04:52.491Z","userId":681,"action":"view","resourceType":"HealthData","resourceId":"latest","details":"MongoDB view on HealthData","userIp":"","userAgent":""}
{"timestamp":"2025-05-08T12:04:52.496Z","userId":681,"action":"view","resourceType":"HealthData","resourceId":"latest","details":"MongoDB view on HealthData","userIp":"","userAgent":""}
{"timestamp":"2025-05-08T12:04:52.503Z","userId":681,"action":"view","resourceType":"HealthData","resourceId":"latest","details":"MongoDB view on HealthData","userIp":"","userAgent":""}
{"timestamp":"2025-05-08T12:04:52.508Z","userId":681,"action":"view","resourceType":"HealthData","resourceId":"latest","details":"MongoDB view on HealthData","userIp":"","userAgent":""}
{"timestamp":"2025-05-08T12:04:52.514Z","userId":681,"action":"view","resourceType":"HealthData","resourceId":"latest","details":"MongoDB view on HealthData","userIp":"","userAgent":""}
{"timestamp":"2025-05-08T12:04:52.520Z","userId":681,"action":"view","resourceType":"HealthData","resourceId":"latest","details":"MongoDB view on HealthData","userIp":"","userAgent":""}
{"timestamp":"2025-05-08T12:04:52.526Z","userId":681,"action":"view","resourceType":"HealthData","resourceId":"latest","details":"MongoDB view on HealthData","userIp":"","userAgent":""}
{"timestamp":"2025-05-08T12:04:52.532Z","userId":681,"action":"view","resourceType":"HealthData","resourceId":"latest","details":"MongoDB view on HealthData","userIp":"","userAgent":""}
{"timestamp":"2025-05-08T12:04:52.538Z","userId":681,"action":"view","resourceType":"HealthData","resourceId":"latest","details":"MongoDB view on HealthData","userIp":"","userAgent":""}
{"timestamp":"2025-05-08T12:04:52.543Z","userId":681,"action":"view","resourceType":"HealthData","resourceId":"latest","details":"MongoDB view on HealthData","userIp":"","userAgent":""}
{"timestamp":"2025-05-08T12:04:52.549Z","userId":681,"action":"view","resourceType":"HealthData","resourceId":"latest","details":"MongoDB view on HealthData","userIp":"","userAgent":""}
{"timestamp":"2025-05-08T12:04:52.554Z","userId":681,"action":"view","resourceType":"HealthData","resourceId":"latest","details":"MongoDB view on HealthData","userIp":"","userAgent":""}
{"timestamp":"2025-05-08T12:04:52.560Z","userId":681,"action":"view","resourceType":"HealthData","resourceId":"latest","details":"MongoDB view on HealthData","userIp":"","userAgent":""}
{"timestamp":"2025-05-08T12:04:52.565Z","userId":681,"action":"view","resourceType":"HealthData","resourceId":"latest","details":"MongoDB view on HealthData","userIp":"","userAgent":""}
{"timestamp":"2025-05-08T12:04:52.571Z","userId":681,"action":"view","resourceType":"HealthData","resourceId":"latest","details":"MongoDB view on HealthData","userIp":"","userAgent":""}
{"timestamp":"2025-05-08T12:04:52.589Z","userId":681,"action":"view","resourceType":"HealthData","resourceId":"latest","details":"MongoDB view on HealthData","userIp":"","userAgent":""}
{"timestamp":"2025-05-08T12:04:52.595Z","userId":681,"action":"view","resourceType":"HealthData","resourceId":"latest","details":"MongoDB view on HealthData","userIp":"","userAgent":""}
{"timestamp":"2025-05-08T12:04:52.602Z","userId":681,"action":"view","resourceType":"HealthData","resourceId":"latest","details":"MongoDB view on HealthData","userIp":"","userAgent":""}
{"timestamp":"2025-05-08T12:04:52.609Z","userId":681,"action":"view","resourceType":"HealthData","resourceId":"latest","details":"MongoDB view on HealthData","userIp":"","userAgent":""}
{"timestamp":"2025-05-08T12:04:52.616Z","userId":681,"action":"view","resourceType":"HealthData","resourceId":"latest","details":"MongoDB view on HealthData","userIp":"","userAgent":""}
{"timestamp":"2025-05-08T12:04:52.622Z","userId":681,"action":"view","resourceType":"HealthData","resourceId":"latest","details":"MongoDB view on HealthData","userIp":"","userAgent":""}
{"timestamp":"2025-05-08T12:04:52.629Z","userId":681,"action":"view","resourceType":"HealthData","resourceId":"latest","details":"MongoDB view on HealthData","userIp":"","userAgent":""}
{"timestamp":"2025-05-08T12:04:52.634Z","userId":681,"action":"view","resourceType":"HealthData","resourceId":"latest","details":"MongoDB view on HealthData","userIp":"","userAgent":""}
{"timestamp":"2025-05-08T12:04:52.639Z","userId":681,"action":"view","resourceType":"HealthData","resourceId":"latest","details":"MongoDB view on HealthData","userIp":"","userAgent":""}
{"timestamp":"2025-05-08T12:04:52.644Z","userId":681,"action":"view","resourceType":"HealthData","resourceId":"latest","details":"MongoDB view on HealthData","userIp":"","userAgent":""}
{"timestamp":"2025-05-08T12:04:52.650Z","userId":681,"action":"view","resourceType":"HealthData","resourceId":"latest","details":"MongoDB view on HealthData","userIp":"","userAgent":""}
{"timestamp":"2025-05-08T12:04:52.657Z","userId":681,"action":"view","resourceType":"HealthData","resourceId":"latest","details":"MongoDB view on HealthData","userIp":"","userAgent":""}
{"timestamp":"2025-05-08T12:04:52.662Z","userId":681,"action":"view","resourceType":"HealthData","resourceId":"latest","details":"MongoDB view on HealthData","userIp":"","userAgent":""}
{"timestamp":"2025-05-08T12:04:52.668Z","userId":681,"action":"view","resourceType":"HealthData","resourceId":"latest","details":"MongoDB view on HealthData","userIp":"","userAgent":""}
{"timestamp":"2025-05-08T12:04:52.674Z","userId":681,"action":"view","resourceType":"HealthData","resourceId":"latest","details":"MongoDB view on HealthData","userIp":"","userAgent":""}
{"timestamp":"2025-05-08T12:04:52.680Z","userId":681,"action":"view","resourceType":"HealthData","resourceId":"latest","details":"MongoDB view on HealthData","userIp":"","userAgent":""}
{"timestamp":"2025-05-08T12:04:52.688Z","userId":681,"action":"view","resourceType":"HealthData","resourceId":"latest","details":"MongoDB view on HealthData","userIp":"","userAgent":""}
{"timestamp":"2025-05-08T12:04:52.695Z","userId":681,"action":"view","resourceType":"HealthData","resourceId":"latest","details":"MongoDB view on HealthData","userIp":"","userAgent":""}
{"timestamp":"2025-05-08T12:04:52.701Z","userId":681,"action":"view","resourceType":"HealthData","resourceId":"latest","details":"MongoDB view on HealthData","userIp":"","userAgent":""}
{"timestamp":"2025-05-08T12:04:52.708Z","userId":681,"action":"view","resourceType":"HealthData","resourceId":"latest","details":"MongoDB view on HealthData","userIp":"","userAgent":""}
{"timestamp":"2025-05-08T12:04:52.713Z","userId":681,"action":"view","resourceType":"HealthData","resourceId":"latest","details":"MongoDB view on HealthData","userIp":"","userAgent":""}
{"timestamp":"2025-05-08T12:04:52.721Z","userId":681,"action":"view","resourceType":"HealthData","resourceId":"latest","details":"MongoDB view on HealthData","userIp":"","userAgent":""}
{"timestamp":"2025-05-08T12:04:52.727Z","userId":681,"action":"view","resourceType":"HealthData","resourceId":"latest","details":"MongoDB view on HealthData","userIp":"","userAgent":""}
{"timestamp":"2025-05-08T12:04:52.733Z","userId":681,"action":"view","resourceType":"HealthData","resourceId":"latest","details":"MongoDB view on HealthData","userIp":"","userAgent":""}
{"timestamp":"2025-05-08T12:04:52.739Z","userId":681,"action":"view","resourceType":"HealthData","resourceId":"latest","details":"MongoDB view on HealthData","userIp":"","userAgent":""}
{"timestamp":"2025-05-08T12:04:52.745Z","userId":681,"action":"view","resourceType":"HealthData","resourceId":"latest","details":"MongoDB view on HealthData","userIp":"","userAgent":""}
{"timestamp":"2025-05-08T12:04:52.751Z","userId":681,"action":"view","resourceType":"HealthData","resourceId":"latest","details":"MongoDB view on HealthData","userIp":"","userAgent":""}
{"timestamp":"2025-05-08T12:04:52.757Z","userId":681,"action":"view","resourceType":"HealthData","resourceId":"latest","details":"MongoDB view on HealthData","userIp":"","userAgent":""}
{"timestamp":"2025-05-08T12:04:52.763Z","userId":681,"action":"view","resourceType":"HealthData","resourceId":"latest","details":"MongoDB view on HealthData","userIp":"","userAgent":""}
{"timestamp":"2025-05-08T12:04:52.769Z","userId":681,"action":"view","resourceType":"HealthData","resourceId":"latest","details":"MongoDB view on HealthData","userIp":"","userAgent":""}
{"timestamp":"2025-05-08T12:04:52.776Z","userId":681,"action":"view","resourceType":"HealthData","resourceId":"latest","details":"MongoDB view on HealthData","userIp":"","userAgent":""}
{"timestamp":"2025-05-08T12:04:52.782Z","userId":681,"action":"view","resourceType":"HealthData","resourceId":"latest","details":"MongoDB view on HealthData","userIp":"","userAgent":""}
{"timestamp":"2025-05-08T12:04:52.789Z","userId":681,"action":"view","resourceType":"HealthData","resourceId":"latest","details":"MongoDB view on HealthData","userIp":"","userAgent":""}
{"timestamp":"2025-05-08T12:04:52.796Z","userId":681,"action":"view","resourceType":"HealthData","resourceId":"latest","details":"MongoDB view on HealthData","userIp":"","userAgent":""}
{"timestamp":"2025-05-08T12:04:52.801Z","userId":681,"action":"view","resourceType":"HealthData","resourceId":"latest","details":"MongoDB view on HealthData","userIp":"","userAgent":""}
{"timestamp":"2025-05-08T12:04:52.808Z","userId":681,"action":"view","resourceType":"HealthData","resourceId":"latest","details":"MongoDB view on HealthData","userIp":"","userAgent":""}
{"timestamp":"2025-05-08T12:04:52.813Z","userId":681,"action":"view","resourceType":"HealthData","resourceId":"latest","details":"MongoDB view on HealthData","userIp":"","userAgent":""}
{"timestamp":"2025-05-08T12:04:52.819Z","userId":681,"action":"view","resourceType":"HealthData","resourceId":"latest","details":"MongoDB view on HealthData","userIp":"","userAgent":""}
{"timestamp":"2025-05-08T12:04:52.824Z","userId":681,"action":"view","resourceType":"HealthData","resourceId":"latest","details":"MongoDB view on HealthData","userIp":"","userAgent":""}
{"timestamp":"2025-05-08T12:04:52.830Z","userId":681,"action":"view","resourceType":"HealthData","resourceId":"latest","details":"MongoDB view on HealthData","userIp":"","userAgent":""}
{"timestamp":"2025-05-08T12:04:52.835Z","userId":681,"action":"view","resourceType":"HealthData","resourceId":"latest","details":"MongoDB view on HealthData","userIp":"","userAgent":""}
{"timestamp":"2025-05-08T12:04:52.841Z","userId":681,"action":"view","resourceType":"HealthData","resourceId":"latest","details":"MongoDB view on HealthData","userIp":"","userAgent":""}
{"timestamp":"2025-05-08T12:04:52.847Z","userId":681,"action":"view","resourceType":"HealthData","resourceId":"latest","details":"MongoDB view on HealthData","userIp":"","userAgent":""}
{"timestamp":"2025-05-08T12:04:52.853Z","userId":681,"action":"view","resourceType":"HealthData","resourceId":"latest","details":"MongoDB view on HealthData","userIp":"","userAgent":""}
{"timestamp":"2025-05-08T12:04:52.858Z","userId":681,"action":"view","resourceType":"HealthData","resourceId":"latest","details":"MongoDB view on HealthData","userIp":"","userAgent":""}
{"timestamp":"2025-05-08T12:04:52.864Z","userId":681,"action":"view","resourceType":"HealthData","resourceId":"latest","details":"MongoDB view on HealthData","userIp":"","userAgent":""}
{"timestamp":"2025-05-08T12:04:52.870Z","userId":681,"action":"view","resourceType":"HealthData","resourceId":"latest","details":"MongoDB view on HealthData","userIp":"","userAgent":""}
{"timestamp":"2025-05-08T12:04:52.874Z","userId":681,"action":"view","resourceType":"HealthData","resourceId":"latest","details":"MongoDB view on HealthData","userIp":"","userAgent":""}
{"timestamp":"2025-05-08T12:04:52.880Z","userId":681,"action":"view","resourceType":"HealthData","resourceId":"latest","details":"MongoDB view on HealthData","userIp":"","userAgent":""}
{"timestamp":"2025-05-08T12:04:52.887Z","userId":681,"action":"view","resourceType":"HealthData","resourceId":"latest","details":"MongoDB view on HealthData","userIp":"","userAgent":""}
{"timestamp":"2025-05-08T12:04:52.892Z","userId":681,"action":"view","resourceType":"HealthData","resourceId":"latest","details":"MongoDB view on HealthData","userIp":"","userAgent":""}
{"timestamp":"2025-05-08T12:04:52.898Z","userId":681,"action":"view","resourceType":"HealthData","resourceId":"latest","details":"MongoDB view on HealthData","userIp":"","userAgent":""}
{"timestamp":"2025-05-08T12:04:52.905Z","userId":681,"action":"view","resourceType":"HealthData","resourceId":"latest","details":"MongoDB view on HealthData","userIp":"","userAgent":""}
{"timestamp":"2025-05-08T12:04:52.910Z","userId":681,"action":"view","resourceType":"HealthData","resourceId":"latest","details":"MongoDB view on HealthData","userIp":"","userAgent":""}
{"timestamp":"2025-05-08T12:04:52.915Z","userId":681,"action":"view","resourceType":"HealthData","resourceId":"latest","details":"MongoDB view on HealthData","userIp":"","userAgent":""}
{"timestamp":"2025-05-08T12:04:52.921Z","userId":681,"action":"view","resourceType":"HealthData","resourceId":"latest","details":"MongoDB view on HealthData","userIp":"","userAgent":""}
{"timestamp":"2025-05-08T12:04:52.927Z","userId":681,"action":"view","resourceType":"HealthData","resourceId":"latest","details":"MongoDB view on HealthData","userIp":"","userAgent":""}
{"timestamp":"2025-05-08T12:04:52.931Z","userId":681,"action":"view","resourceType":"HealthData","resourceId":"latest","details":"MongoDB view on HealthData","userIp":"","userAgent":""}
{"timestamp":"2025-05-08T12:04:52.937Z","userId":681,"action":"view","resourceType":"HealthData","resourceId":"latest","details":"MongoDB view on HealthData","userIp":"","userAgent":""}
{"timestamp":"2025-05-08T12:04:52.942Z","userId":681,"action":"view","resourceType":"HealthData","resourceId":"latest","details":"MongoDB view on HealthData","userIp":"","userAgent":""}
{"timestamp":"2025-05-08T12:04:52.946Z","userId":681,"action":"view","resourceType":"HealthData","resourceId":"latest","details":"MongoDB view on HealthData","userIp":"","userAgent":""}
{"timestamp":"2025-05-08T12:04:52.952Z","userId":681,"action":"view","resourceType":"HealthData","resourceId":"latest","details":"MongoDB view on HealthData","userIp":"","userAgent":""}
{"timestamp":"2025-05-08T12:04:52.957Z","userId":681,"action":"view","resourceType":"HealthData","resourceId":"latest","details":"MongoDB view on HealthData","userIp":"","userAgent":""}
{"timestamp":"2025-05-08T12:04:52.962Z","userId":681,"action":"view","resourceType":"HealthData","resourceId":"latest","details":"MongoDB view on HealthData","userIp":"","userAgent":""}
{"timestamp":"2025-05-08T12:04:52.967Z","userId":681,"action":"view","resourceType":"HealthData","resourceId":"latest","details":"MongoDB view on HealthData","userIp":"","userAgent":""}
{"timestamp":"2025-05-08T12:04:52.972Z","userId":681,"action":"view","resourceType":"HealthData","resourceId":"latest","details":"MongoDB view on HealthData","userIp":"","userAgent":""}
{"timestamp":"2025-05-08T12:04:52.976Z","userId":681,"action":"view","resourceType":"HealthData","resourceId":"latest","details":"MongoDB view on HealthData","userIp":"","userAgent":""}
{"timestamp":"2025-05-08T12:04:52.980Z","userId":681,"action":"view","resourceType":"HealthData","resourceId":"latest","details":"MongoDB view on HealthData","userIp":"","userAgent":""}
{"timestamp":"2025-05-08T12:04:52.986Z","userId":681,"action":"view","resourceType":"HealthData","resourceId":"latest","details":"MongoDB view on HealthData","userIp":"","userAgent":""}
{"timestamp":"2025-05-08T12:04:52.991Z","userId":681,"action":"view","resourceType":"HealthData","resourceId":"latest","details":"MongoDB view on HealthData","userIp":"","userAgent":""}
{"timestamp":"2025-05-08T12:04:52.996Z","userId":681,"action":"view","resourceType":"HealthData","resourceId":"latest","details":"MongoDB view on HealthData","userIp":"","userAgent":""}
{"timestamp":"2025-05-08T12:04:53.001Z","userId":681,"action":"view","resourceType":"HealthData","resourceId":"latest","details":"MongoDB view on HealthData","userIp":"","userAgent":""}
{"timestamp":"2025-05-08T12:04:53.008Z","userId":681,"action":"view","resourceType":"HealthData","resourceId":"latest","details":"MongoDB view on HealthData","userIp":"","userAgent":""}
{"timestamp":"2025-05-08T12:04:53.015Z","userId":681,"action":"view","resourceType":"HealthData","resourceId":"latest","details":"MongoDB view on HealthData","userIp":"","userAgent":""}
{"timestamp":"2025-05-08T12:04:53.021Z","userId":681,"action":"view","resourceType":"HealthData","resourceId":"latest","details":"MongoDB view on HealthData","userIp":"","userAgent":""}
{"timestamp":"2025-05-08T12:04:53.026Z","userId":681,"action":"view","resourceType":"HealthData","resourceId":"latest","details":"MongoDB view on HealthData","userIp":"","userAgent":""}
{"timestamp":"2025-05-08T12:04:53.031Z","userId":681,"action":"view","resourceType":"HealthData","resourceId":"latest","details":"MongoDB view on HealthData","userIp":"","userAgent":""}
{"timestamp":"2025-05-08T12:04:53.037Z","userId":681,"action":"view","resourceType":"HealthData","resourceId":"latest","details":"MongoDB view on HealthData","userIp":"","userAgent":""}
{"timestamp":"2025-05-08T12:04:53.042Z","userId":681,"action":"view","resourceType":"HealthData","resourceId":"latest","details":"MongoDB view on HealthData","userIp":"","userAgent":""}
{"timestamp":"2025-05-08T12:04:53.047Z","userId":681,"action":"view","resourceType":"HealthData","resourceId":"latest","details":"MongoDB view on HealthData","userIp":"","userAgent":""}
{"timestamp":"2025-05-08T12:04:53.053Z","userId":681,"action":"view","resourceType":"HealthData","resourceId":"latest","details":"MongoDB view on HealthData","userIp":"","userAgent":""}
{"timestamp":"2025-05-08T12:04:53.059Z","userId":681,"action":"view","resourceType":"HealthData","resourceId":"latest","details":"MongoDB view on HealthData","userIp":"","userAgent":""}
{"timestamp":"2025-05-08T12:04:53.064Z","userId":681,"action":"view","resourceType":"HealthData","resourceId":"latest","details":"MongoDB view on HealthData","userIp":"","userAgent":""}
{"timestamp":"2025-05-08T12:04:53.071Z","userId":681,"action":"view","resourceType":"HealthData","resourceId":"latest","details":"MongoDB view on HealthData","userIp":"","userAgent":""}
{"timestamp":"2025-05-08T12:04:53.076Z","userId":681,"action":"view","resourceType":"HealthData","resourceId":"latest","details":"MongoDB view on HealthData","userIp":"","userAgent":""}
{"timestamp":"2025-05-08T12:04:53.082Z","userId":681,"action":"view","resourceType":"HealthData","resourceId":"latest","details":"MongoDB view on HealthData","userIp":"","userAgent":""}
{"timestamp":"2025-05-08T12:04:53.087Z","userId":681,"action":"view","resourceType":"HealthData","resourceId":"latest","details":"MongoDB view on HealthData","userIp":"","userAgent":""}
{"timestamp":"2025-05-08T12:04:53.093Z","userId":681,"action":"view","resourceType":"HealthData","resourceId":"latest","details":"MongoDB view on HealthData","userIp":"","userAgent":""}
{"timestamp":"2025-05-08T12:04:53.098Z","userId":681,"action":"view","resourceType":"HealthData","resourceId":"latest","details":"MongoDB view on HealthData","userIp":"","userAgent":""}
{"timestamp":"2025-05-08T12:04:53.104Z","userId":681,"action":"view","resourceType":"HealthData","resourceId":"latest","details":"MongoDB view on HealthData","userIp":"","userAgent":""}
{"timestamp":"2025-05-08T12:04:53.109Z","userId":681,"action":"view","resourceType":"HealthData","resourceId":"latest","details":"MongoDB view on HealthData","userIp":"","userAgent":""}
{"timestamp":"2025-05-08T12:04:53.114Z","userId":681,"action":"view","resourceType":"HealthData","resourceId":"latest","details":"MongoDB view on HealthData","userIp":"","userAgent":""}
{"timestamp":"2025-05-08T12:04:53.119Z","userId":681,"action":"view","resourceType":"HealthData","resourceId":"latest","details":"MongoDB view on HealthData","userIp":"","userAgent":""}
{"timestamp":"2025-05-08T12:04:53.124Z","userId":681,"action":"view","resourceType":"HealthData","resourceId":"latest","details":"MongoDB view on HealthData","userIp":"","userAgent":""}
{"timestamp":"2025-05-08T12:04:53.129Z","userId":681,"action":"view","resourceType":"HealthData","resourceId":"latest","details":"MongoDB view on HealthData","userIp":"","userAgent":""}
{"timestamp":"2025-05-08T12:04:53.134Z","userId":681,"action":"view","resourceType":"HealthData","resourceId":"latest","details":"MongoDB view on HealthData","userIp":"","userAgent":""}
{"timestamp":"2025-05-08T12:04:53.139Z","userId":681,"action":"view","resourceType":"HealthData","resourceId":"latest","details":"MongoDB view on HealthData","userIp":"","userAgent":""}
{"timestamp":"2025-05-08T12:04:53.144Z","userId":681,"action":"view","resourceType":"HealthData","resourceId":"latest","details":"MongoDB view on HealthData","userIp":"","userAgent":""}
{"timestamp":"2025-05-08T12:04:53.151Z","userId":681,"action":"view","resourceType":"HealthData","resourceId":"latest","details":"MongoDB view on HealthData","userIp":"","userAgent":""}
{"timestamp":"2025-05-08T12:04:53.156Z","userId":681,"action":"view","resourceType":"HealthData","resourceId":"latest","details":"MongoDB view on HealthData","userIp":"","userAgent":""}
{"timestamp":"2025-05-08T12:04:53.162Z","userId":681,"action":"view","resourceType":"HealthData","resourceId":"latest","details":"MongoDB view on HealthData","userIp":"","userAgent":""}
{"timestamp":"2025-05-08T12:04:53.167Z","userId":681,"action":"view","resourceType":"HealthData","resourceId":"latest","details":"MongoDB view on HealthData","userIp":"","userAgent":""}
{"timestamp":"2025-05-08T12:04:53.173Z","userId":681,"action":"view","resourceType":"HealthData","resourceId":"latest","details":"MongoDB view on HealthData","userIp":"","userAgent":""}
{"timestamp":"2025-05-08T12:04:53.178Z","userId":681,"action":"view","resourceType":"HealthData","resourceId":"latest","details":"MongoDB view on HealthData","userIp":"","userAgent":""}
{"timestamp":"2025-05-08T12:04:53.182Z","userId":681,"action":"view","resourceType":"HealthData","resourceId":"latest","details":"MongoDB view on HealthData","userIp":"","userAgent":""}
{"timestamp":"2025-05-08T12:04:53.188Z","userId":681,"action":"view","resourceType":"HealthData","resourceId":"latest","details":"MongoDB view on HealthData","userIp":"","userAgent":""}
{"timestamp":"2025-05-08T12:04:53.193Z","userId":681,"action":"view","resourceType":"HealthData","resourceId":"latest","details":"MongoDB view on HealthData","userIp":"","userAgent":""}
{"timestamp":"2025-05-08T12:04:53.198Z","userId":681,"action":"view","resourceType":"HealthData","resourceId":"latest","details":"MongoDB view on HealthData","userIp":"","userAgent":""}
{"timestamp":"2025-05-08T12:04:53.203Z","userId":681,"action":"view","resourceType":"HealthData","resourceId":"latest","details":"MongoDB view on HealthData","userIp":"","userAgent":""}
{"timestamp":"2025-05-08T12:04:53.209Z","userId":681,"action":"view","resourceType":"HealthData","resourceId":"latest","details":"MongoDB view on HealthData","userIp":"","userAgent":""}
{"timestamp":"2025-05-08T12:04:53.213Z","userId":681,"action":"view","resourceType":"HealthData","resourceId":"latest","details":"MongoDB view on HealthData","userIp":"","userAgent":""}
{"timestamp":"2025-05-08T12:04:53.218Z","userId":681,"action":"view","resourceType":"HealthData","resourceId":"latest","details":"MongoDB view on HealthData","userIp":"","userAgent":""}
{"timestamp":"2025-05-08T12:04:53.223Z","userId":681,"action":"view","resourceType":"HealthData","resourceId":"latest","details":"MongoDB view on HealthData","userIp":"","userAgent":""}
{"timestamp":"2025-05-08T12:04:53.229Z","userId":681,"action":"view","resourceType":"HealthData","resourceId":"latest","details":"MongoDB view on HealthData","userIp":"","userAgent":""}
{"timestamp":"2025-05-08T12:04:53.234Z","userId":681,"action":"view","resourceType":"HealthData","resourceId":"latest","details":"MongoDB view on HealthData","userIp":"","userAgent":""}
{"timestamp":"2025-05-08T12:04:53.239Z","userId":681,"action":"view","resourceType":"HealthData","resourceId":"latest","details":"MongoDB view on HealthData","userIp":"","userAgent":""}
{"timestamp":"2025-05-08T12:04:53.244Z","userId":681,"action":"view","resourceType":"HealthData","resourceId":"latest","details":"MongoDB view on HealthData","userIp":"","userAgent":""}
{"timestamp":"2025-05-08T12:04:53.250Z","userId":681,"action":"view","resourceType":"HealthData","resourceId":"latest","details":"MongoDB view on HealthData","userIp":"","userAgent":""}
{"timestamp":"2025-05-08T12:04:53.255Z","userId":681,"action":"view","resourceType":"HealthData","resourceId":"latest","details":"MongoDB view on HealthData","userIp":"","userAgent":""}
{"timestamp":"2025-05-08T12:04:53.260Z","userId":681,"action":"view","resourceType":"HealthData","resourceId":"latest","details":"MongoDB view on HealthData","userIp":"","userAgent":""}
{"timestamp":"2025-05-08T12:04:53.266Z","userId":681,"action":"view","resourceType":"HealthData","resourceId":"latest","details":"MongoDB view on HealthData","userIp":"","userAgent":""}
{"timestamp":"2025-05-08T12:04:53.272Z","userId":681,"action":"view","resourceType":"HealthData","resourceId":"latest","details":"MongoDB view on HealthData","userIp":"","userAgent":""}
{"timestamp":"2025-05-08T12:04:53.276Z","userId":681,"action":"view","resourceType":"HealthData","resourceId":"latest","details":"MongoDB view on HealthData","userIp":"","userAgent":""}
{"timestamp":"2025-05-08T12:04:53.281Z","userId":681,"action":"view","resourceType":"HealthData","resourceId":"latest","details":"MongoDB view on HealthData","userIp":"","userAgent":""}
{"timestamp":"2025-05-08T12:04:53.287Z","userId":681,"action":"view","resourceType":"HealthData","resourceId":"latest","details":"MongoDB view on HealthData","userIp":"","userAgent":""}
{"timestamp":"2025-05-08T12:04:53.292Z","userId":681,"action":"view","resourceType":"HealthData","resourceId":"latest","details":"MongoDB view on HealthData","userIp":"","userAgent":""}
{"timestamp":"2025-05-08T12:04:53.298Z","userId":681,"action":"view","resourceType":"HealthData","resourceId":"latest","details":"MongoDB view on HealthData","userIp":"","userAgent":""}
{"timestamp":"2025-05-08T12:04:53.303Z","userId":681,"action":"view","resourceType":"HealthData","resourceId":"latest","details":"MongoDB view on HealthData","userIp":"","userAgent":""}
{"timestamp":"2025-05-08T12:04:53.308Z","userId":681,"action":"view","resourceType":"HealthData","resourceId":"latest","details":"MongoDB view on HealthData","userIp":"","userAgent":""}
{"timestamp":"2025-05-08T12:04:53.313Z","userId":681,"action":"view","resourceType":"HealthData","resourceId":"latest","details":"MongoDB view on HealthData","userIp":"","userAgent":""}
{"timestamp":"2025-05-08T12:04:53.319Z","userId":681,"action":"view","resourceType":"HealthData","resourceId":"latest","details":"MongoDB view on HealthData","userIp":"","userAgent":""}
{"timestamp":"2025-05-08T12:04:53.326Z","userId":681,"action":"view","resourceType":"HealthData","resourceId":"latest","details":"MongoDB view on HealthData","userIp":"","userAgent":""}
{"timestamp":"2025-05-08T12:04:53.331Z","userId":681,"action":"view","resourceType":"HealthData","resourceId":"latest","details":"MongoDB view on HealthData","userIp":"","userAgent":""}
{"timestamp":"2025-05-08T12:04:53.337Z","userId":681,"action":"view","resourceType":"HealthData","resourceId":"latest","details":"MongoDB view on HealthData","userIp":"","userAgent":""}
{"timestamp":"2025-05-08T12:04:53.341Z","userId":681,"action":"view","resourceType":"HealthData","resourceId":"latest","details":"MongoDB view on HealthData","userIp":"","userAgent":""}
{"timestamp":"2025-05-08T12:04:53.347Z","userId":681,"action":"view","resourceType":"HealthData","resourceId":"latest","details":"MongoDB view on HealthData","userIp":"","userAgent":""}
{"timestamp":"2025-05-08T12:04:53.352Z","userId":681,"action":"view","resourceType":"HealthData","resourceId":"latest","details":"MongoDB view on HealthData","userIp":"","userAgent":""}
{"timestamp":"2025-05-08T12:04:53.357Z","userId":681,"action":"view","resourceType":"HealthData","resourceId":"latest","details":"MongoDB view on HealthData","userIp":"","userAgent":""}
{"timestamp":"2025-05-08T12:04:53.362Z","userId":681,"action":"view","resourceType":"HealthData","resourceId":"latest","details":"MongoDB view on HealthData","userIp":"","userAgent":""}
{"timestamp":"2025-05-08T12:04:53.369Z","userId":681,"action":"view","resourceType":"HealthData","resourceId":"latest","details":"MongoDB view on HealthData","userIp":"","userAgent":""}
{"timestamp":"2025-05-08T12:04:53.374Z","userId":681,"action":"view","resourceType":"HealthData","resourceId":"latest","details":"MongoDB view on HealthData","userIp":"","userAgent":""}
{"timestamp":"2025-05-08T12:04:53.379Z","userId":681,"action":"view","resourceType":"HealthData","resourceId":"latest","details":"MongoDB view on HealthData","userIp":"","userAgent":""}
{"timestamp":"2025-05-08T12:04:53.385Z","userId":681,"action":"view","resourceType":"HealthData","resourceId":"latest","details":"MongoDB view on HealthData","userIp":"","userAgent":""}
{"timestamp":"2025-05-08T12:04:53.389Z","userId":681,"action":"view","resourceType":"HealthData","resourceId":"latest","details":"MongoDB view on HealthData","userIp":"","userAgent":""}
{"timestamp":"2025-05-08T12:04:53.395Z","userId":681,"action":"view","resourceType":"HealthData","resourceId":"latest","details":"MongoDB view on HealthData","userIp":"","userAgent":""}
{"timestamp":"2025-05-08T12:04:53.401Z","userId":681,"action":"view","resourceType":"HealthData","resourceId":"latest","details":"MongoDB view on HealthData","userIp":"","userAgent":""}
{"timestamp":"2025-05-08T12:04:53.407Z","userId":681,"action":"view","resourceType":"HealthData","resourceId":"latest","details":"MongoDB view on HealthData","userIp":"","userAgent":""}
{"timestamp":"2025-05-08T12:04:53.413Z","userId":681,"action":"view","resourceType":"HealthData","resourceId":"latest","details":"MongoDB view on HealthData","userIp":"","userAgent":""}
{"timestamp":"2025-05-08T12:04:53.418Z","userId":681,"action":"view","resourceType":"HealthData","resourceId":"latest","details":"MongoDB view on HealthData","userIp":"","userAgent":""}
{"timestamp":"2025-05-08T12:04:53.424Z","userId":681,"action":"view","resourceType":"HealthData","resourceId":"latest","details":"MongoDB view on HealthData","userIp":"","userAgent":""}
{"timestamp":"2025-05-08T12:04:53.430Z","userId":681,"action":"view","resourceType":"HealthData","resourceId":"latest","details":"MongoDB view on HealthData","userIp":"","userAgent":""}
{"timestamp":"2025-05-08T12:04:53.436Z","userId":681,"action":"view","resourceType":"HealthData","resourceId":"latest","details":"MongoDB view on HealthData","userIp":"","userAgent":""}
{"timestamp":"2025-05-08T12:04:53.441Z","userId":681,"action":"view","resourceType":"HealthData","resourceId":"latest","details":"MongoDB view on HealthData","userIp":"","userAgent":""}
{"timestamp":"2025-05-08T12:04:53.446Z","userId":681,"action":"view","resourceType":"HealthData","resourceId":"latest","details":"MongoDB view on HealthData","userIp":"","userAgent":""}
{"timestamp":"2025-05-08T12:04:53.451Z","userId":681,"action":"view","resourceType":"HealthData","resourceId":"latest","details":"MongoDB view on HealthData","userIp":"","userAgent":""}
{"timestamp":"2025-05-08T12:04:53.453Z","userId":681,"action":"view","resourceType":"HealthData","resourceId":"latest","details":"MongoDB view on HealthData","userIp":"","userAgent":""}
{"timestamp":"2025-05-08T12:04:53.457Z","userId":681,"action":"view","resourceType":"HealthData","resourceId":"latest","details":"MongoDB view on HealthData","userIp":"","userAgent":""}
{"timestamp":"2025-05-08T12:04:53.461Z","userId":681,"action":"view","resourceType":"HealthData","resourceId":"latest","details":"MongoDB view on HealthData","userIp":"","userAgent":""}
{"timestamp":"2025-05-08T12:04:53.465Z","userId":681,"action":"view","resourceType":"HealthData","resourceId":"latest","details":"MongoDB view on HealthData","userIp":"","userAgent":""}
{"timestamp":"2025-05-08T12:04:53.471Z","userId":681,"action":"view","resourceType":"HealthData","resourceId":"latest","details":"MongoDB view on HealthData","userIp":"","userAgent":""}
{"timestamp":"2025-05-08T12:04:53.477Z","userId":681,"action":"view","resourceType":"HealthData","resourceId":"latest","details":"MongoDB view on HealthData","userIp":"","userAgent":""}
{"timestamp":"2025-05-08T12:04:53.481Z","userId":681,"action":"view","resourceType":"HealthData","resourceId":"latest","details":"MongoDB view on HealthData","userIp":"","userAgent":""}
{"timestamp":"2025-05-08T12:04:53.484Z","userId":681,"action":"view","resourceType":"HealthData","resourceId":"latest","details":"MongoDB view on HealthData","userIp":"","userAgent":""}
{"timestamp":"2025-05-08T12:04:53.487Z","userId":681,"action":"view","resourceType":"HealthData","resourceId":"latest","details":"MongoDB view on HealthData","userIp":"","userAgent":""}
{"timestamp":"2025-05-08T12:04:53.492Z","userId":681,"action":"view","resourceType":"HealthData","resourceId":"latest","details":"MongoDB view on HealthData","userIp":"","userAgent":""}
{"timestamp":"2025-05-08T12:04:53.497Z","userId":681,"action":"view","resourceType":"HealthData","resourceId":"latest","details":"MongoDB view on HealthData","userIp":"","userAgent":""}
{"timestamp":"2025-05-08T12:04:53.501Z","userId":681,"action":"view","resourceType":"HealthData","resourceId":"latest","details":"MongoDB view on HealthData","userIp":"","userAgent":""}
{"timestamp":"2025-05-08T12:04:53.507Z","userId":681,"action":"view","resourceType":"HealthData","resourceId":"latest","details":"MongoDB view on HealthData","userIp":"","userAgent":""}
{"timestamp":"2025-05-08T12:04:53.511Z","userId":681,"action":"view","resourceType":"HealthData","resourceId":"latest","details":"MongoDB view on HealthData","userIp":"","userAgent":""}
{"timestamp":"2025-05-08T12:04:53.516Z","userId":681,"action":"view","resourceType":"HealthData","resourceId":"latest","details":"MongoDB view on HealthData","userIp":"","userAgent":""}
{"timestamp":"2025-05-08T12:04:53.522Z","userId":681,"action":"view","resourceType":"HealthData","resourceId":"latest","details":"MongoDB view on HealthData","userIp":"","userAgent":""}
{"timestamp":"2025-05-08T12:04:53.527Z","userId":681,"action":"view","resourceType":"HealthData","resourceId":"latest","details":"MongoDB view on HealthData","userIp":"","userAgent":""}
{"timestamp":"2025-05-08T12:04:53.533Z","userId":681,"action":"view","resourceType":"HealthData","resourceId":"latest","details":"MongoDB view on HealthData","userIp":"","userAgent":""}
{"timestamp":"2025-05-08T12:04:53.538Z","userId":681,"action":"view","resourceType":"HealthData","resourceId":"latest","details":"MongoDB view on HealthData","userIp":"","userAgent":""}
{"timestamp":"2025-05-08T12:04:53.544Z","userId":681,"action":"view","resourceType":"HealthData","resourceId":"latest","details":"MongoDB view on HealthData","userIp":"","userAgent":""}
{"timestamp":"2025-05-08T12:04:53.549Z","userId":681,"action":"view","resourceType":"HealthData","resourceId":"latest","details":"MongoDB view on HealthData","userIp":"","userAgent":""}
{"timestamp":"2025-05-08T12:04:53.554Z","userId":681,"action":"view","resourceType":"HealthData","resourceId":"latest","details":"MongoDB view on HealthData","userIp":"","userAgent":""}
{"timestamp":"2025-05-08T12:04:53.560Z","userId":681,"action":"view","resourceType":"HealthData","resourceId":"latest","details":"MongoDB view on HealthData","userIp":"","userAgent":""}
{"timestamp":"2025-05-08T12:04:53.565Z","userId":681,"action":"view","resourceType":"HealthData","resourceId":"latest","details":"MongoDB view on HealthData","userIp":"","userAgent":""}
{"timestamp":"2025-05-08T12:04:53.570Z","userId":681,"action":"view","resourceType":"HealthData","resourceId":"latest","details":"MongoDB view on HealthData","userIp":"","userAgent":""}
{"timestamp":"2025-05-08T12:04:53.575Z","userId":681,"action":"view","resourceType":"HealthData","resourceId":"latest","details":"MongoDB view on HealthData","userIp":"","userAgent":""}
{"timestamp":"2025-05-08T12:04:53.580Z","userId":681,"action":"view","resourceType":"HealthData","resourceId":"latest","details":"MongoDB view on HealthData","userIp":"","userAgent":""}
{"timestamp":"2025-05-08T12:04:53.585Z","userId":681,"action":"view","resourceType":"HealthData","resourceId":"latest","details":"MongoDB view on HealthData","userIp":"","userAgent":""}
{"timestamp":"2025-05-08T12:04:53.591Z","userId":681,"action":"view","resourceType":"HealthData","resourceId":"latest","details":"MongoDB view on HealthData","userIp":"","userAgent":""}
{"timestamp":"2025-05-08T12:04:53.596Z","userId":681,"action":"view","resourceType":"HealthData","resourceId":"latest","details":"MongoDB view on HealthData","userIp":"","userAgent":""}
{"timestamp":"2025-05-08T12:04:53.601Z","userId":681,"action":"view","resourceType":"HealthData","resourceId":"latest","details":"MongoDB view on HealthData","userIp":"","userAgent":""}
{"timestamp":"2025-05-08T12:04:53.606Z","userId":681,"action":"view","resourceType":"HealthData","resourceId":"latest","details":"MongoDB view on HealthData","userIp":"","userAgent":""}
{"timestamp":"2025-05-08T12:04:53.612Z","userId":681,"action":"view","resourceType":"HealthData","resourceId":"latest","details":"MongoDB view on HealthData","userIp":"","userAgent":""}
{"timestamp":"2025-05-08T12:04:53.617Z","userId":681,"action":"view","resourceType":"HealthData","resourceId":"latest","details":"MongoDB view on HealthData","userIp":"","userAgent":""}
{"timestamp":"2025-05-08T12:04:53.622Z","userId":681,"action":"view","resourceType":"HealthData","resourceId":"latest","details":"MongoDB view on HealthData","userIp":"","userAgent":""}
{"timestamp":"2025-05-08T12:04:53.628Z","userId":681,"action":"view","resourceType":"HealthData","resourceId":"latest","details":"MongoDB view on HealthData","userIp":"","userAgent":""}
{"timestamp":"2025-05-08T12:04:53.634Z","userId":681,"action":"view","resourceType":"HealthData","resourceId":"latest","details":"MongoDB view on HealthData","userIp":"","userAgent":""}
{"timestamp":"2025-05-08T12:04:53.640Z","userId":681,"action":"view","resourceType":"HealthData","resourceId":"latest","details":"MongoDB view on HealthData","userIp":"","userAgent":""}
{"timestamp":"2025-05-08T12:04:53.645Z","userId":681,"action":"view","resourceType":"HealthData","resourceId":"latest","details":"MongoDB view on HealthData","userIp":"","userAgent":""}
{"timestamp":"2025-05-08T12:04:53.650Z","userId":681,"action":"view","resourceType":"HealthData","resourceId":"latest","details":"MongoDB view on HealthData","userIp":"","userAgent":""}
{"timestamp":"2025-05-08T12:04:53.656Z","userId":681,"action":"view","resourceType":"HealthData","resourceId":"latest","details":"MongoDB view on HealthData","userIp":"","userAgent":""}
{"timestamp":"2025-05-08T12:04:53.660Z","userId":681,"action":"view","resourceType":"HealthData","resourceId":"latest","details":"MongoDB view on HealthData","userIp":"","userAgent":""}
{"timestamp":"2025-05-08T12:04:53.665Z","userId":681,"action":"view","resourceType":"HealthData","resourceId":"latest","details":"MongoDB view on HealthData","userIp":"","userAgent":""}
{"timestamp":"2025-05-08T12:04:53.671Z","userId":681,"action":"view","resourceType":"HealthData","resourceId":"latest","details":"MongoDB view on HealthData","userIp":"","userAgent":""}
{"timestamp":"2025-05-08T12:04:53.675Z","userId":681,"action":"view","resourceType":"HealthData","resourceId":"latest","details":"MongoDB view on HealthData","userIp":"","userAgent":""}
{"timestamp":"2025-05-08T12:04:53.680Z","userId":681,"action":"view","resourceType":"HealthData","resourceId":"latest","details":"MongoDB view on HealthData","userIp":"","userAgent":""}
{"timestamp":"2025-05-08T12:04:53.686Z","userId":681,"action":"view","resourceType":"HealthData","resourceId":"latest","details":"MongoDB view on HealthData","userIp":"","userAgent":""}
{"timestamp":"2025-05-08T12:04:53.692Z","userId":681,"action":"view","resourceType":"HealthData","resourceId":"latest","details":"MongoDB view on HealthData","userIp":"","userAgent":""}
{"timestamp":"2025-05-08T12:04:53.696Z","userId":681,"action":"view","resourceType":"HealthData","resourceId":"latest","details":"MongoDB view on HealthData","userIp":"","userAgent":""}
{"timestamp":"2025-05-08T12:04:53.702Z","userId":681,"action":"view","resourceType":"HealthData","resourceId":"latest","details":"MongoDB view on HealthData","userIp":"","userAgent":""}
{"timestamp":"2025-05-08T12:04:53.707Z","userId":681,"action":"view","resourceType":"HealthData","resourceId":"latest","details":"MongoDB view on HealthData","userIp":"","userAgent":""}
{"timestamp":"2025-05-08T12:04:53.712Z","userId":681,"action":"view","resourceType":"HealthData","resourceId":"latest","details":"MongoDB view on HealthData","userIp":"","userAgent":""}
{"timestamp":"2025-05-08T12:04:53.717Z","userId":681,"action":"view","resourceType":"HealthData","resourceId":"latest","details":"MongoDB view on HealthData","userIp":"","userAgent":""}
{"timestamp":"2025-05-08T12:04:53.722Z","userId":681,"action":"view","resourceType":"HealthData","resourceId":"latest","details":"MongoDB view on HealthData","userIp":"","userAgent":""}
{"timestamp":"2025-05-08T12:04:53.726Z","userId":681,"action":"view","resourceType":"HealthData","resourceId":"latest","details":"MongoDB view on HealthData","userIp":"","userAgent":""}
{"timestamp":"2025-05-08T12:04:53.732Z","userId":681,"action":"view","resourceType":"HealthData","resourceId":"latest","details":"MongoDB view on HealthData","userIp":"","userAgent":""}
{"timestamp":"2025-05-08T12:04:53.737Z","userId":681,"action":"view","resourceType":"HealthData","resourceId":"latest","details":"MongoDB view on HealthData","userIp":"","userAgent":""}
{"timestamp":"2025-05-08T12:04:53.741Z","userId":681,"action":"view","resourceType":"HealthData","resourceId":"latest","details":"MongoDB view on HealthData","userIp":"","userAgent":""}
{"timestamp":"2025-05-08T12:04:53.747Z","userId":681,"action":"view","resourceType":"HealthData","resourceId":"latest","details":"MongoDB view on HealthData","userIp":"","userAgent":""}
{"timestamp":"2025-05-08T12:04:53.752Z","userId":681,"action":"view","resourceType":"HealthData","resourceId":"latest","details":"MongoDB view on HealthData","userIp":"","userAgent":""}
{"timestamp":"2025-05-08T12:04:53.757Z","userId":681,"action":"view","resourceType":"HealthData","resourceId":"latest","details":"MongoDB view on HealthData","userIp":"","userAgent":""}
{"timestamp":"2025-05-08T12:04:53.762Z","userId":681,"action":"view","resourceType":"HealthData","resourceId":"latest","details":"MongoDB view on HealthData","userIp":"","userAgent":""}
{"timestamp":"2025-05-08T12:04:53.767Z","userId":681,"action":"view","resourceType":"HealthData","resourceId":"latest","details":"MongoDB view on HealthData","userIp":"","userAgent":""}
{"timestamp":"2025-05-08T12:04:53.773Z","userId":681,"action":"view","resourceType":"HealthData","resourceId":"latest","details":"MongoDB view on HealthData","userIp":"","userAgent":""}
{"timestamp":"2025-05-08T12:04:53.778Z","userId":681,"action":"view","resourceType":"HealthData","resourceId":"latest","details":"MongoDB view on HealthData","userIp":"","userAgent":""}
{"timestamp":"2025-05-08T12:04:53.784Z","userId":681,"action":"view","resourceType":"HealthData","resourceId":"latest","details":"MongoDB view on HealthData","userIp":"","userAgent":""}
{"timestamp":"2025-05-08T12:04:53.789Z","userId":681,"action":"view","resourceType":"HealthData","resourceId":"latest","details":"MongoDB view on HealthData","userIp":"","userAgent":""}
{"timestamp":"2025-05-08T12:04:53.796Z","userId":681,"action":"view","resourceType":"HealthData","resourceId":"latest","details":"MongoDB view on HealthData","userIp":"","userAgent":""}
{"timestamp":"2025-05-08T12:04:53.805Z","userId":681,"action":"view","resourceType":"HealthData","resourceId":"latest","details":"MongoDB view on HealthData","userIp":"","userAgent":""}
{"timestamp":"2025-05-08T12:04:53.812Z","userId":681,"action":"view","resourceType":"HealthData","resourceId":"latest","details":"MongoDB view on HealthData","userIp":"","userAgent":""}
{"timestamp":"2025-05-08T12:04:53.818Z","userId":681,"action":"view","resourceType":"HealthData","resourceId":"latest","details":"MongoDB view on HealthData","userIp":"","userAgent":""}
{"timestamp":"2025-05-08T12:04:53.824Z","userId":681,"action":"view","resourceType":"HealthData","resourceId":"latest","details":"MongoDB view on HealthData","userIp":"","userAgent":""}
{"timestamp":"2025-05-08T12:04:53.830Z","userId":681,"action":"view","resourceType":"HealthData","resourceId":"latest","details":"MongoDB view on HealthData","userIp":"","userAgent":""}
{"timestamp":"2025-05-08T12:04:53.834Z","userId":681,"action":"view","resourceType":"HealthData","resourceId":"latest","details":"MongoDB view on HealthData","userIp":"","userAgent":""}
{"timestamp":"2025-05-08T12:04:53.839Z","userId":681,"action":"view","resourceType":"HealthData","resourceId":"latest","details":"MongoDB view on HealthData","userIp":"","userAgent":""}
{"timestamp":"2025-05-08T12:04:53.844Z","userId":681,"action":"view","resourceType":"HealthData","resourceId":"latest","details":"MongoDB view on HealthData","userIp":"","userAgent":""}
{"timestamp":"2025-05-08T12:04:53.850Z","userId":681,"action":"view","resourceType":"HealthData","resourceId":"latest","details":"MongoDB view on HealthData","userIp":"","userAgent":""}
{"timestamp":"2025-05-08T12:04:53.855Z","userId":681,"action":"view","resourceType":"HealthData","resourceId":"latest","details":"MongoDB view on HealthData","userIp":"","userAgent":""}
{"timestamp":"2025-05-08T12:04:53.861Z","userId":681,"action":"view","resourceType":"HealthData","resourceId":"latest","details":"MongoDB view on HealthData","userIp":"","userAgent":""}
{"timestamp":"2025-05-08T12:04:53.866Z","userId":681,"action":"view","resourceType":"HealthData","resourceId":"latest","details":"MongoDB view on HealthData","userIp":"","userAgent":""}
{"timestamp":"2025-05-08T12:04:53.871Z","userId":681,"action":"view","resourceType":"HealthData","resourceId":"latest","details":"MongoDB view on HealthData","userIp":"","userAgent":""}
{"timestamp":"2025-05-08T12:04:53.877Z","userId":681,"action":"view","resourceType":"HealthData","resourceId":"latest","details":"MongoDB view on HealthData","userIp":"","userAgent":""}
{"timestamp":"2025-05-08T12:04:53.882Z","userId":681,"action":"view","resourceType":"HealthData","resourceId":"latest","details":"MongoDB view on HealthData","userIp":"","userAgent":""}
{"timestamp":"2025-05-08T12:04:53.887Z","userId":681,"action":"view","resourceType":"HealthData","resourceId":"latest","details":"MongoDB view on HealthData","userIp":"","userAgent":""}
{"timestamp":"2025-05-08T12:04:53.893Z","userId":681,"action":"view","resourceType":"HealthData","resourceId":"latest","details":"MongoDB view on HealthData","userIp":"","userAgent":""}
{"timestamp":"2025-05-08T12:04:53.897Z","userId":681,"action":"view","resourceType":"HealthData","resourceId":"latest","details":"MongoDB view on HealthData","userIp":"","userAgent":""}
{"timestamp":"2025-05-08T12:04:53.902Z","userId":681,"action":"view","resourceType":"HealthData","resourceId":"latest","details":"MongoDB view on HealthData","userIp":"","userAgent":""}
{"timestamp":"2025-05-08T12:04:53.907Z","userId":681,"action":"view","resourceType":"HealthData","resourceId":"latest","details":"MongoDB view on HealthData","userIp":"","userAgent":""}
{"timestamp":"2025-05-08T12:04:53.912Z","userId":681,"action":"view","resourceType":"HealthData","resourceId":"latest","details":"MongoDB view on HealthData","userIp":"","userAgent":""}
{"timestamp":"2025-05-08T12:04:53.917Z","userId":681,"action":"view","resourceType":"HealthData","resourceId":"latest","details":"MongoDB view on HealthData","userIp":"","userAgent":""}
{"timestamp":"2025-05-08T12:04:53.922Z","userId":681,"action":"view","resourceType":"HealthData","resourceId":"latest","details":"MongoDB view on HealthData","userIp":"","userAgent":""}
{"timestamp":"2025-05-08T12:04:53.928Z","userId":681,"action":"view","resourceType":"HealthData","resourceId":"latest","details":"MongoDB view on HealthData","userIp":"","userAgent":""}
{"timestamp":"2025-05-08T12:04:53.933Z","userId":681,"action":"view","resourceType":"HealthData","resourceId":"latest","details":"MongoDB view on HealthData","userIp":"","userAgent":""}
{"timestamp":"2025-05-08T12:04:53.939Z","userId":681,"action":"view","resourceType":"HealthData","resourceId":"latest","details":"MongoDB view on HealthData","userIp":"","userAgent":""}
{"timestamp":"2025-05-08T12:04:53.944Z","userId":681,"action":"view","resourceType":"HealthData","resourceId":"latest","details":"MongoDB view on HealthData","userIp":"","userAgent":""}
{"timestamp":"2025-05-08T12:04:53.949Z","userId":681,"action":"view","resourceType":"HealthData","resourceId":"latest","details":"MongoDB view on HealthData","userIp":"","userAgent":""}
{"timestamp":"2025-05-08T12:04:53.954Z","userId":681,"action":"view","resourceType":"HealthData","resourceId":"latest","details":"MongoDB view on HealthData","userIp":"","userAgent":""}
{"timestamp":"2025-05-08T12:04:53.959Z","userId":681,"action":"view","resourceType":"HealthData","resourceId":"latest","details":"MongoDB view on HealthData","userIp":"","userAgent":""}
{"timestamp":"2025-05-08T12:04:53.964Z","userId":681,"action":"view","resourceType":"HealthData","resourceId":"latest","details":"MongoDB view on HealthData","userIp":"","userAgent":""}
{"timestamp":"2025-05-08T12:04:53.969Z","userId":681,"action":"view","resourceType":"HealthData","resourceId":"latest","details":"MongoDB view on HealthData","userIp":"","userAgent":""}
{"timestamp":"2025-05-08T12:04:53.974Z","userId":681,"action":"view","resourceType":"HealthData","resourceId":"latest","details":"MongoDB view on HealthData","userIp":"","userAgent":""}
{"timestamp":"2025-05-08T12:04:53.979Z","userId":681,"action":"view","resourceType":"HealthData","resourceId":"latest","details":"MongoDB view on HealthData","userIp":"","userAgent":""}
{"timestamp":"2025-05-08T12:04:53.984Z","userId":681,"action":"view","resourceType":"HealthData","resourceId":"latest","details":"MongoDB view on HealthData","userIp":"","userAgent":""}
{"timestamp":"2025-05-08T12:04:53.989Z","userId":681,"action":"view","resourceType":"HealthData","resourceId":"latest","details":"MongoDB view on HealthData","userIp":"","userAgent":""}
{"timestamp":"2025-05-08T12:04:53.994Z","userId":681,"action":"view","resourceType":"HealthData","resourceId":"latest","details":"MongoDB view on HealthData","userIp":"","userAgent":""}
{"timestamp":"2025-05-08T12:04:54.002Z","userId":681,"action":"view","resourceType":"HealthData","resourceId":"latest","details":"MongoDB view on HealthData","userIp":"","userAgent":""}
{"timestamp":"2025-05-08T12:04:54.014Z","userId":681,"action":"view","resourceType":"HealthData","resourceId":"latest","details":"MongoDB view on HealthData","userIp":"","userAgent":""}
{"timestamp":"2025-05-08T12:04:54.022Z","userId":681,"action":"view","resourceType":"HealthData","resourceId":"latest","details":"MongoDB view on HealthData","userIp":"","userAgent":""}
{"timestamp":"2025-05-08T12:04:54.030Z","userId":681,"action":"view","resourceType":"HealthData","resourceId":"latest","details":"MongoDB view on HealthData","userIp":"","userAgent":""}
{"timestamp":"2025-05-08T12:04:54.036Z","userId":681,"action":"view","resourceType":"HealthData","resourceId":"latest","details":"MongoDB view on HealthData","userIp":"","userAgent":""}
{"timestamp":"2025-05-08T12:04:54.041Z","userId":681,"action":"view","resourceType":"HealthData","resourceId":"latest","details":"MongoDB view on HealthData","userIp":"","userAgent":""}
{"timestamp":"2025-05-08T12:04:54.046Z","userId":681,"action":"view","resourceType":"HealthData","resourceId":"latest","details":"MongoDB view on HealthData","userIp":"","userAgent":""}
{"timestamp":"2025-05-08T12:04:54.052Z","userId":681,"action":"view","resourceType":"HealthData","resourceId":"latest","details":"MongoDB view on HealthData","userIp":"","userAgent":""}
{"timestamp":"2025-05-08T12:04:54.058Z","userId":681,"action":"view","resourceType":"HealthData","resourceId":"latest","details":"MongoDB view on HealthData","userIp":"","userAgent":""}
{"timestamp":"2025-05-08T12:04:54.063Z","userId":681,"action":"view","resourceType":"HealthData","resourceId":"latest","details":"MongoDB view on HealthData","userIp":"","userAgent":""}
{"timestamp":"2025-05-08T12:04:54.069Z","userId":681,"action":"view","resourceType":"HealthData","resourceId":"latest","details":"MongoDB view on HealthData","userIp":"","userAgent":""}
{"timestamp":"2025-05-08T12:04:54.074Z","userId":681,"action":"view","resourceType":"HealthData","resourceId":"latest","details":"MongoDB view on HealthData","userIp":"","userAgent":""}
{"timestamp":"2025-05-08T12:04:54.080Z","userId":681,"action":"view","resourceType":"HealthData","resourceId":"latest","details":"MongoDB view on HealthData","userIp":"","userAgent":""}
{"timestamp":"2025-05-08T12:04:54.086Z","userId":681,"action":"view","resourceType":"HealthData","resourceId":"latest","details":"MongoDB view on HealthData","userIp":"","userAgent":""}
{"timestamp":"2025-05-08T12:04:54.092Z","userId":681,"action":"view","resourceType":"HealthData","resourceId":"latest","details":"MongoDB view on HealthData","userIp":"","userAgent":""}
{"timestamp":"2025-05-08T12:04:54.099Z","userId":681,"action":"view","resourceType":"HealthData","resourceId":"latest","details":"MongoDB view on HealthData","userIp":"","userAgent":""}
{"timestamp":"2025-05-08T12:04:54.105Z","userId":681,"action":"view","resourceType":"HealthData","resourceId":"latest","details":"MongoDB view on HealthData","userIp":"","userAgent":""}
{"timestamp":"2025-05-08T12:04:54.112Z","userId":681,"action":"view","resourceType":"HealthData","resourceId":"latest","details":"MongoDB view on HealthData","userIp":"","userAgent":""}
{"timestamp":"2025-05-08T12:04:54.117Z","userId":681,"action":"view","resourceType":"HealthData","resourceId":"latest","details":"MongoDB view on HealthData","userIp":"","userAgent":""}
{"timestamp":"2025-05-08T12:04:54.123Z","userId":681,"action":"view","resourceType":"HealthData","resourceId":"latest","details":"MongoDB view on HealthData","userIp":"","userAgent":""}
{"timestamp":"2025-05-08T12:04:54.128Z","userId":681,"action":"view","resourceType":"HealthData","resourceId":"latest","details":"MongoDB view on HealthData","userIp":"","userAgent":""}
{"timestamp":"2025-05-08T12:04:54.133Z","userId":681,"action":"view","resourceType":"HealthData","resourceId":"latest","details":"MongoDB view on HealthData","userIp":"","userAgent":""}
{"timestamp":"2025-05-08T12:04:54.138Z","userId":681,"action":"view","resourceType":"HealthData","resourceId":"latest","details":"MongoDB view on HealthData","userIp":"","userAgent":""}
{"timestamp":"2025-05-08T12:04:54.144Z","userId":681,"action":"view","resourceType":"HealthData","resourceId":"latest","details":"MongoDB view on HealthData","userIp":"","userAgent":""}
{"timestamp":"2025-05-08T12:04:54.148Z","userId":681,"action":"view","resourceType":"HealthData","resourceId":"latest","details":"MongoDB view on HealthData","userIp":"","userAgent":""}
{"timestamp":"2025-05-08T12:04:54.153Z","userId":681,"action":"view","resourceType":"HealthData","resourceId":"latest","details":"MongoDB view on HealthData","userIp":"","userAgent":""}
{"timestamp":"2025-05-08T12:04:54.158Z","userId":681,"action":"view","resourceType":"HealthData","resourceId":"latest","details":"MongoDB view on HealthData","userIp":"","userAgent":""}
{"timestamp":"2025-05-08T12:04:54.163Z","userId":681,"action":"view","resourceType":"HealthData","resourceId":"latest","details":"MongoDB view on HealthData","userIp":"","userAgent":""}
{"timestamp":"2025-05-08T12:04:54.168Z","userId":681,"action":"view","resourceType":"HealthData","resourceId":"latest","details":"MongoDB view on HealthData","userIp":"","userAgent":""}
{"timestamp":"2025-05-08T12:04:54.173Z","userId":681,"action":"view","resourceType":"HealthData","resourceId":"latest","details":"MongoDB view on HealthData","userIp":"","userAgent":""}
{"timestamp":"2025-05-08T12:04:54.178Z","userId":681,"action":"view","resourceType":"HealthData","resourceId":"latest","details":"MongoDB view on HealthData","userIp":"","userAgent":""}
{"timestamp":"2025-05-08T12:04:54.183Z","userId":681,"action":"view","resourceType":"HealthData","resourceId":"latest","details":"MongoDB view on HealthData","userIp":"","userAgent":""}
{"timestamp":"2025-05-08T12:04:54.188Z","userId":681,"action":"view","resourceType":"HealthData","resourceId":"latest","details":"MongoDB view on HealthData","userIp":"","userAgent":""}
{"timestamp":"2025-05-08T12:04:54.194Z","userId":681,"action":"view","resourceType":"HealthData","resourceId":"latest","details":"MongoDB view on HealthData","userIp":"","userAgent":""}
{"timestamp":"2025-05-08T12:04:54.198Z","userId":681,"action":"view","resourceType":"HealthData","resourceId":"latest","details":"MongoDB view on HealthData","userIp":"","userAgent":""}
{"timestamp":"2025-05-08T12:04:54.203Z","userId":681,"action":"view","resourceType":"HealthData","resourceId":"latest","details":"MongoDB view on HealthData","userIp":"","userAgent":""}
{"timestamp":"2025-05-08T12:04:54.208Z","userId":681,"action":"view","resourceType":"HealthData","resourceId":"latest","details":"MongoDB view on HealthData","userIp":"","userAgent":""}
{"timestamp":"2025-05-08T12:04:54.213Z","userId":681,"action":"view","resourceType":"HealthData","resourceId":"latest","details":"MongoDB view on HealthData","userIp":"","userAgent":""}
{"timestamp":"2025-05-08T12:04:54.217Z","userId":681,"action":"view","resourceType":"HealthData","resourceId":"latest","details":"MongoDB view on HealthData","userIp":"","userAgent":""}
{"timestamp":"2025-05-08T12:04:54.223Z","userId":681,"action":"view","resourceType":"HealthData","resourceId":"latest","details":"MongoDB view on HealthData","userIp":"","userAgent":""}
{"timestamp":"2025-05-08T12:04:54.229Z","userId":681,"action":"view","resourceType":"HealthData","resourceId":"latest","details":"MongoDB view on HealthData","userIp":"","userAgent":""}
{"timestamp":"2025-05-08T12:04:54.234Z","userId":681,"action":"view","resourceType":"HealthData","resourceId":"latest","details":"MongoDB view on HealthData","userIp":"","userAgent":""}
{"timestamp":"2025-05-08T12:04:54.239Z","userId":681,"action":"view","resourceType":"HealthData","resourceId":"latest","details":"MongoDB view on HealthData","userIp":"","userAgent":""}
{"timestamp":"2025-05-08T12:04:54.245Z","userId":681,"action":"view","resourceType":"HealthData","resourceId":"latest","details":"MongoDB view on HealthData","userIp":"","userAgent":""}
{"timestamp":"2025-05-08T12:04:54.250Z","userId":681,"action":"view","resourceType":"HealthData","resourceId":"latest","details":"MongoDB view on HealthData","userIp":"","userAgent":""}
{"timestamp":"2025-05-08T12:04:54.255Z","userId":681,"action":"view","resourceType":"HealthData","resourceId":"latest","details":"MongoDB view on HealthData","userIp":"","userAgent":""}
{"timestamp":"2025-05-08T12:04:54.260Z","userId":681,"action":"view","resourceType":"HealthData","resourceId":"latest","details":"MongoDB view on HealthData","userIp":"","userAgent":""}
{"timestamp":"2025-05-08T12:04:54.265Z","userId":681,"action":"view","resourceType":"HealthData","resourceId":"latest","details":"MongoDB view on HealthData","userIp":"","userAgent":""}
{"timestamp":"2025-05-08T12:04:54.270Z","userId":681,"action":"view","resourceType":"HealthData","resourceId":"latest","details":"MongoDB view on HealthData","userIp":"","userAgent":""}
{"timestamp":"2025-05-08T12:04:54.275Z","userId":681,"action":"view","resourceType":"HealthData","resourceId":"latest","details":"MongoDB view on HealthData","userIp":"","userAgent":""}
{"timestamp":"2025-05-08T12:04:54.280Z","userId":681,"action":"view","resourceType":"HealthData","resourceId":"latest","details":"MongoDB view on HealthData","userIp":"","userAgent":""}
{"timestamp":"2025-05-08T12:04:54.284Z","userId":681,"action":"view","resourceType":"HealthData","resourceId":"latest","details":"MongoDB view on HealthData","userIp":"","userAgent":""}
{"timestamp":"2025-05-08T12:04:54.290Z","userId":681,"action":"view","resourceType":"HealthData","resourceId":"latest","details":"MongoDB view on HealthData","userIp":"","userAgent":""}
{"timestamp":"2025-05-08T12:04:54.295Z","userId":681,"action":"view","resourceType":"HealthData","resourceId":"latest","details":"MongoDB view on HealthData","userIp":"","userAgent":""}
{"timestamp":"2025-05-08T12:04:54.299Z","userId":681,"action":"view","resourceType":"HealthData","resourceId":"latest","details":"MongoDB view on HealthData","userIp":"","userAgent":""}
{"timestamp":"2025-05-08T12:04:54.304Z","userId":681,"action":"view","resourceType":"HealthData","resourceId":"latest","details":"MongoDB view on HealthData","userIp":"","userAgent":""}
{"timestamp":"2025-05-08T12:04:54.309Z","userId":681,"action":"view","resourceType":"HealthData","resourceId":"latest","details":"MongoDB view on HealthData","userIp":"","userAgent":""}
{"timestamp":"2025-05-08T12:04:54.314Z","userId":681,"action":"view","resourceType":"HealthData","resourceId":"latest","details":"MongoDB view on HealthData","userIp":"","userAgent":""}
{"timestamp":"2025-05-08T12:04:54.319Z","userId":681,"action":"view","resourceType":"HealthData","resourceId":"latest","details":"MongoDB view on HealthData","userIp":"","userAgent":""}
{"timestamp":"2025-05-08T12:04:54.325Z","userId":681,"action":"view","resourceType":"HealthData","resourceId":"latest","details":"MongoDB view on HealthData","userIp":"","userAgent":""}
{"timestamp":"2025-05-08T12:04:54.332Z","userId":681,"action":"view","resourceType":"HealthData","resourceId":"latest","details":"MongoDB view on HealthData","userIp":"","userAgent":""}
{"timestamp":"2025-05-08T12:04:54.338Z","userId":681,"action":"view","resourceType":"HealthData","resourceId":"latest","details":"MongoDB view on HealthData","userIp":"","userAgent":""}
{"timestamp":"2025-05-08T12:04:54.344Z","userId":681,"action":"view","resourceType":"HealthData","resourceId":"latest","details":"MongoDB view on HealthData","userIp":"","userAgent":""}
{"timestamp":"2025-05-08T12:04:54.350Z","userId":681,"action":"view","resourceType":"HealthData","resourceId":"latest","details":"MongoDB view on HealthData","userIp":"","userAgent":""}
{"timestamp":"2025-05-08T12:04:54.356Z","userId":681,"action":"view","resourceType":"HealthData","resourceId":"latest","details":"MongoDB view on HealthData","userIp":"","userAgent":""}
{"timestamp":"2025-05-08T12:04:54.361Z","userId":681,"action":"view","resourceType":"HealthData","resourceId":"latest","details":"MongoDB view on HealthData","userIp":"","userAgent":""}
{"timestamp":"2025-05-08T12:04:54.368Z","userId":681,"action":"view","resourceType":"HealthData","resourceId":"latest","details":"MongoDB view on HealthData","userIp":"","userAgent":""}
{"timestamp":"2025-05-08T12:04:54.374Z","userId":681,"action":"view","resourceType":"HealthData","resourceId":"latest","details":"MongoDB view on HealthData","userIp":"","userAgent":""}
{"timestamp":"2025-05-08T12:04:54.379Z","userId":681,"action":"view","resourceType":"HealthData","resourceId":"latest","details":"MongoDB view on HealthData","userIp":"","userAgent":""}
{"timestamp":"2025-05-08T12:04:54.387Z","userId":681,"action":"view","resourceType":"HealthData","resourceId":"latest","details":"MongoDB view on HealthData","userIp":"","userAgent":""}
{"timestamp":"2025-05-08T12:04:54.392Z","userId":681,"action":"view","resourceType":"HealthData","resourceId":"latest","details":"MongoDB view on HealthData","userIp":"","userAgent":""}
{"timestamp":"2025-05-08T12:04:54.397Z","userId":681,"action":"view","resourceType":"HealthData","resourceId":"latest","details":"MongoDB view on HealthData","userIp":"","userAgent":""}
{"timestamp":"2025-05-08T12:04:54.403Z","userId":681,"action":"view","resourceType":"HealthData","resourceId":"latest","details":"MongoDB view on HealthData","userIp":"","userAgent":""}
{"timestamp":"2025-05-08T12:04:54.407Z","userId":681,"action":"view","resourceType":"HealthData","resourceId":"latest","details":"MongoDB view on HealthData","userIp":"","userAgent":""}
{"timestamp":"2025-05-08T12:04:54.412Z","userId":681,"action":"view","resourceType":"HealthData","resourceId":"latest","details":"MongoDB view on HealthData","userIp":"","userAgent":""}
{"timestamp":"2025-05-08T12:04:54.417Z","userId":681,"action":"view","resourceType":"HealthData","resourceId":"latest","details":"MongoDB view on HealthData","userIp":"","userAgent":""}
{"timestamp":"2025-05-08T12:04:54.422Z","userId":681,"action":"view","resourceType":"HealthData","resourceId":"latest","details":"MongoDB view on HealthData","userIp":"","userAgent":""}
{"timestamp":"2025-05-08T12:04:54.427Z","userId":681,"action":"view","resourceType":"HealthData","resourceId":"latest","details":"MongoDB view on HealthData","userIp":"","userAgent":""}
{"timestamp":"2025-05-08T12:04:54.432Z","userId":681,"action":"view","resourceType":"HealthData","resourceId":"latest","details":"MongoDB view on HealthData","userIp":"","userAgent":""}
{"timestamp":"2025-05-08T12:04:54.437Z","userId":681,"action":"view","resourceType":"HealthData","resourceId":"latest","details":"MongoDB view on HealthData","userIp":"","userAgent":""}
{"timestamp":"2025-05-08T12:04:54.443Z","userId":681,"action":"view","resourceType":"HealthData","resourceId":"latest","details":"MongoDB view on HealthData","userIp":"","userAgent":""}
{"timestamp":"2025-05-08T12:04:54.449Z","userId":681,"action":"view","resourceType":"HealthData","resourceId":"latest","details":"MongoDB view on HealthData","userIp":"","userAgent":""}
{"timestamp":"2025-05-08T12:04:54.454Z","userId":681,"action":"view","resourceType":"HealthData","resourceId":"latest","details":"MongoDB view on HealthData","userIp":"","userAgent":""}
{"timestamp":"2025-05-08T12:04:54.460Z","userId":681,"action":"view","resourceType":"HealthData","resourceId":"latest","details":"MongoDB view on HealthData","userIp":"","userAgent":""}
{"timestamp":"2025-05-08T12:04:54.465Z","userId":681,"action":"view","resourceType":"HealthData","resourceId":"latest","details":"MongoDB view on HealthData","userIp":"","userAgent":""}
{"timestamp":"2025-05-08T12:04:54.470Z","userId":681,"action":"view","resourceType":"HealthData","resourceId":"latest","details":"MongoDB view on HealthData","userIp":"","userAgent":""}
{"timestamp":"2025-05-08T12:04:54.476Z","userId":681,"action":"view","resourceType":"HealthData","resourceId":"latest","details":"MongoDB view on HealthData","userIp":"","userAgent":""}
{"timestamp":"2025-05-08T12:04:54.480Z","userId":681,"action":"view","resourceType":"HealthData","resourceId":"latest","details":"MongoDB view on HealthData","userIp":"","userAgent":""}
{"timestamp":"2025-05-08T12:04:54.485Z","userId":681,"action":"view","resourceType":"HealthData","resourceId":"latest","details":"MongoDB view on HealthData","userIp":"","userAgent":""}
{"timestamp":"2025-05-08T12:04:54.490Z","userId":681,"action":"view","resourceType":"HealthData","resourceId":"latest","details":"MongoDB view on HealthData","userIp":"","userAgent":""}
{"timestamp":"2025-05-08T12:04:54.496Z","userId":681,"action":"view","resourceType":"HealthData","resourceId":"latest","details":"MongoDB view on HealthData","userIp":"","userAgent":""}
{"timestamp":"2025-05-08T12:04:54.501Z","userId":681,"action":"view","resourceType":"HealthData","resourceId":"latest","details":"MongoDB view on HealthData","userIp":"","userAgent":""}
{"timestamp":"2025-05-08T12:04:54.508Z","userId":681,"action":"view","resourceType":"HealthData","resourceId":"latest","details":"MongoDB view on HealthData","userIp":"","userAgent":""}
{"timestamp":"2025-05-08T12:04:54.513Z","userId":681,"action":"view","resourceType":"HealthData","resourceId":"latest","details":"MongoDB view on HealthData","userIp":"","userAgent":""}
{"timestamp":"2025-05-08T12:04:54.519Z","userId":681,"action":"view","resourceType":"HealthData","resourceId":"latest","details":"MongoDB view on HealthData","userIp":"","userAgent":""}
{"timestamp":"2025-05-08T12:04:54.525Z","userId":681,"action":"view","resourceType":"HealthData","resourceId":"latest","details":"MongoDB view on HealthData","userIp":"","userAgent":""}
{"timestamp":"2025-05-08T12:04:54.530Z","userId":681,"action":"view","resourceType":"HealthData","resourceId":"latest","details":"MongoDB view on HealthData","userIp":"","userAgent":""}
{"timestamp":"2025-05-08T12:04:54.535Z","userId":681,"action":"view","resourceType":"HealthData","resourceId":"latest","details":"MongoDB view on HealthData","userIp":"","userAgent":""}
{"timestamp":"2025-05-08T12:04:54.541Z","userId":681,"action":"view","resourceType":"HealthData","resourceId":"latest","details":"MongoDB view on HealthData","userIp":"","userAgent":""}
{"timestamp":"2025-05-08T12:04:54.546Z","userId":681,"action":"view","resourceType":"HealthData","resourceId":"latest","details":"MongoDB view on HealthData","userIp":"","userAgent":""}
{"timestamp":"2025-05-08T12:04:54.551Z","userId":681,"action":"view","resourceType":"HealthData","resourceId":"latest","details":"MongoDB view on HealthData","userIp":"","userAgent":""}
{"timestamp":"2025-05-08T12:04:54.557Z","userId":681,"action":"view","resourceType":"HealthData","resourceId":"latest","details":"MongoDB view on HealthData","userIp":"","userAgent":""}
{"timestamp":"2025-05-08T12:04:54.562Z","userId":681,"action":"view","resourceType":"HealthData","resourceId":"latest","details":"MongoDB view on HealthData","userIp":"","userAgent":""}
{"timestamp":"2025-05-08T12:04:54.567Z","userId":681,"action":"view","resourceType":"HealthData","resourceId":"latest","details":"MongoDB view on HealthData","userIp":"","userAgent":""}
{"timestamp":"2025-05-08T12:04:54.572Z","userId":681,"action":"view","resourceType":"HealthData","resourceId":"latest","details":"MongoDB view on HealthData","userIp":"","userAgent":""}
{"timestamp":"2025-05-08T12:04:54.578Z","userId":681,"action":"view","resourceType":"HealthData","resourceId":"latest","details":"MongoDB view on HealthData","userIp":"","userAgent":""}
{"timestamp":"2025-05-08T12:04:54.583Z","userId":681,"action":"view","resourceType":"HealthData","resourceId":"latest","details":"MongoDB view on HealthData","userIp":"","userAgent":""}
{"timestamp":"2025-05-08T12:04:54.589Z","userId":681,"action":"view","resourceType":"HealthData","resourceId":"latest","details":"MongoDB view on HealthData","userIp":"","userAgent":""}
{"timestamp":"2025-05-08T12:04:54.594Z","userId":681,"action":"view","resourceType":"HealthData","resourceId":"latest","details":"MongoDB view on HealthData","userIp":"","userAgent":""}
{"timestamp":"2025-05-08T12:04:54.600Z","userId":681,"action":"view","resourceType":"HealthData","resourceId":"latest","details":"MongoDB view on HealthData","userIp":"","userAgent":""}
{"timestamp":"2025-05-08T12:04:54.605Z","userId":681,"action":"view","resourceType":"HealthData","resourceId":"latest","details":"MongoDB view on HealthData","userIp":"","userAgent":""}
{"timestamp":"2025-05-08T12:04:54.610Z","userId":681,"action":"view","resourceType":"HealthData","resourceId":"latest","details":"MongoDB view on HealthData","userIp":"","userAgent":""}
{"timestamp":"2025-05-08T12:04:54.615Z","userId":681,"action":"view","resourceType":"HealthData","resourceId":"latest","details":"MongoDB view on HealthData","userIp":"","userAgent":""}
{"timestamp":"2025-05-08T12:04:54.621Z","userId":681,"action":"view","resourceType":"HealthData","resourceId":"latest","details":"MongoDB view on HealthData","userIp":"","userAgent":""}
{"timestamp":"2025-05-08T12:04:54.626Z","userId":681,"action":"view","resourceType":"HealthData","resourceId":"latest","details":"MongoDB view on HealthData","userIp":"","userAgent":""}
{"timestamp":"2025-05-08T12:04:54.632Z","userId":681,"action":"view","resourceType":"HealthData","resourceId":"latest","details":"MongoDB view on HealthData","userIp":"","userAgent":""}
{"timestamp":"2025-05-08T12:04:54.636Z","userId":681,"action":"view","resourceType":"HealthData","resourceId":"latest","details":"MongoDB view on HealthData","userIp":"","userAgent":""}
{"timestamp":"2025-05-08T12:04:54.641Z","userId":681,"action":"view","resourceType":"HealthData","resourceId":"latest","details":"MongoDB view on HealthData","userIp":"","userAgent":""}
{"timestamp":"2025-05-08T12:04:54.645Z","userId":681,"action":"view","resourceType":"HealthData","resourceId":"latest","details":"MongoDB view on HealthData","userIp":"","userAgent":""}
{"timestamp":"2025-05-08T12:04:54.650Z","userId":681,"action":"view","resourceType":"HealthData","resourceId":"latest","details":"MongoDB view on HealthData","userIp":"","userAgent":""}
{"timestamp":"2025-05-08T12:04:54.655Z","userId":681,"action":"view","resourceType":"HealthData","resourceId":"latest","details":"MongoDB view on HealthData","userIp":"","userAgent":""}
{"timestamp":"2025-05-08T12:04:54.660Z","userId":681,"action":"view","resourceType":"HealthData","resourceId":"latest","details":"MongoDB view on HealthData","userIp":"","userAgent":""}
{"timestamp":"2025-05-08T12:04:54.666Z","userId":681,"action":"view","resourceType":"HealthData","resourceId":"latest","details":"MongoDB view on HealthData","userIp":"","userAgent":""}
{"timestamp":"2025-05-08T12:04:54.671Z","userId":681,"action":"view","resourceType":"HealthData","resourceId":"latest","details":"MongoDB view on HealthData","userIp":"","userAgent":""}
{"timestamp":"2025-05-08T12:04:54.676Z","userId":681,"action":"view","resourceType":"HealthData","resourceId":"latest","details":"MongoDB view on HealthData","userIp":"","userAgent":""}
{"timestamp":"2025-05-08T12:04:54.682Z","userId":681,"action":"view","resourceType":"HealthData","resourceId":"latest","details":"MongoDB view on HealthData","userIp":"","userAgent":""}
{"timestamp":"2025-05-08T12:04:54.688Z","userId":681,"action":"view","resourceType":"HealthData","resourceId":"latest","details":"MongoDB view on HealthData","userIp":"","userAgent":""}
{"timestamp":"2025-05-08T12:04:54.693Z","userId":681,"action":"view","resourceType":"HealthData","resourceId":"latest","details":"MongoDB view on HealthData","userIp":"","userAgent":""}
{"timestamp":"2025-05-08T12:04:54.699Z","userId":681,"action":"view","resourceType":"HealthData","resourceId":"latest","details":"MongoDB view on HealthData","userIp":"","userAgent":""}
{"timestamp":"2025-05-08T12:04:54.704Z","userId":681,"action":"view","resourceType":"HealthData","resourceId":"latest","details":"MongoDB view on HealthData","userIp":"","userAgent":""}
{"timestamp":"2025-05-08T12:04:54.709Z","userId":681,"action":"view","resourceType":"HealthData","resourceId":"latest","details":"MongoDB view on HealthData","userIp":"","userAgent":""}
{"timestamp":"2025-05-08T12:04:54.715Z","userId":681,"action":"view","resourceType":"HealthData","resourceId":"latest","details":"MongoDB view on HealthData","userIp":"","userAgent":""}
{"timestamp":"2025-05-08T12:04:54.721Z","userId":681,"action":"view","resourceType":"HealthData","resourceId":"latest","details":"MongoDB view on HealthData","userIp":"","userAgent":""}
{"timestamp":"2025-05-08T12:04:54.726Z","userId":681,"action":"view","resourceType":"HealthData","resourceId":"latest","details":"MongoDB view on HealthData","userIp":"","userAgent":""}
{"timestamp":"2025-05-08T12:04:54.731Z","userId":681,"action":"view","resourceType":"HealthData","resourceId":"latest","details":"MongoDB view on HealthData","userIp":"","userAgent":""}
{"timestamp":"2025-05-08T12:04:54.737Z","userId":681,"action":"view","resourceType":"HealthData","resourceId":"latest","details":"MongoDB view on HealthData","userIp":"","userAgent":""}
{"timestamp":"2025-05-08T12:04:54.743Z","userId":681,"action":"view","resourceType":"HealthData","resourceId":"latest","details":"MongoDB view on HealthData","userIp":"","userAgent":""}
{"timestamp":"2025-05-08T12:04:54.747Z","userId":681,"action":"view","resourceType":"HealthData","resourceId":"latest","details":"MongoDB view on HealthData","userIp":"","userAgent":""}
{"timestamp":"2025-05-08T12:04:54.752Z","userId":681,"action":"view","resourceType":"HealthData","resourceId":"latest","details":"MongoDB view on HealthData","userIp":"","userAgent":""}
{"timestamp":"2025-05-08T12:04:54.757Z","userId":681,"action":"view","resourceType":"HealthData","resourceId":"latest","details":"MongoDB view on HealthData","userIp":"","userAgent":""}
{"timestamp":"2025-05-08T12:04:54.763Z","userId":681,"action":"view","resourceType":"HealthData","resourceId":"latest","details":"MongoDB view on HealthData","userIp":"","userAgent":""}
{"timestamp":"2025-05-08T12:04:54.769Z","userId":681,"action":"view","resourceType":"HealthData","resourceId":"latest","details":"MongoDB view on HealthData","userIp":"","userAgent":""}
{"timestamp":"2025-05-08T12:04:54.774Z","userId":681,"action":"view","resourceType":"HealthData","resourceId":"latest","details":"MongoDB view on HealthData","userIp":"","userAgent":""}
{"timestamp":"2025-05-08T12:04:54.780Z","userId":681,"action":"view","resourceType":"HealthData","resourceId":"latest","details":"MongoDB view on HealthData","userIp":"","userAgent":""}
{"timestamp":"2025-05-08T12:04:54.784Z","userId":681,"action":"view","resourceType":"HealthData","resourceId":"latest","details":"MongoDB view on HealthData","userIp":"","userAgent":""}
{"timestamp":"2025-05-08T12:04:54.791Z","userId":681,"action":"view","resourceType":"HealthData","resourceId":"latest","details":"MongoDB view on HealthData","userIp":"","userAgent":""}
{"timestamp":"2025-05-08T12:04:54.796Z","userId":681,"action":"view","resourceType":"HealthData","resourceId":"latest","details":"MongoDB view on HealthData","userIp":"","userAgent":""}
{"timestamp":"2025-05-08T12:04:54.801Z","userId":681,"action":"view","resourceType":"HealthData","resourceId":"latest","details":"MongoDB view on HealthData","userIp":"","userAgent":""}
{"timestamp":"2025-05-08T12:04:54.807Z","userId":681,"action":"view","resourceType":"HealthData","resourceId":"latest","details":"MongoDB view on HealthData","userIp":"","userAgent":""}
{"timestamp":"2025-05-08T12:04:54.813Z","userId":681,"action":"view","resourceType":"HealthData","resourceId":"latest","details":"MongoDB view on HealthData","userIp":"","userAgent":""}
{"timestamp":"2025-05-08T12:04:54.818Z","userId":681,"action":"view","resourceType":"HealthData","resourceId":"latest","details":"MongoDB view on HealthData","userIp":"","userAgent":""}
{"timestamp":"2025-05-08T12:04:54.823Z","userId":681,"action":"view","resourceType":"HealthData","resourceId":"latest","details":"MongoDB view on HealthData","userIp":"","userAgent":""}
{"timestamp":"2025-05-08T12:04:54.827Z","userId":681,"action":"view","resourceType":"HealthData","resourceId":"latest","details":"MongoDB view on HealthData","userIp":"","userAgent":""}
{"timestamp":"2025-05-08T12:04:54.832Z","userId":681,"action":"view","resourceType":"HealthData","resourceId":"latest","details":"MongoDB view on HealthData","userIp":"","userAgent":""}
{"timestamp":"2025-05-08T12:04:54.838Z","userId":681,"action":"view","resourceType":"HealthData","resourceId":"latest","details":"MongoDB view on HealthData","userIp":"","userAgent":""}
{"timestamp":"2025-05-08T12:04:54.843Z","userId":681,"action":"view","resourceType":"HealthData","resourceId":"latest","details":"MongoDB view on HealthData","userIp":"","userAgent":""}
{"timestamp":"2025-05-08T12:04:54.848Z","userId":681,"action":"view","resourceType":"HealthData","resourceId":"latest","details":"MongoDB view on HealthData","userIp":"","userAgent":""}
{"timestamp":"2025-05-08T12:04:54.853Z","userId":681,"action":"view","resourceType":"HealthData","resourceId":"latest","details":"MongoDB view on HealthData","userIp":"","userAgent":""}
{"timestamp":"2025-05-08T12:04:54.858Z","userId":681,"action":"view","resourceType":"HealthData","resourceId":"latest","details":"MongoDB view on HealthData","userIp":"","userAgent":""}
{"timestamp":"2025-05-08T12:04:54.864Z","userId":681,"action":"view","resourceType":"HealthData","resourceId":"latest","details":"MongoDB view on HealthData","userIp":"","userAgent":""}
{"timestamp":"2025-05-08T12:04:54.869Z","userId":681,"action":"view","resourceType":"HealthData","resourceId":"latest","details":"MongoDB view on HealthData","userIp":"","userAgent":""}
{"timestamp":"2025-05-08T12:04:54.874Z","userId":681,"action":"view","resourceType":"HealthData","resourceId":"latest","details":"MongoDB view on HealthData","userIp":"","userAgent":""}
{"timestamp":"2025-05-08T12:04:54.878Z","userId":681,"action":"view","resourceType":"HealthData","resourceId":"latest","details":"MongoDB view on HealthData","userIp":"","userAgent":""}
{"timestamp":"2025-05-08T12:04:54.883Z","userId":681,"action":"view","resourceType":"HealthData","resourceId":"latest","details":"MongoDB view on HealthData","userIp":"","userAgent":""}
{"timestamp":"2025-05-08T12:04:54.888Z","userId":681,"action":"view","resourceType":"HealthData","resourceId":"latest","details":"MongoDB view on HealthData","userIp":"","userAgent":""}
{"timestamp":"2025-05-08T12:04:54.892Z","userId":681,"action":"view","resourceType":"HealthData","resourceId":"latest","details":"MongoDB view on HealthData","userIp":"","userAgent":""}
{"timestamp":"2025-05-08T12:04:54.897Z","userId":681,"action":"view","resourceType":"HealthData","resourceId":"latest","details":"MongoDB view on HealthData","userIp":"","userAgent":""}
{"timestamp":"2025-05-08T12:04:54.902Z","userId":681,"action":"view","resourceType":"HealthData","resourceId":"latest","details":"MongoDB view on HealthData","userIp":"","userAgent":""}
{"timestamp":"2025-05-08T12:04:54.907Z","userId":681,"action":"view","resourceType":"HealthData","resourceId":"latest","details":"MongoDB view on HealthData","userIp":"","userAgent":""}
{"timestamp":"2025-05-08T12:04:54.912Z","userId":681,"action":"view","resourceType":"HealthData","resourceId":"latest","details":"MongoDB view on HealthData","userIp":"","userAgent":""}
{"timestamp":"2025-05-08T12:04:54.916Z","userId":681,"action":"view","resourceType":"HealthData","resourceId":"latest","details":"MongoDB view on HealthData","userIp":"","userAgent":""}
{"timestamp":"2025-05-08T12:04:54.921Z","userId":681,"action":"view","resourceType":"HealthData","resourceId":"latest","details":"MongoDB view on HealthData","userIp":"","userAgent":""}
{"timestamp":"2025-05-08T12:04:54.926Z","userId":681,"action":"view","resourceType":"HealthData","resourceId":"latest","details":"MongoDB view on HealthData","userIp":"","userAgent":""}
{"timestamp":"2025-05-08T12:04:54.930Z","userId":681,"action":"view","resourceType":"HealthData","resourceId":"latest","details":"MongoDB view on HealthData","userIp":"","userAgent":""}
{"timestamp":"2025-05-08T12:04:54.934Z","userId":681,"action":"view","resourceType":"HealthData","resourceId":"latest","details":"MongoDB view on HealthData","userIp":"","userAgent":""}
{"timestamp":"2025-05-08T12:04:54.939Z","userId":681,"action":"view","resourceType":"HealthData","resourceId":"latest","details":"MongoDB view on HealthData","userIp":"","userAgent":""}
{"timestamp":"2025-05-08T12:04:54.944Z","userId":681,"action":"view","resourceType":"HealthData","resourceId":"latest","details":"MongoDB view on HealthData","userIp":"","userAgent":""}
{"timestamp":"2025-05-08T12:04:54.947Z","userId":681,"action":"view","resourceType":"HealthData","resourceId":"latest","details":"MongoDB view on HealthData","userIp":"","userAgent":""}
{"timestamp":"2025-05-08T12:04:54.953Z","userId":681,"action":"view","resourceType":"HealthData","resourceId":"latest","details":"MongoDB view on HealthData","userIp":"","userAgent":""}
{"timestamp":"2025-05-08T12:04:54.958Z","userId":681,"action":"view","resourceType":"HealthData","resourceId":"latest","details":"MongoDB view on HealthData","userIp":"","userAgent":""}
{"timestamp":"2025-05-08T12:04:54.961Z","userId":681,"action":"view","resourceType":"HealthData","resourceId":"latest","details":"MongoDB view on HealthData","userIp":"","userAgent":""}
{"timestamp":"2025-05-08T12:04:54.966Z","userId":681,"action":"view","resourceType":"HealthData","resourceId":"latest","details":"MongoDB view on HealthData","userIp":"","userAgent":""}
{"timestamp":"2025-05-08T12:04:54.971Z","userId":681,"action":"view","resourceType":"HealthData","resourceId":"latest","details":"MongoDB view on HealthData","userIp":"","userAgent":""}
{"timestamp":"2025-05-08T12:04:54.976Z","userId":681,"action":"view","resourceType":"HealthData","resourceId":"latest","details":"MongoDB view on HealthData","userIp":"","userAgent":""}
{"timestamp":"2025-05-08T12:04:54.981Z","userId":681,"action":"view","resourceType":"HealthData","resourceId":"latest","details":"MongoDB view on HealthData","userIp":"","userAgent":""}
{"timestamp":"2025-05-08T12:04:54.987Z","userId":681,"action":"view","resourceType":"HealthData","resourceId":"latest","details":"MongoDB view on HealthData","userIp":"","userAgent":""}
{"timestamp":"2025-05-08T12:04:54.992Z","userId":681,"action":"view","resourceType":"HealthData","resourceId":"latest","details":"MongoDB view on HealthData","userIp":"","userAgent":""}
{"timestamp":"2025-05-08T12:04:54.996Z","userId":681,"action":"view","resourceType":"HealthData","resourceId":"latest","details":"MongoDB view on HealthData","userIp":"","userAgent":""}
{"timestamp":"2025-05-08T12:04:55.001Z","userId":681,"action":"view","resourceType":"HealthData","resourceId":"latest","details":"MongoDB view on HealthData","userIp":"","userAgent":""}
{"timestamp":"2025-05-08T12:04:55.007Z","userId":681,"action":"view","resourceType":"HealthData","resourceId":"latest","details":"MongoDB view on HealthData","userIp":"","userAgent":""}
{"timestamp":"2025-05-08T12:04:55.012Z","userId":681,"action":"view","resourceType":"HealthData","resourceId":"latest","details":"MongoDB view on HealthData","userIp":"","userAgent":""}
{"timestamp":"2025-05-08T12:04:55.020Z","userId":681,"action":"view","resourceType":"HealthData","resourceId":"latest","details":"MongoDB view on HealthData","userIp":"","userAgent":""}
{"timestamp":"2025-05-08T12:04:55.025Z","userId":681,"action":"view","resourceType":"HealthData","resourceId":"latest","details":"MongoDB view on HealthData","userIp":"","userAgent":""}
{"timestamp":"2025-05-08T12:04:55.030Z","userId":681,"action":"view","resourceType":"HealthData","resourceId":"latest","details":"MongoDB view on HealthData","userIp":"","userAgent":""}
{"timestamp":"2025-05-08T12:04:55.035Z","userId":681,"action":"view","resourceType":"HealthData","resourceId":"latest","details":"MongoDB view on HealthData","userIp":"","userAgent":""}
{"timestamp":"2025-05-08T12:04:55.040Z","userId":681,"action":"view","resourceType":"HealthData","resourceId":"latest","details":"MongoDB view on HealthData","userIp":"","userAgent":""}
{"timestamp":"2025-05-08T12:04:55.046Z","userId":681,"action":"view","resourceType":"HealthData","resourceId":"latest","details":"MongoDB view on HealthData","userIp":"","userAgent":""}
{"timestamp":"2025-05-08T12:04:55.052Z","userId":681,"action":"view","resourceType":"HealthData","resourceId":"latest","details":"MongoDB view on HealthData","userIp":"","userAgent":""}
{"timestamp":"2025-05-08T12:04:55.056Z","userId":681,"action":"view","resourceType":"HealthData","resourceId":"latest","details":"MongoDB view on HealthData","userIp":"","userAgent":""}
{"timestamp":"2025-05-08T12:04:55.061Z","userId":681,"action":"view","resourceType":"HealthData","resourceId":"latest","details":"MongoDB view on HealthData","userIp":"","userAgent":""}
{"timestamp":"2025-05-08T12:04:55.067Z","userId":681,"action":"view","resourceType":"HealthData","resourceId":"latest","details":"MongoDB view on HealthData","userIp":"","userAgent":""}
{"timestamp":"2025-05-08T12:04:55.072Z","userId":681,"action":"view","resourceType":"HealthData","resourceId":"latest","details":"MongoDB view on HealthData","userIp":"","userAgent":""}
{"timestamp":"2025-05-08T12:04:55.079Z","userId":681,"action":"view","resourceType":"HealthData","resourceId":"latest","details":"MongoDB view on HealthData","userIp":"","userAgent":""}
{"timestamp":"2025-05-08T12:04:55.084Z","userId":681,"action":"view","resourceType":"HealthData","resourceId":"latest","details":"MongoDB view on HealthData","userIp":"","userAgent":""}
{"timestamp":"2025-05-08T12:04:55.089Z","userId":681,"action":"view","resourceType":"HealthData","resourceId":"latest","details":"MongoDB view on HealthData","userIp":"","userAgent":""}
{"timestamp":"2025-05-08T12:04:55.094Z","userId":681,"action":"view","resourceType":"HealthData","resourceId":"latest","details":"MongoDB view on HealthData","userIp":"","userAgent":""}
{"timestamp":"2025-05-08T12:04:55.099Z","userId":681,"action":"view","resourceType":"HealthData","resourceId":"latest","details":"MongoDB view on HealthData","userIp":"","userAgent":""}
{"timestamp":"2025-05-08T12:04:55.105Z","userId":681,"action":"view","resourceType":"HealthData","resourceId":"latest","details":"MongoDB view on HealthData","userIp":"","userAgent":""}
{"timestamp":"2025-05-08T12:04:55.110Z","userId":681,"action":"view","resourceType":"HealthData","resourceId":"latest","details":"MongoDB view on HealthData","userIp":"","userAgent":""}
{"timestamp":"2025-05-08T12:04:55.115Z","userId":681,"action":"view","resourceType":"HealthData","resourceId":"latest","details":"MongoDB view on HealthData","userIp":"","userAgent":""}
{"timestamp":"2025-05-08T12:04:55.120Z","userId":681,"action":"view","resourceType":"HealthData","resourceId":"latest","details":"MongoDB view on HealthData","userIp":"","userAgent":""}
{"timestamp":"2025-05-08T12:04:55.126Z","userId":681,"action":"view","resourceType":"HealthData","resourceId":"latest","details":"MongoDB view on HealthData","userIp":"","userAgent":""}
{"timestamp":"2025-05-08T12:04:55.131Z","userId":681,"action":"view","resourceType":"HealthData","resourceId":"latest","details":"MongoDB view on HealthData","userIp":"","userAgent":""}
{"timestamp":"2025-05-08T12:04:55.136Z","userId":681,"action":"view","resourceType":"HealthData","resourceId":"latest","details":"MongoDB view on HealthData","userIp":"","userAgent":""}
{"timestamp":"2025-05-08T12:04:55.141Z","userId":681,"action":"view","resourceType":"HealthData","resourceId":"latest","details":"MongoDB view on HealthData","userIp":"","userAgent":""}
{"timestamp":"2025-05-08T12:04:55.148Z","userId":681,"action":"view","resourceType":"HealthData","resourceId":"latest","details":"MongoDB view on HealthData","userIp":"","userAgent":""}
{"timestamp":"2025-05-08T12:04:55.154Z","userId":681,"action":"view","resourceType":"HealthData","resourceId":"latest","details":"MongoDB view on HealthData","userIp":"","userAgent":""}
{"timestamp":"2025-05-08T12:04:55.159Z","userId":681,"action":"view","resourceType":"HealthData","resourceId":"latest","details":"MongoDB view on HealthData","userIp":"","userAgent":""}
{"timestamp":"2025-05-08T12:04:55.165Z","userId":681,"action":"view","resourceType":"HealthData","resourceId":"latest","details":"MongoDB view on HealthData","userIp":"","userAgent":""}
{"timestamp":"2025-05-08T12:04:55.171Z","userId":681,"action":"view","resourceType":"HealthData","resourceId":"latest","details":"MongoDB view on HealthData","userIp":"","userAgent":""}
{"timestamp":"2025-05-08T12:04:55.177Z","userId":681,"action":"view","resourceType":"HealthData","resourceId":"latest","details":"MongoDB view on HealthData","userIp":"","userAgent":""}
{"timestamp":"2025-05-08T12:04:55.183Z","userId":681,"action":"view","resourceType":"HealthData","resourceId":"latest","details":"MongoDB view on HealthData","userIp":"","userAgent":""}
{"timestamp":"2025-05-08T12:04:55.189Z","userId":681,"action":"view","resourceType":"HealthData","resourceId":"latest","details":"MongoDB view on HealthData","userIp":"","userAgent":""}
{"timestamp":"2025-05-08T12:04:55.196Z","userId":681,"action":"view","resourceType":"HealthData","resourceId":"latest","details":"MongoDB view on HealthData","userIp":"","userAgent":""}
{"timestamp":"2025-05-08T12:04:55.202Z","userId":681,"action":"view","resourceType":"HealthData","resourceId":"latest","details":"MongoDB view on HealthData","userIp":"","userAgent":""}
{"timestamp":"2025-05-08T12:04:55.209Z","userId":681,"action":"view","resourceType":"HealthData","resourceId":"latest","details":"MongoDB view on HealthData","userIp":"","userAgent":""}
{"timestamp":"2025-05-08T12:04:55.215Z","userId":681,"action":"view","resourceType":"HealthData","resourceId":"latest","details":"MongoDB view on HealthData","userIp":"","userAgent":""}
{"timestamp":"2025-05-08T12:04:55.221Z","userId":681,"action":"view","resourceType":"HealthData","resourceId":"latest","details":"MongoDB view on HealthData","userIp":"","userAgent":""}
{"timestamp":"2025-05-08T12:04:55.228Z","userId":681,"action":"view","resourceType":"HealthData","resourceId":"latest","details":"MongoDB view on HealthData","userIp":"","userAgent":""}
{"timestamp":"2025-05-08T12:04:55.235Z","userId":681,"action":"view","resourceType":"HealthData","resourceId":"latest","details":"MongoDB view on HealthData","userIp":"","userAgent":""}
{"timestamp":"2025-05-08T12:04:55.241Z","userId":681,"action":"view","resourceType":"HealthData","resourceId":"latest","details":"MongoDB view on HealthData","userIp":"","userAgent":""}
{"timestamp":"2025-05-08T12:04:55.247Z","userId":681,"action":"view","resourceType":"HealthData","resourceId":"latest","details":"MongoDB view on HealthData","userIp":"","userAgent":""}
{"timestamp":"2025-05-08T12:04:55.255Z","userId":681,"action":"view","resourceType":"HealthData","resourceId":"latest","details":"MongoDB view on HealthData","userIp":"","userAgent":""}
{"timestamp":"2025-05-08T12:04:55.260Z","userId":681,"action":"view","resourceType":"HealthData","resourceId":"latest","details":"MongoDB view on HealthData","userIp":"","userAgent":""}
{"timestamp":"2025-05-08T12:04:55.265Z","userId":681,"action":"view","resourceType":"HealthData","resourceId":"latest","details":"MongoDB view on HealthData","userIp":"","userAgent":""}
{"timestamp":"2025-05-08T12:04:55.271Z","userId":681,"action":"view","resourceType":"HealthData","resourceId":"latest","details":"MongoDB view on HealthData","userIp":"","userAgent":""}
{"timestamp":"2025-05-08T12:04:55.277Z","userId":681,"action":"view","resourceType":"HealthData","resourceId":"latest","details":"MongoDB view on HealthData","userIp":"","userAgent":""}
{"timestamp":"2025-05-08T12:04:55.283Z","userId":681,"action":"view","resourceType":"HealthData","resourceId":"latest","details":"MongoDB view on HealthData","userIp":"","userAgent":""}
{"timestamp":"2025-05-08T12:04:55.288Z","userId":681,"action":"view","resourceType":"HealthData","resourceId":"latest","details":"MongoDB view on HealthData","userIp":"","userAgent":""}
{"timestamp":"2025-05-08T12:04:55.293Z","userId":681,"action":"view","resourceType":"HealthData","resourceId":"latest","details":"MongoDB view on HealthData","userIp":"","userAgent":""}
{"timestamp":"2025-05-08T12:04:55.299Z","userId":681,"action":"view","resourceType":"HealthData","resourceId":"latest","details":"MongoDB view on HealthData","userIp":"","userAgent":""}
{"timestamp":"2025-05-08T12:04:55.304Z","userId":681,"action":"view","resourceType":"HealthData","resourceId":"latest","details":"MongoDB view on HealthData","userIp":"","userAgent":""}
{"timestamp":"2025-05-08T12:04:55.310Z","userId":681,"action":"view","resourceType":"HealthData","resourceId":"latest","details":"MongoDB view on HealthData","userIp":"","userAgent":""}
{"timestamp":"2025-05-08T12:04:55.316Z","userId":681,"action":"view","resourceType":"HealthData","resourceId":"latest","details":"MongoDB view on HealthData","userIp":"","userAgent":""}
{"timestamp":"2025-05-08T12:04:55.321Z","userId":681,"action":"view","resourceType":"HealthData","resourceId":"latest","details":"MongoDB view on HealthData","userIp":"","userAgent":""}
{"timestamp":"2025-05-08T12:04:55.327Z","userId":681,"action":"view","resourceType":"HealthData","resourceId":"latest","details":"MongoDB view on HealthData","userIp":"","userAgent":""}
{"timestamp":"2025-05-08T12:04:55.332Z","userId":681,"action":"view","resourceType":"HealthData","resourceId":"latest","details":"MongoDB view on HealthData","userIp":"","userAgent":""}
{"timestamp":"2025-05-08T12:04:55.338Z","userId":681,"action":"view","resourceType":"HealthData","resourceId":"latest","details":"MongoDB view on HealthData","userIp":"","userAgent":""}
{"timestamp":"2025-05-08T12:04:55.343Z","userId":681,"action":"view","resourceType":"HealthData","resourceId":"latest","details":"MongoDB view on HealthData","userIp":"","userAgent":""}
{"timestamp":"2025-05-08T12:04:55.351Z","userId":681,"action":"view","resourceType":"HealthData","resourceId":"latest","details":"MongoDB view on HealthData","userIp":"","userAgent":""}
{"timestamp":"2025-05-08T12:04:55.357Z","userId":681,"action":"view","resourceType":"HealthData","resourceId":"latest","details":"MongoDB view on HealthData","userIp":"","userAgent":""}
{"timestamp":"2025-05-08T12:04:55.363Z","userId":681,"action":"view","resourceType":"HealthData","resourceId":"latest","details":"MongoDB view on HealthData","userIp":"","userAgent":""}
{"timestamp":"2025-05-08T12:04:55.368Z","userId":681,"action":"view","resourceType":"HealthData","resourceId":"latest","details":"MongoDB view on HealthData","userIp":"","userAgent":""}
{"timestamp":"2025-05-08T12:04:55.373Z","userId":681,"action":"view","resourceType":"HealthData","resourceId":"latest","details":"MongoDB view on HealthData","userIp":"","userAgent":""}
{"timestamp":"2025-05-08T12:04:55.379Z","userId":681,"action":"view","resourceType":"HealthData","resourceId":"latest","details":"MongoDB view on HealthData","userIp":"","userAgent":""}
{"timestamp":"2025-05-08T12:04:55.384Z","userId":681,"action":"view","resourceType":"HealthData","resourceId":"latest","details":"MongoDB view on HealthData","userIp":"","userAgent":""}
{"timestamp":"2025-05-08T12:04:55.390Z","userId":681,"action":"view","resourceType":"HealthData","resourceId":"latest","details":"MongoDB view on HealthData","userIp":"","userAgent":""}
{"timestamp":"2025-05-08T12:04:55.396Z","userId":681,"action":"view","resourceType":"HealthData","resourceId":"latest","details":"MongoDB view on HealthData","userIp":"","userAgent":""}
{"timestamp":"2025-05-08T12:04:55.401Z","userId":681,"action":"view","resourceType":"HealthData","resourceId":"latest","details":"MongoDB view on HealthData","userIp":"","userAgent":""}
{"timestamp":"2025-05-08T12:04:55.407Z","userId":681,"action":"view","resourceType":"HealthData","resourceId":"latest","details":"MongoDB view on HealthData","userIp":"","userAgent":""}
{"timestamp":"2025-05-08T12:04:55.412Z","userId":681,"action":"view","resourceType":"HealthData","resourceId":"latest","details":"MongoDB view on HealthData","userIp":"","userAgent":""}
