{"timestamp":"2025-05-15T05:32:45.033Z","userId":"68232d2ef48a989182244092","action":"view","resourceType":"User","resourceId":"68232d2ef48a989182244092","details":"MongoDB view on User","userIp":"","userAgent":""}
{"timestamp":"2025-05-15T05:32:46.232Z","userId":"68232d2ef48a989182244092","action":"view","resourceType":"User","resourceId":"68232d2ef48a989182244092","details":"MongoDB view on User","userIp":"","userAgent":""}
{"timestamp":"2025-05-15T05:32:46.469Z","userId":"68232d2ef48a989182244092","action":"view","resourceType":"User","resourceId":"68232d2ef48a989182244092","details":"MongoDB view on User","userIp":"","userAgent":""}
{"timestamp":"2025-05-15T05:32:46.482Z","userId":"68232d2ef48a989182244092","action":"view","resourceType":"User","resourceId":"68232d2ef48a989182244092","details":"MongoDB view on User","userIp":"","userAgent":""}
{"timestamp":"2025-05-15T05:32:46.486Z","userId":"68232d2ef48a989182244092","action":"view","resourceType":"User","resourceId":"68232d2ef48a989182244092","details":"MongoDB view on User","userIp":"","userAgent":""}
{"timestamp":"2025-05-15T05:32:46.489Z","userId":"68232d2ef48a989182244092","action":"view","resourceType":"User","resourceId":"68232d2ef48a989182244092","details":"MongoDB view on User","userIp":"","userAgent":""}
{"timestamp":"2025-05-15T05:32:46.493Z","userId":"68232d2ef48a989182244092","action":"view","resourceType":"User","resourceId":"68232d2ef48a989182244092","details":"MongoDB view on User","userIp":"","userAgent":""}
{"timestamp":"2025-05-15T05:32:46.502Z","userId":"68232d2ef48a989182244092","action":"view","resourceType":"HealthData","resourceId":"latest","details":"MongoDB view on HealthData","userIp":"","userAgent":""}
{"timestamp":"2025-05-15T05:32:46.513Z","userId":"68232d2ef48a989182244092","action":"view","resourceType":"Reminder","resourceId":"multiple","details":"MongoDB view on Reminder","userIp":"","userAgent":""}
{"timestamp":"2025-05-15T05:32:46.571Z","userId":"68232d2ef48a989182244092","action":"view","resourceType":"AIInsight","resourceId":"multiple","details":"MongoDB view on AIInsight","userIp":"","userAgent":""}
{"timestamp":"2025-05-15T05:32:46.580Z","userId":0,"action":"view","resourceType":"Doctor","resourceId":"multiple","details":"MongoDB view on Doctor","userIp":"","userAgent":""}
{"timestamp":"2025-05-15T05:32:47.189Z","userId":"68232d2ef48a989182244092","action":"view","resourceType":"User","resourceId":"68232d2ef48a989182244092","details":"MongoDB view on User","userIp":"","userAgent":""}
{"timestamp":"2025-05-15T05:32:47.200Z","userId":"68232d2ef48a989182244092","action":"view","resourceType":"User","resourceId":"68232d2ef48a989182244092","details":"MongoDB view on User","userIp":"","userAgent":""}
{"timestamp":"2025-05-15T05:32:47.216Z","userId":"68232d2ef48a989182244092","action":"view","resourceType":"User","resourceId":"68232d2ef48a989182244092","details":"MongoDB view on User","userIp":"","userAgent":""}
{"timestamp":"2025-05-15T05:32:47.220Z","userId":"68232d2ef48a989182244092","action":"view","resourceType":"User","resourceId":"68232d2ef48a989182244092","details":"MongoDB view on User","userIp":"","userAgent":""}
{"timestamp":"2025-05-15T05:32:47.225Z","userId":"68232d2ef48a989182244092","action":"view","resourceType":"User","resourceId":"68232d2ef48a989182244092","details":"MongoDB view on User","userIp":"","userAgent":""}
{"timestamp":"2025-05-15T05:32:47.229Z","userId":"68232d2ef48a989182244092","action":"view","resourceType":"User","resourceId":"68232d2ef48a989182244092","details":"MongoDB view on User","userIp":"","userAgent":""}
{"timestamp":"2025-05-15T05:32:47.235Z","userId":"68232d2ef48a989182244092","action":"view","resourceType":"HealthData","resourceId":"latest","details":"MongoDB view on HealthData","userIp":"","userAgent":""}
{"timestamp":"2025-05-15T05:32:47.243Z","userId":"68232d2ef48a989182244092","action":"view","resourceType":"AIInsight","resourceId":"multiple","details":"MongoDB view on AIInsight","userIp":"","userAgent":""}
{"timestamp":"2025-05-15T05:32:47.251Z","userId":0,"action":"view","resourceType":"Doctor","resourceId":"multiple","details":"MongoDB view on Doctor","userIp":"","userAgent":""}
{"timestamp":"2025-05-15T05:32:47.287Z","userId":"68232d2ef48a989182244092","action":"view","resourceType":"Reminder","resourceId":"multiple","details":"MongoDB view on Reminder","userIp":"","userAgent":""}
{"timestamp":"2025-05-15T05:36:48.987Z","userId":"68232d2ef48a989182244092","action":"view","resourceType":"User","resourceId":"68232d2ef48a989182244092","details":"MongoDB view on User","userIp":"","userAgent":""}
{"timestamp":"2025-05-15T05:36:49.327Z","userId":"68232d2ef48a989182244092","action":"view","resourceType":"User","resourceId":"68232d2ef48a989182244092","details":"MongoDB view on User","userIp":"","userAgent":""}
{"timestamp":"2025-05-15T05:36:49.340Z","userId":"68232d2ef48a989182244092","action":"view","resourceType":"User","resourceId":"68232d2ef48a989182244092","details":"MongoDB view on User","userIp":"","userAgent":""}
{"timestamp":"2025-05-15T05:36:49.343Z","userId":"68232d2ef48a989182244092","action":"view","resourceType":"User","resourceId":"68232d2ef48a989182244092","details":"MongoDB view on User","userIp":"","userAgent":""}
{"timestamp":"2025-05-15T05:36:49.346Z","userId":"68232d2ef48a989182244092","action":"view","resourceType":"User","resourceId":"68232d2ef48a989182244092","details":"MongoDB view on User","userIp":"","userAgent":""}
{"timestamp":"2025-05-15T05:36:49.348Z","userId":"68232d2ef48a989182244092","action":"view","resourceType":"User","resourceId":"68232d2ef48a989182244092","details":"MongoDB view on User","userIp":"","userAgent":""}
{"timestamp":"2025-05-15T05:36:49.350Z","userId":"68232d2ef48a989182244092","action":"view","resourceType":"User","resourceId":"68232d2ef48a989182244092","details":"MongoDB view on User","userIp":"","userAgent":""}
{"timestamp":"2025-05-15T05:36:49.354Z","userId":"68232d2ef48a989182244092","action":"view","resourceType":"HealthData","resourceId":"latest","details":"MongoDB view on HealthData","userIp":"","userAgent":""}
{"timestamp":"2025-05-15T05:36:49.360Z","userId":"68232d2ef48a989182244092","action":"view","resourceType":"Reminder","resourceId":"multiple","details":"MongoDB view on Reminder","userIp":"","userAgent":""}
{"timestamp":"2025-05-15T05:36:49.396Z","userId":"68232d2ef48a989182244092","action":"view","resourceType":"AIInsight","resourceId":"multiple","details":"MongoDB view on AIInsight","userIp":"","userAgent":""}
{"timestamp":"2025-05-15T05:36:49.402Z","userId":0,"action":"view","resourceType":"Doctor","resourceId":"multiple","details":"MongoDB view on Doctor","userIp":"","userAgent":""}
{"timestamp":"2025-05-15T05:36:49.416Z","userId":"68232d2ef48a989182244092","action":"view","resourceType":"User","resourceId":"68232d2ef48a989182244092","details":"MongoDB view on User","userIp":"","userAgent":""}
{"timestamp":"2025-05-15T05:40:26.677Z","userId":"68232d2ef48a989182244092","action":"view","resourceType":"User","resourceId":"68232d2ef48a989182244092","details":"MongoDB view on User","userIp":"","userAgent":""}
{"timestamp":"2025-05-15T05:40:26.683Z","userId":"1","action":"view","resourceType":"Reminder","resourceId":"multiple","details":"MongoDB view on Reminder","userIp":"","userAgent":""}
{"timestamp":"2025-05-15T05:42:09.690Z","userId":"68232d2ef48a989182244092","action":"view","resourceType":"User","resourceId":"68232d2ef48a989182244092","details":"MongoDB view on User","userIp":"","userAgent":""}
{"timestamp":"2025-05-15T05:42:09.701Z","userId":"68232d2ef48a989182244092","action":"view","resourceType":"HealthData","resourceId":"multiple","details":"MongoDB view on HealthData","userIp":"","userAgent":""}
{"timestamp":"2025-05-15T05:42:15.788Z","userId":"68232d2ef48a989182244092","action":"view","resourceType":"User","resourceId":"68232d2ef48a989182244092","details":"MongoDB view on User","userIp":"","userAgent":""}
{"timestamp":"2025-05-15T05:42:15.834Z","userId":"68232d2ef48a989182244092","action":"view","resourceType":"User","resourceId":"68232d2ef48a989182244092","details":"MongoDB view on User","userIp":"","userAgent":""}
{"timestamp":"2025-05-15T05:42:15.845Z","userId":"68232d2ef48a989182244092","action":"view","resourceType":"User","resourceId":"68232d2ef48a989182244092","details":"MongoDB view on User","userIp":"","userAgent":""}
{"timestamp":"2025-05-15T05:42:15.848Z","userId":"68232d2ef48a989182244092","action":"view","resourceType":"User","resourceId":"68232d2ef48a989182244092","details":"MongoDB view on User","userIp":"","userAgent":""}
{"timestamp":"2025-05-15T05:42:15.850Z","userId":"68232d2ef48a989182244092","action":"view","resourceType":"User","resourceId":"68232d2ef48a989182244092","details":"MongoDB view on User","userIp":"","userAgent":""}
{"timestamp":"2025-05-15T05:42:15.853Z","userId":"68232d2ef48a989182244092","action":"view","resourceType":"User","resourceId":"68232d2ef48a989182244092","details":"MongoDB view on User","userIp":"","userAgent":""}
{"timestamp":"2025-05-15T05:42:15.855Z","userId":"68232d2ef48a989182244092","action":"view","resourceType":"User","resourceId":"68232d2ef48a989182244092","details":"MongoDB view on User","userIp":"","userAgent":""}
{"timestamp":"2025-05-15T05:42:15.859Z","userId":"68232d2ef48a989182244092","action":"view","resourceType":"HealthData","resourceId":"latest","details":"MongoDB view on HealthData","userIp":"","userAgent":""}
{"timestamp":"2025-05-15T05:42:15.866Z","userId":"68232d2ef48a989182244092","action":"view","resourceType":"Reminder","resourceId":"multiple","details":"MongoDB view on Reminder","userIp":"","userAgent":""}
{"timestamp":"2025-05-15T05:42:15.897Z","userId":"68232d2ef48a989182244092","action":"view","resourceType":"AIInsight","resourceId":"multiple","details":"MongoDB view on AIInsight","userIp":"","userAgent":""}
{"timestamp":"2025-05-15T05:42:15.901Z","userId":0,"action":"view","resourceType":"Doctor","resourceId":"multiple","details":"MongoDB view on Doctor","userIp":"","userAgent":""}
{"timestamp":"2025-05-15T05:43:23.266Z","userId":"68232d2ef48a989182244092","action":"view","resourceType":"User","resourceId":"68232d2ef48a989182244092","details":"MongoDB view on User","userIp":"","userAgent":""}
{"timestamp":"2025-05-15T05:43:23.274Z","userId":1,"action":"view","resourceType":"WearableDevice","resourceId":"multiple","details":"MongoDB view on WearableDevice","userIp":"","userAgent":""}
{"timestamp":"2025-05-15T05:44:34.639Z","userId":"68232d2ef48a989182244092","action":"view","resourceType":"User","resourceId":"68232d2ef48a989182244092","details":"MongoDB view on User","userIp":"","userAgent":""}
{"timestamp":"2025-05-15T05:44:34.646Z","userId":"68232d2ef48a989182244092","action":"view","resourceType":"HealthData","resourceId":"multiple","details":"MongoDB view on HealthData","userIp":"","userAgent":""}
{"timestamp":"2025-05-15T05:47:07.281Z","userId":"68232d2ef48a989182244092","action":"view","resourceType":"User","resourceId":"68232d2ef48a989182244092","details":"MongoDB view on User","userIp":"","userAgent":""}
{"timestamp":"2025-05-15T05:47:07.331Z","userId":"68232d2ef48a989182244092","action":"view","resourceType":"User","resourceId":"68232d2ef48a989182244092","details":"MongoDB view on User","userIp":"","userAgent":""}
{"timestamp":"2025-05-15T05:47:07.334Z","userId":"68232d2ef48a989182244092","action":"view","resourceType":"User","resourceId":"68232d2ef48a989182244092","details":"MongoDB view on User","userIp":"","userAgent":""}
{"timestamp":"2025-05-15T05:47:07.336Z","userId":"68232d2ef48a989182244092","action":"view","resourceType":"User","resourceId":"68232d2ef48a989182244092","details":"MongoDB view on User","userIp":"","userAgent":""}
{"timestamp":"2025-05-15T05:47:07.346Z","userId":"68232d2ef48a989182244092","action":"view","resourceType":"HealthData","resourceId":"latest","details":"MongoDB view on HealthData","userIp":"","userAgent":""}
{"timestamp":"2025-05-15T05:47:07.349Z","userId":"68232d2ef48a989182244092","action":"view","resourceType":"User","resourceId":"68232d2ef48a989182244092","details":"MongoDB view on User","userIp":"","userAgent":""}
{"timestamp":"2025-05-15T05:47:07.351Z","userId":"68232d2ef48a989182244092","action":"view","resourceType":"User","resourceId":"68232d2ef48a989182244092","details":"MongoDB view on User","userIp":"","userAgent":""}
{"timestamp":"2025-05-15T05:47:07.355Z","userId":"68232d2ef48a989182244092","action":"view","resourceType":"User","resourceId":"68232d2ef48a989182244092","details":"MongoDB view on User","userIp":"","userAgent":""}
{"timestamp":"2025-05-15T05:47:07.371Z","userId":"68232d2ef48a989182244092","action":"view","resourceType":"Reminder","resourceId":"multiple","details":"MongoDB view on Reminder","userIp":"","userAgent":""}
{"timestamp":"2025-05-15T05:47:07.402Z","userId":"68232d2ef48a989182244092","action":"view","resourceType":"AIInsight","resourceId":"multiple","details":"MongoDB view on AIInsight","userIp":"","userAgent":""}
{"timestamp":"2025-05-15T05:47:07.406Z","userId":0,"action":"view","resourceType":"Doctor","resourceId":"multiple","details":"MongoDB view on Doctor","userIp":"","userAgent":""}
{"timestamp":"2025-05-15T05:51:09.804Z","userId":"68232d2ef48a989182244092","action":"view","resourceType":"User","resourceId":"68232d2ef48a989182244092","details":"MongoDB view on User","userIp":"","userAgent":""}
{"timestamp":"2025-05-15T05:51:10.164Z","userId":"68232d2ef48a989182244092","action":"view","resourceType":"User","resourceId":"68232d2ef48a989182244092","details":"MongoDB view on User","userIp":"","userAgent":""}
{"timestamp":"2025-05-15T05:51:10.170Z","userId":"68232d2ef48a989182244092","action":"view","resourceType":"HealthData","resourceId":"latest","details":"MongoDB view on HealthData","userIp":"","userAgent":""}
{"timestamp":"2025-05-15T05:51:10.180Z","userId":"68232d2ef48a989182244092","action":"view","resourceType":"User","resourceId":"68232d2ef48a989182244092","details":"MongoDB view on User","userIp":"","userAgent":""}
{"timestamp":"2025-05-15T05:51:10.190Z","userId":"68232d2ef48a989182244092","action":"view","resourceType":"User","resourceId":"68232d2ef48a989182244092","details":"MongoDB view on User","userIp":"","userAgent":""}
{"timestamp":"2025-05-15T05:51:10.192Z","userId":"68232d2ef48a989182244092","action":"view","resourceType":"User","resourceId":"68232d2ef48a989182244092","details":"MongoDB view on User","userIp":"","userAgent":""}
{"timestamp":"2025-05-15T05:51:10.197Z","userId":"68232d2ef48a989182244092","action":"view","resourceType":"User","resourceId":"68232d2ef48a989182244092","details":"MongoDB view on User","userIp":"","userAgent":""}
{"timestamp":"2025-05-15T05:51:10.199Z","userId":"68232d2ef48a989182244092","action":"view","resourceType":"User","resourceId":"68232d2ef48a989182244092","details":"MongoDB view on User","userIp":"","userAgent":""}
{"timestamp":"2025-05-15T05:51:10.203Z","userId":"68232d2ef48a989182244092","action":"view","resourceType":"AIInsight","resourceId":"multiple","details":"MongoDB view on AIInsight","userIp":"","userAgent":""}
{"timestamp":"2025-05-15T05:51:10.233Z","userId":0,"action":"view","resourceType":"Doctor","resourceId":"multiple","details":"MongoDB view on Doctor","userIp":"","userAgent":""}
{"timestamp":"2025-05-15T05:51:10.238Z","userId":"68232d2ef48a989182244092","action":"view","resourceType":"Reminder","resourceId":"multiple","details":"MongoDB view on Reminder","userIp":"","userAgent":""}
{"timestamp":"2025-05-15T05:51:10.270Z","userId":"68232d2ef48a989182244092","action":"view","resourceType":"User","resourceId":"68232d2ef48a989182244092","details":"MongoDB view on User","userIp":"","userAgent":""}
{"timestamp":"2025-05-15T05:51:10.272Z","userId":"68232d2ef48a989182244092","action":"view","resourceType":"User","resourceId":"68232d2ef48a989182244092","details":"MongoDB view on User","userIp":"","userAgent":""}
{"timestamp":"2025-05-15T05:51:10.279Z","userId":"68232d2ef48a989182244092","action":"view","resourceType":"HealthData","resourceId":"latest","details":"MongoDB view on HealthData","userIp":"","userAgent":""}
{"timestamp":"2025-05-15T05:56:31.231Z","userId":"68232d2ef48a989182244092","action":"view","resourceType":"User","resourceId":"68232d2ef48a989182244092","details":"MongoDB view on User","userIp":"","userAgent":""}
{"timestamp":"2025-05-15T05:56:31.238Z","userId":"68232d2ef48a989182244092","action":"view","resourceType":"HealthData","resourceId":"multiple","details":"MongoDB view on HealthData","userIp":"","userAgent":""}
{"timestamp":"2025-05-15T05:56:41.281Z","userId":"68232d2ef48a989182244092","action":"view","resourceType":"User","resourceId":"68232d2ef48a989182244092","details":"MongoDB view on User","userIp":"","userAgent":""}
{"timestamp":"2025-05-15T05:56:41.290Z","userId":"1","action":"view","resourceType":"Reminder","resourceId":"multiple","details":"MongoDB view on Reminder","userIp":"","userAgent":""}
{"timestamp":"2025-05-15T05:58:08.695Z","userId":"68232d2ef48a989182244092","action":"view","resourceType":"User","resourceId":"68232d2ef48a989182244092","details":"MongoDB view on User","userIp":"","userAgent":""}
{"timestamp":"2025-05-15T05:58:09.030Z","userId":"68232d2ef48a989182244092","action":"view","resourceType":"User","resourceId":"68232d2ef48a989182244092","details":"MongoDB view on User","userIp":"","userAgent":""}
{"timestamp":"2025-05-15T05:58:09.036Z","userId":"68232d2ef48a989182244092","action":"view","resourceType":"User","resourceId":"68232d2ef48a989182244092","details":"MongoDB view on User","userIp":"","userAgent":""}
{"timestamp":"2025-05-15T05:58:09.047Z","userId":"68232d2ef48a989182244092","action":"view","resourceType":"HealthData","resourceId":"latest","details":"MongoDB view on HealthData","userIp":"","userAgent":""}
{"timestamp":"2025-05-15T05:58:09.059Z","userId":"1","action":"view","resourceType":"Reminder","resourceId":"multiple","details":"MongoDB view on Reminder","userIp":"","userAgent":""}
{"timestamp":"2025-05-15T05:59:21.432Z","userId":"68232d2ef48a989182244092","action":"view","resourceType":"User","resourceId":"68232d2ef48a989182244092","details":"MongoDB view on User","userIp":"","userAgent":""}
{"timestamp":"2025-05-15T05:59:21.465Z","userId":"68232d2ef48a989182244092","action":"view","resourceType":"User","resourceId":"68232d2ef48a989182244092","details":"MongoDB view on User","userIp":"","userAgent":""}
{"timestamp":"2025-05-15T05:59:21.467Z","userId":"68232d2ef48a989182244092","action":"view","resourceType":"User","resourceId":"68232d2ef48a989182244092","details":"MongoDB view on User","userIp":"","userAgent":""}
{"timestamp":"2025-05-15T05:59:21.469Z","userId":"68232d2ef48a989182244092","action":"view","resourceType":"User","resourceId":"68232d2ef48a989182244092","details":"MongoDB view on User","userIp":"","userAgent":""}
{"timestamp":"2025-05-15T05:59:21.473Z","userId":"68232d2ef48a989182244092","action":"view","resourceType":"User","resourceId":"68232d2ef48a989182244092","details":"MongoDB view on User","userIp":"","userAgent":""}
{"timestamp":"2025-05-15T05:59:21.481Z","userId":0,"action":"view","resourceType":"Doctor","resourceId":"multiple","details":"MongoDB view on Doctor","userIp":"","userAgent":""}
{"timestamp":"2025-05-15T05:59:21.487Z","userId":"68232d2ef48a989182244092","action":"view","resourceType":"Reminder","resourceId":"multiple","details":"MongoDB view on Reminder","userIp":"","userAgent":""}
{"timestamp":"2025-05-15T05:59:21.509Z","userId":"68232d2ef48a989182244092","action":"view","resourceType":"AIInsight","resourceId":"multiple","details":"MongoDB view on AIInsight","userIp":"","userAgent":""}
{"timestamp":"2025-05-15T05:59:21.530Z","userId":"68232d2ef48a989182244092","action":"view","resourceType":"User","resourceId":"68232d2ef48a989182244092","details":"MongoDB view on User","userIp":"","userAgent":""}
{"timestamp":"2025-05-15T05:59:21.543Z","userId":"68232d2ef48a989182244092","action":"view","resourceType":"User","resourceId":"68232d2ef48a989182244092","details":"MongoDB view on User","userIp":"","userAgent":""}
{"timestamp":"2025-05-15T05:59:21.545Z","userId":"68232d2ef48a989182244092","action":"view","resourceType":"User","resourceId":"68232d2ef48a989182244092","details":"MongoDB view on User","userIp":"","userAgent":""}
{"timestamp":"2025-05-15T05:59:21.548Z","userId":"68232d2ef48a989182244092","action":"view","resourceType":"User","resourceId":"68232d2ef48a989182244092","details":"MongoDB view on User","userIp":"","userAgent":""}
{"timestamp":"2025-05-15T05:59:21.550Z","userId":"68232d2ef48a989182244092","action":"view","resourceType":"User","resourceId":"68232d2ef48a989182244092","details":"MongoDB view on User","userIp":"","userAgent":""}
{"timestamp":"2025-05-15T05:59:21.556Z","userId":0,"action":"view","resourceType":"Doctor","resourceId":"multiple","details":"MongoDB view on Doctor","userIp":"","userAgent":""}
{"timestamp":"2025-05-15T05:59:21.562Z","userId":"68232d2ef48a989182244092","action":"view","resourceType":"HealthData","resourceId":"latest","details":"MongoDB view on HealthData","userIp":"","userAgent":""}
{"timestamp":"2025-05-15T05:59:21.582Z","userId":"68232d2ef48a989182244092","action":"view","resourceType":"Reminder","resourceId":"multiple","details":"MongoDB view on Reminder","userIp":"","userAgent":""}
{"timestamp":"2025-05-15T05:59:47.830Z","userId":"68232d2ef48a989182244092","action":"view","resourceType":"User","resourceId":"68232d2ef48a989182244092","details":"MongoDB view on User","userIp":"","userAgent":""}
{"timestamp":"2025-05-15T05:59:47.836Z","userId":"1","action":"view","resourceType":"Reminder","resourceId":"multiple","details":"MongoDB view on Reminder","userIp":"","userAgent":""}
{"timestamp":"2025-05-15T06:45:06.098Z","userId":"68232d2ef48a989182244092","action":"view","resourceType":"User","resourceId":"68232d2ef48a989182244092","details":"MongoDB view on User","userIp":"","userAgent":""}
{"timestamp":"2025-05-15T06:45:06.590Z","userId":"68232d2ef48a989182244092","action":"view","resourceType":"User","resourceId":"68232d2ef48a989182244092","details":"MongoDB view on User","userIp":"","userAgent":""}
{"timestamp":"2025-05-15T06:45:06.596Z","userId":"68232d2ef48a989182244092","action":"view","resourceType":"HealthData","resourceId":"latest","details":"MongoDB view on HealthData","userIp":"","userAgent":""}
{"timestamp":"2025-05-15T06:45:06.601Z","userId":"68232d2ef48a989182244092","action":"view","resourceType":"User","resourceId":"68232d2ef48a989182244092","details":"MongoDB view on User","userIp":"","userAgent":""}
{"timestamp":"2025-05-15T06:45:06.602Z","userId":"68232d2ef48a989182244092","action":"view","resourceType":"User","resourceId":"68232d2ef48a989182244092","details":"MongoDB view on User","userIp":"","userAgent":""}
{"timestamp":"2025-05-15T06:45:06.604Z","userId":"68232d2ef48a989182244092","action":"view","resourceType":"User","resourceId":"68232d2ef48a989182244092","details":"MongoDB view on User","userIp":"","userAgent":""}
{"timestamp":"2025-05-15T06:45:06.613Z","userId":"68232d2ef48a989182244092","action":"view","resourceType":"Reminder","resourceId":"multiple","details":"MongoDB view on Reminder","userIp":"","userAgent":""}
{"timestamp":"2025-05-15T06:45:06.616Z","userId":"68232d2ef48a989182244092","action":"view","resourceType":"User","resourceId":"68232d2ef48a989182244092","details":"MongoDB view on User","userIp":"","userAgent":""}
{"timestamp":"2025-05-15T06:45:06.618Z","userId":"68232d2ef48a989182244092","action":"view","resourceType":"User","resourceId":"68232d2ef48a989182244092","details":"MongoDB view on User","userIp":"","userAgent":""}
{"timestamp":"2025-05-15T06:45:06.653Z","userId":"68232d2ef48a989182244092","action":"view","resourceType":"AIInsight","resourceId":"multiple","details":"MongoDB view on AIInsight","userIp":"","userAgent":""}
{"timestamp":"2025-05-15T06:45:06.656Z","userId":0,"action":"view","resourceType":"Doctor","resourceId":"multiple","details":"MongoDB view on Doctor","userIp":"","userAgent":""}
{"timestamp":"2025-05-15T06:45:06.687Z","userId":"68232d2ef48a989182244092","action":"view","resourceType":"User","resourceId":"68232d2ef48a989182244092","details":"MongoDB view on User","userIp":"","userAgent":""}
{"timestamp":"2025-05-15T06:45:06.696Z","userId":"68232d2ef48a989182244092","action":"view","resourceType":"User","resourceId":"68232d2ef48a989182244092","details":"MongoDB view on User","userIp":"","userAgent":""}
{"timestamp":"2025-05-15T06:45:06.700Z","userId":"68232d2ef48a989182244092","action":"view","resourceType":"User","resourceId":"68232d2ef48a989182244092","details":"MongoDB view on User","userIp":"","userAgent":""}
{"timestamp":"2025-05-15T06:45:06.708Z","userId":"68232d2ef48a989182244092","action":"view","resourceType":"HealthData","resourceId":"latest","details":"MongoDB view on HealthData","userIp":"","userAgent":""}
{"timestamp":"2025-05-15T06:45:06.714Z","userId":"68232d2ef48a989182244092","action":"view","resourceType":"Reminder","resourceId":"multiple","details":"MongoDB view on Reminder","userIp":"","userAgent":""}
{"timestamp":"2025-05-15T07:07:52.068Z","userId":"68232d2ef48a989182244092","action":"view","resourceType":"User","resourceId":"68232d2ef48a989182244092","details":"MongoDB view on User","userIp":"","userAgent":""}
{"timestamp":"2025-05-15T07:07:53.462Z","userId":"68232d2ef48a989182244092","action":"view","resourceType":"User","resourceId":"68232d2ef48a989182244092","details":"MongoDB view on User","userIp":"","userAgent":""}
{"timestamp":"2025-05-15T07:07:53.467Z","userId":"68232d2ef48a989182244092","action":"view","resourceType":"HealthData","resourceId":"latest","details":"MongoDB view on HealthData","userIp":"","userAgent":""}
{"timestamp":"2025-05-15T07:07:53.473Z","userId":"68232d2ef48a989182244092","action":"view","resourceType":"User","resourceId":"68232d2ef48a989182244092","details":"MongoDB view on User","userIp":"","userAgent":""}
{"timestamp":"2025-05-15T07:07:53.476Z","userId":"68232d2ef48a989182244092","action":"view","resourceType":"User","resourceId":"68232d2ef48a989182244092","details":"MongoDB view on User","userIp":"","userAgent":""}
{"timestamp":"2025-05-15T07:07:53.484Z","userId":"68232d2ef48a989182244092","action":"view","resourceType":"User","resourceId":"68232d2ef48a989182244092","details":"MongoDB view on User","userIp":"","userAgent":""}
{"timestamp":"2025-05-15T07:07:53.490Z","userId":"68232d2ef48a989182244092","action":"view","resourceType":"User","resourceId":"68232d2ef48a989182244092","details":"MongoDB view on User","userIp":"","userAgent":""}
{"timestamp":"2025-05-15T07:07:53.492Z","userId":"68232d2ef48a989182244092","action":"view","resourceType":"User","resourceId":"68232d2ef48a989182244092","details":"MongoDB view on User","userIp":"","userAgent":""}
{"timestamp":"2025-05-15T07:07:53.506Z","userId":"68232d2ef48a989182244092","action":"view","resourceType":"Reminder","resourceId":"multiple","details":"MongoDB view on Reminder","userIp":"","userAgent":""}
{"timestamp":"2025-05-15T07:07:53.511Z","userId":"68232d2ef48a989182244092","action":"view","resourceType":"AIInsight","resourceId":"multiple","details":"MongoDB view on AIInsight","userIp":"","userAgent":""}
{"timestamp":"2025-05-15T07:07:53.517Z","userId":0,"action":"view","resourceType":"Doctor","resourceId":"multiple","details":"MongoDB view on Doctor","userIp":"","userAgent":""}
{"timestamp":"2025-05-15T07:07:53.597Z","userId":"68232d2ef48a989182244092","action":"view","resourceType":"User","resourceId":"68232d2ef48a989182244092","details":"MongoDB view on User","userIp":"","userAgent":""}
{"timestamp":"2025-05-15T07:07:53.606Z","userId":"68232d2ef48a989182244092","action":"view","resourceType":"User","resourceId":"68232d2ef48a989182244092","details":"MongoDB view on User","userIp":"","userAgent":""}
{"timestamp":"2025-05-15T07:07:53.608Z","userId":"68232d2ef48a989182244092","action":"view","resourceType":"User","resourceId":"68232d2ef48a989182244092","details":"MongoDB view on User","userIp":"","userAgent":""}
{"timestamp":"2025-05-15T07:07:53.609Z","userId":"68232d2ef48a989182244092","action":"view","resourceType":"User","resourceId":"68232d2ef48a989182244092","details":"MongoDB view on User","userIp":"","userAgent":""}
{"timestamp":"2025-05-15T07:07:53.613Z","userId":"68232d2ef48a989182244092","action":"view","resourceType":"AIInsight","resourceId":"multiple","details":"MongoDB view on AIInsight","userIp":"","userAgent":""}
{"timestamp":"2025-05-15T07:07:53.616Z","userId":"68232d2ef48a989182244092","action":"view","resourceType":"HealthData","resourceId":"latest","details":"MongoDB view on HealthData","userIp":"","userAgent":""}
{"timestamp":"2025-05-15T07:07:53.618Z","userId":"68232d2ef48a989182244092","action":"view","resourceType":"User","resourceId":"68232d2ef48a989182244092","details":"MongoDB view on User","userIp":"","userAgent":""}
{"timestamp":"2025-05-15T07:07:53.620Z","userId":0,"action":"view","resourceType":"Doctor","resourceId":"multiple","details":"MongoDB view on Doctor","userIp":"","userAgent":""}
{"timestamp":"2025-05-15T07:07:53.625Z","userId":"68232d2ef48a989182244092","action":"view","resourceType":"Reminder","resourceId":"multiple","details":"MongoDB view on Reminder","userIp":"","userAgent":""}
{"timestamp":"2025-05-15T07:09:55.545Z","userId":"68232d2ef48a989182244092","action":"view","resourceType":"User","resourceId":"68232d2ef48a989182244092","details":"MongoDB view on User","userIp":"","userAgent":""}
{"timestamp":"2025-05-15T07:10:18.512Z","userId":"68232d2ef48a989182244092","action":"view","resourceType":"User","resourceId":"68232d2ef48a989182244092","details":"MongoDB view on User","userIp":"","userAgent":""}
{"timestamp":"2025-05-15T07:17:26.578Z","userId":"68232d2ef48a989182244092","action":"view","resourceType":"User","resourceId":"68232d2ef48a989182244092","details":"MongoDB view on User","userIp":"","userAgent":""}
{"timestamp":"2025-05-15T07:17:28.027Z","userId":"68232d2ef48a989182244092","action":"view","resourceType":"User","resourceId":"68232d2ef48a989182244092","details":"MongoDB view on User","userIp":"","userAgent":""}
{"timestamp":"2025-05-15T07:17:28.037Z","userId":"68232d2ef48a989182244092","action":"view","resourceType":"User","resourceId":"68232d2ef48a989182244092","details":"MongoDB view on User","userIp":"","userAgent":""}
{"timestamp":"2025-05-15T07:17:28.047Z","userId":"68232d2ef48a989182244092","action":"view","resourceType":"HealthData","resourceId":"latest","details":"MongoDB view on HealthData","userIp":"","userAgent":""}
{"timestamp":"2025-05-15T07:17:28.066Z","userId":"68232d2ef48a989182244092","action":"view","resourceType":"User","resourceId":"68232d2ef48a989182244092","details":"MongoDB view on User","userIp":"","userAgent":""}
{"timestamp":"2025-05-15T07:17:28.076Z","userId":"68232d2ef48a989182244092","action":"view","resourceType":"User","resourceId":"68232d2ef48a989182244092","details":"MongoDB view on User","userIp":"","userAgent":""}
{"timestamp":"2025-05-15T07:17:28.084Z","userId":"68232d2ef48a989182244092","action":"view","resourceType":"User","resourceId":"68232d2ef48a989182244092","details":"MongoDB view on User","userIp":"","userAgent":""}
{"timestamp":"2025-05-15T07:17:28.115Z","userId":"68232d2ef48a989182244092","action":"view","resourceType":"Reminder","resourceId":"multiple","details":"MongoDB view on Reminder","userIp":"","userAgent":""}
{"timestamp":"2025-05-15T07:17:28.172Z","userId":"68232d2ef48a989182244092","action":"view","resourceType":"User","resourceId":"68232d2ef48a989182244092","details":"MongoDB view on User","userIp":"","userAgent":""}
{"timestamp":"2025-05-15T07:17:28.251Z","userId":"68232d2ef48a989182244092","action":"view","resourceType":"AIInsight","resourceId":"multiple","details":"MongoDB view on AIInsight","userIp":"","userAgent":""}
{"timestamp":"2025-05-15T07:17:28.373Z","userId":0,"action":"view","resourceType":"Doctor","resourceId":"multiple","details":"MongoDB view on Doctor","userIp":"","userAgent":""}
{"timestamp":"2025-05-15T07:17:28.633Z","userId":"68232d2ef48a989182244092","action":"view","resourceType":"User","resourceId":"68232d2ef48a989182244092","details":"MongoDB view on User","userIp":"","userAgent":""}
{"timestamp":"2025-05-15T07:17:28.672Z","userId":"68232d2ef48a989182244092","action":"view","resourceType":"User","resourceId":"68232d2ef48a989182244092","details":"MongoDB view on User","userIp":"","userAgent":""}
{"timestamp":"2025-05-15T07:17:28.749Z","userId":"68232d2ef48a989182244092","action":"view","resourceType":"User","resourceId":"68232d2ef48a989182244092","details":"MongoDB view on User","userIp":"","userAgent":""}
{"timestamp":"2025-05-15T07:17:28.766Z","userId":"68232d2ef48a989182244092","action":"view","resourceType":"User","resourceId":"68232d2ef48a989182244092","details":"MongoDB view on User","userIp":"","userAgent":""}
{"timestamp":"2025-05-15T07:17:28.786Z","userId":"68232d2ef48a989182244092","action":"view","resourceType":"User","resourceId":"68232d2ef48a989182244092","details":"MongoDB view on User","userIp":"","userAgent":""}
{"timestamp":"2025-05-15T07:17:28.801Z","userId":"68232d2ef48a989182244092","action":"view","resourceType":"User","resourceId":"68232d2ef48a989182244092","details":"MongoDB view on User","userIp":"","userAgent":""}
{"timestamp":"2025-05-15T07:17:28.832Z","userId":"68232d2ef48a989182244092","action":"view","resourceType":"AIInsight","resourceId":"multiple","details":"MongoDB view on AIInsight","userIp":"","userAgent":""}
{"timestamp":"2025-05-15T07:17:28.845Z","userId":0,"action":"view","resourceType":"Doctor","resourceId":"multiple","details":"MongoDB view on Doctor","userIp":"","userAgent":""}
{"timestamp":"2025-05-15T07:17:28.870Z","userId":"68232d2ef48a989182244092","action":"view","resourceType":"Reminder","resourceId":"multiple","details":"MongoDB view on Reminder","userIp":"","userAgent":""}
{"timestamp":"2025-05-15T07:17:28.944Z","userId":"68232d2ef48a989182244092","action":"view","resourceType":"HealthData","resourceId":"latest","details":"MongoDB view on HealthData","userIp":"","userAgent":""}
{"timestamp":"2025-05-15T07:29:33.844Z","userId":"68232d2ef48a989182244092","action":"view","resourceType":"User","resourceId":"68232d2ef48a989182244092","details":"MongoDB view on User","userIp":"","userAgent":""}
{"timestamp":"2025-05-15T07:29:34.157Z","userId":"68232d2ef48a989182244092","action":"view","resourceType":"User","resourceId":"68232d2ef48a989182244092","details":"MongoDB view on User","userIp":"","userAgent":""}
{"timestamp":"2025-05-15T07:29:34.161Z","userId":"68232d2ef48a989182244092","action":"view","resourceType":"User","resourceId":"68232d2ef48a989182244092","details":"MongoDB view on User","userIp":"","userAgent":""}
{"timestamp":"2025-05-15T07:29:34.165Z","userId":"68232d2ef48a989182244092","action":"view","resourceType":"HealthData","resourceId":"latest","details":"MongoDB view on HealthData","userIp":"","userAgent":""}
{"timestamp":"2025-05-15T07:29:34.173Z","userId":"68232d2ef48a989182244092","action":"view","resourceType":"User","resourceId":"68232d2ef48a989182244092","details":"MongoDB view on User","userIp":"","userAgent":""}
{"timestamp":"2025-05-15T07:29:34.175Z","userId":"68232d2ef48a989182244092","action":"view","resourceType":"User","resourceId":"68232d2ef48a989182244092","details":"MongoDB view on User","userIp":"","userAgent":""}
{"timestamp":"2025-05-15T07:29:34.177Z","userId":"68232d2ef48a989182244092","action":"view","resourceType":"User","resourceId":"68232d2ef48a989182244092","details":"MongoDB view on User","userIp":"","userAgent":""}
{"timestamp":"2025-05-15T07:29:34.178Z","userId":"68232d2ef48a989182244092","action":"view","resourceType":"User","resourceId":"68232d2ef48a989182244092","details":"MongoDB view on User","userIp":"","userAgent":""}
{"timestamp":"2025-05-15T07:29:34.184Z","userId":"68232d2ef48a989182244092","action":"view","resourceType":"Reminder","resourceId":"multiple","details":"MongoDB view on Reminder","userIp":"","userAgent":""}
{"timestamp":"2025-05-15T07:29:34.219Z","userId":"68232d2ef48a989182244092","action":"view","resourceType":"AIInsight","resourceId":"multiple","details":"MongoDB view on AIInsight","userIp":"","userAgent":""}
{"timestamp":"2025-05-15T07:29:34.225Z","userId":0,"action":"view","resourceType":"Doctor","resourceId":"multiple","details":"MongoDB view on Doctor","userIp":"","userAgent":""}
{"timestamp":"2025-05-15T07:29:34.239Z","userId":"68232d2ef48a989182244092","action":"view","resourceType":"User","resourceId":"68232d2ef48a989182244092","details":"MongoDB view on User","userIp":"","userAgent":""}
{"timestamp":"2025-05-15T07:29:42.324Z","userId":"68232d2ef48a989182244092","action":"view","resourceType":"User","resourceId":"68232d2ef48a989182244092","details":"MongoDB view on User","userIp":"","userAgent":""}
{"timestamp":"2025-05-15T07:29:42.330Z","userId":"68232d2ef48a989182244092","action":"view","resourceType":"HealthData","resourceId":"multiple","details":"MongoDB view on HealthData","userIp":"","userAgent":""}
{"timestamp":"2025-05-15T07:29:48.449Z","userId":"68232d2ef48a989182244092","action":"view","resourceType":"User","resourceId":"68232d2ef48a989182244092","details":"MongoDB view on User","userIp":"","userAgent":""}
{"timestamp":"2025-05-15T07:29:48.454Z","userId":"1","action":"view","resourceType":"Reminder","resourceId":"multiple","details":"MongoDB view on Reminder","userIp":"","userAgent":""}
{"timestamp":"2025-05-15T07:29:50.404Z","userId":"68232d2ef48a989182244092","action":"view","resourceType":"User","resourceId":"68232d2ef48a989182244092","details":"MongoDB view on User","userIp":"","userAgent":""}
{"timestamp":"2025-05-15T07:29:50.437Z","userId":"68232d2ef48a989182244092","action":"view","resourceType":"User","resourceId":"68232d2ef48a989182244092","details":"MongoDB view on User","userIp":"","userAgent":""}
{"timestamp":"2025-05-15T07:29:50.445Z","userId":"68232d2ef48a989182244092","action":"view","resourceType":"User","resourceId":"68232d2ef48a989182244092","details":"MongoDB view on User","userIp":"","userAgent":""}
{"timestamp":"2025-05-15T07:29:50.447Z","userId":"68232d2ef48a989182244092","action":"view","resourceType":"User","resourceId":"68232d2ef48a989182244092","details":"MongoDB view on User","userIp":"","userAgent":""}
{"timestamp":"2025-05-15T07:29:50.448Z","userId":"68232d2ef48a989182244092","action":"view","resourceType":"User","resourceId":"68232d2ef48a989182244092","details":"MongoDB view on User","userIp":"","userAgent":""}
{"timestamp":"2025-05-15T07:29:50.450Z","userId":"68232d2ef48a989182244092","action":"view","resourceType":"User","resourceId":"68232d2ef48a989182244092","details":"MongoDB view on User","userIp":"","userAgent":""}
{"timestamp":"2025-05-15T07:29:50.451Z","userId":"68232d2ef48a989182244092","action":"view","resourceType":"User","resourceId":"68232d2ef48a989182244092","details":"MongoDB view on User","userIp":"","userAgent":""}
{"timestamp":"2025-05-15T07:29:50.454Z","userId":"68232d2ef48a989182244092","action":"view","resourceType":"HealthData","resourceId":"latest","details":"MongoDB view on HealthData","userIp":"","userAgent":""}
{"timestamp":"2025-05-15T07:29:50.460Z","userId":0,"action":"view","resourceType":"Doctor","resourceId":"multiple","details":"MongoDB view on Doctor","userIp":"","userAgent":""}
{"timestamp":"2025-05-15T07:29:50.499Z","userId":"68232d2ef48a989182244092","action":"view","resourceType":"AIInsight","resourceId":"multiple","details":"MongoDB view on AIInsight","userIp":"","userAgent":""}
{"timestamp":"2025-05-15T07:29:50.505Z","userId":"68232d2ef48a989182244092","action":"view","resourceType":"Reminder","resourceId":"multiple","details":"MongoDB view on Reminder","userIp":"","userAgent":""}
{"timestamp":"2025-05-15T07:29:57.473Z","userId":"68232d2ef48a989182244092","action":"view","resourceType":"User","resourceId":"68232d2ef48a989182244092","details":"MongoDB view on User","userIp":"","userAgent":""}
{"timestamp":"2025-05-15T07:29:57.773Z","userId":"68232d2ef48a989182244092","action":"view","resourceType":"User","resourceId":"68232d2ef48a989182244092","details":"MongoDB view on User","userIp":"","userAgent":""}
{"timestamp":"2025-05-15T07:29:57.775Z","userId":"68232d2ef48a989182244092","action":"view","resourceType":"User","resourceId":"68232d2ef48a989182244092","details":"MongoDB view on User","userIp":"","userAgent":""}
{"timestamp":"2025-05-15T07:29:57.780Z","userId":"68232d2ef48a989182244092","action":"view","resourceType":"HealthData","resourceId":"latest","details":"MongoDB view on HealthData","userIp":"","userAgent":""}
{"timestamp":"2025-05-15T07:29:57.784Z","userId":"68232d2ef48a989182244092","action":"view","resourceType":"User","resourceId":"68232d2ef48a989182244092","details":"MongoDB view on User","userIp":"","userAgent":""}
{"timestamp":"2025-05-15T07:29:57.786Z","userId":"68232d2ef48a989182244092","action":"view","resourceType":"User","resourceId":"68232d2ef48a989182244092","details":"MongoDB view on User","userIp":"","userAgent":""}
{"timestamp":"2025-05-15T07:29:57.788Z","userId":"68232d2ef48a989182244092","action":"view","resourceType":"User","resourceId":"68232d2ef48a989182244092","details":"MongoDB view on User","userIp":"","userAgent":""}
{"timestamp":"2025-05-15T07:29:57.790Z","userId":"68232d2ef48a989182244092","action":"view","resourceType":"User","resourceId":"68232d2ef48a989182244092","details":"MongoDB view on User","userIp":"","userAgent":""}
{"timestamp":"2025-05-15T07:29:57.793Z","userId":0,"action":"view","resourceType":"Doctor","resourceId":"multiple","details":"MongoDB view on Doctor","userIp":"","userAgent":""}
{"timestamp":"2025-05-15T07:29:57.798Z","userId":"68232d2ef48a989182244092","action":"view","resourceType":"AIInsight","resourceId":"multiple","details":"MongoDB view on AIInsight","userIp":"","userAgent":""}
{"timestamp":"2025-05-15T07:29:57.800Z","userId":"68232d2ef48a989182244092","action":"view","resourceType":"Reminder","resourceId":"multiple","details":"MongoDB view on Reminder","userIp":"","userAgent":""}
{"timestamp":"2025-05-15T07:29:57.853Z","userId":"68232d2ef48a989182244092","action":"view","resourceType":"User","resourceId":"68232d2ef48a989182244092","details":"MongoDB view on User","userIp":"","userAgent":""}
{"timestamp":"2025-05-15T07:30:14.092Z","userId":"68232d2ef48a989182244092","action":"view","resourceType":"User","resourceId":"68232d2ef48a989182244092","details":"MongoDB view on User","userIp":"","userAgent":""}
{"timestamp":"2025-05-15T07:30:14.098Z","userId":"68232d2ef48a989182244092","action":"create","resourceType":"HealthData","resourceId":"multiple","details":"MongoDB create on HealthData","userIp":"","userAgent":""}
{"timestamp":"2025-05-15T07:30:14.119Z","userId":"68232d2ef48a989182244092","action":"view","resourceType":"User","resourceId":"68232d2ef48a989182244092","details":"MongoDB view on User","userIp":"","userAgent":""}
{"timestamp":"2025-05-15T07:30:14.122Z","userId":"68232d2ef48a989182244092","action":"view","resourceType":"HealthData","resourceId":"latest","details":"MongoDB view on HealthData","userIp":"","userAgent":""}
{"timestamp":"2025-05-15T07:30:17.486Z","userId":"68232d2ef48a989182244092","action":"view","resourceType":"User","resourceId":"68232d2ef48a989182244092","details":"MongoDB view on User","userIp":"","userAgent":""}
{"timestamp":"2025-05-15T07:30:17.492Z","userId":"68232d2ef48a989182244092","action":"view","resourceType":"HealthData","resourceId":"multiple","details":"MongoDB view on HealthData","userIp":"","userAgent":""}
{"timestamp":"2025-05-15T08:19:48.307Z","userId":0,"action":"view","resourceType":"User","resourceId":"aaa","details":"MongoDB view on User","userIp":"","userAgent":""}
{"timestamp":"2025-05-15T08:19:48.573Z","userId":"68232d2ef48a989182244092","action":"view","resourceType":"User","resourceId":"68232d2ef48a989182244092","details":"MongoDB view on User","userIp":"","userAgent":""}
{"timestamp":"2025-05-15T08:19:48.596Z","userId":"68232d2ef48a989182244092","action":"view","resourceType":"HealthData","resourceId":"latest","details":"MongoDB view on HealthData","userIp":"","userAgent":""}
{"timestamp":"2025-05-15T08:19:48.649Z","userId":"68232d2ef48a989182244092","action":"view","resourceType":"User","resourceId":"68232d2ef48a989182244092","details":"MongoDB view on User","userIp":"","userAgent":""}
{"timestamp":"2025-05-15T08:19:48.659Z","userId":"68232d2ef48a989182244092","action":"view","resourceType":"User","resourceId":"68232d2ef48a989182244092","details":"MongoDB view on User","userIp":"","userAgent":""}
{"timestamp":"2025-05-15T08:19:48.669Z","userId":"68232d2ef48a989182244092","action":"view","resourceType":"User","resourceId":"68232d2ef48a989182244092","details":"MongoDB view on User","userIp":"","userAgent":""}
{"timestamp":"2025-05-15T08:19:48.692Z","userId":"68232d2ef48a989182244092","action":"view","resourceType":"AIInsight","resourceId":"multiple","details":"MongoDB view on AIInsight","userIp":"","userAgent":""}
{"timestamp":"2025-05-15T08:19:48.720Z","userId":"68232d2ef48a989182244092","action":"view","resourceType":"User","resourceId":"68232d2ef48a989182244092","details":"MongoDB view on User","userIp":"","userAgent":""}
{"timestamp":"2025-05-15T08:19:48.722Z","userId":"68232d2ef48a989182244092","action":"view","resourceType":"User","resourceId":"68232d2ef48a989182244092","details":"MongoDB view on User","userIp":"","userAgent":""}
{"timestamp":"2025-05-15T08:19:48.734Z","userId":"68232d2ef48a989182244092","action":"view","resourceType":"Reminder","resourceId":"multiple","details":"MongoDB view on Reminder","userIp":"","userAgent":""}
{"timestamp":"2025-05-15T08:19:48.764Z","userId":0,"action":"view","resourceType":"Doctor","resourceId":"multiple","details":"MongoDB view on Doctor","userIp":"","userAgent":""}
{"timestamp":"2025-05-15T08:19:48.853Z","userId":"68232d2ef48a989182244092","action":"view","resourceType":"User","resourceId":"68232d2ef48a989182244092","details":"MongoDB view on User","userIp":"","userAgent":""}
{"timestamp":"2025-05-15T08:19:48.855Z","userId":"68232d2ef48a989182244092","action":"view","resourceType":"User","resourceId":"68232d2ef48a989182244092","details":"MongoDB view on User","userIp":"","userAgent":""}
{"timestamp":"2025-05-15T08:19:48.869Z","userId":"68232d2ef48a989182244092","action":"view","resourceType":"User","resourceId":"68232d2ef48a989182244092","details":"MongoDB view on User","userIp":"","userAgent":""}
{"timestamp":"2025-05-15T08:19:48.872Z","userId":"68232d2ef48a989182244092","action":"view","resourceType":"User","resourceId":"68232d2ef48a989182244092","details":"MongoDB view on User","userIp":"","userAgent":""}
{"timestamp":"2025-05-15T08:19:48.875Z","userId":"68232d2ef48a989182244092","action":"view","resourceType":"User","resourceId":"68232d2ef48a989182244092","details":"MongoDB view on User","userIp":"","userAgent":""}
{"timestamp":"2025-05-15T08:19:48.878Z","userId":"68232d2ef48a989182244092","action":"view","resourceType":"User","resourceId":"68232d2ef48a989182244092","details":"MongoDB view on User","userIp":"","userAgent":""}
{"timestamp":"2025-05-15T08:19:48.884Z","userId":"68232d2ef48a989182244092","action":"view","resourceType":"HealthData","resourceId":"latest","details":"MongoDB view on HealthData","userIp":"","userAgent":""}
{"timestamp":"2025-05-15T08:19:48.889Z","userId":0,"action":"view","resourceType":"Doctor","resourceId":"multiple","details":"MongoDB view on Doctor","userIp":"","userAgent":""}
{"timestamp":"2025-05-15T08:19:48.900Z","userId":"68232d2ef48a989182244092","action":"view","resourceType":"Reminder","resourceId":"multiple","details":"MongoDB view on Reminder","userIp":"","userAgent":""}
{"timestamp":"2025-05-15T08:19:48.924Z","userId":"68232d2ef48a989182244092","action":"view","resourceType":"AIInsight","resourceId":"multiple","details":"MongoDB view on AIInsight","userIp":"","userAgent":""}
{"timestamp":"2025-05-15T08:38:48.705Z","userId":"68232d2ef48a989182244092","action":"view","resourceType":"User","resourceId":"68232d2ef48a989182244092","details":"MongoDB view on User","userIp":"","userAgent":""}
{"timestamp":"2025-05-15T08:38:48.714Z","userId":0,"action":"view","resourceType":"User","resourceId":"aaa","details":"MongoDB view on User","userIp":"","userAgent":""}
{"timestamp":"2025-05-15T08:38:49.014Z","userId":"68232d2ef48a989182244092","action":"view","resourceType":"User","resourceId":"68232d2ef48a989182244092","details":"MongoDB view on User","userIp":"","userAgent":""}
{"timestamp":"2025-05-15T08:38:49.028Z","userId":"68232d2ef48a989182244092","action":"view","resourceType":"HealthData","resourceId":"latest","details":"MongoDB view on HealthData","userIp":"","userAgent":""}
{"timestamp":"2025-05-15T08:38:49.059Z","userId":"68232d2ef48a989182244092","action":"view","resourceType":"User","resourceId":"68232d2ef48a989182244092","details":"MongoDB view on User","userIp":"","userAgent":""}
{"timestamp":"2025-05-15T08:38:49.066Z","userId":"68232d2ef48a989182244092","action":"view","resourceType":"User","resourceId":"68232d2ef48a989182244092","details":"MongoDB view on User","userIp":"","userAgent":""}
{"timestamp":"2025-05-15T08:38:49.072Z","userId":"68232d2ef48a989182244092","action":"view","resourceType":"User","resourceId":"68232d2ef48a989182244092","details":"MongoDB view on User","userIp":"","userAgent":""}
{"timestamp":"2025-05-15T08:38:49.077Z","userId":"68232d2ef48a989182244092","action":"view","resourceType":"User","resourceId":"68232d2ef48a989182244092","details":"MongoDB view on User","userIp":"","userAgent":""}
{"timestamp":"2025-05-15T08:38:49.086Z","userId":"68232d2ef48a989182244092","action":"view","resourceType":"User","resourceId":"68232d2ef48a989182244092","details":"MongoDB view on User","userIp":"","userAgent":""}
{"timestamp":"2025-05-15T08:38:49.126Z","userId":"68232d2ef48a989182244092","action":"view","resourceType":"Reminder","resourceId":"multiple","details":"MongoDB view on Reminder","userIp":"","userAgent":""}
{"timestamp":"2025-05-15T08:38:49.225Z","userId":"68232d2ef48a989182244092","action":"view","resourceType":"AIInsight","resourceId":"multiple","details":"MongoDB view on AIInsight","userIp":"","userAgent":""}
{"timestamp":"2025-05-15T08:38:49.237Z","userId":0,"action":"view","resourceType":"Doctor","resourceId":"multiple","details":"MongoDB view on Doctor","userIp":"","userAgent":""}
{"timestamp":"2025-05-15T08:38:49.264Z","userId":"68232d2ef48a989182244092","action":"view","resourceType":"User","resourceId":"68232d2ef48a989182244092","details":"MongoDB view on User","userIp":"","userAgent":""}
{"timestamp":"2025-05-15T08:38:49.272Z","userId":"68232d2ef48a989182244092","action":"view","resourceType":"User","resourceId":"68232d2ef48a989182244092","details":"MongoDB view on User","userIp":"","userAgent":""}
{"timestamp":"2025-05-15T08:38:49.304Z","userId":"68232d2ef48a989182244092","action":"view","resourceType":"HealthData","resourceId":"latest","details":"MongoDB view on HealthData","userIp":"","userAgent":""}
{"timestamp":"2025-05-15T08:39:03.942Z","userId":"68232d2ef48a989182244092","action":"view","resourceType":"User","resourceId":"68232d2ef48a989182244092","details":"MongoDB view on User","userIp":"","userAgent":""}
{"timestamp":"2025-05-15T08:39:03.954Z","userId":"68232d2ef48a989182244092","action":"view","resourceType":"HealthData","resourceId":"multiple","details":"MongoDB view on HealthData","userIp":"","userAgent":""}
{"timestamp":"2025-05-15T08:39:17.414Z","userId":"68232d2ef48a989182244092","action":"view","resourceType":"User","resourceId":"68232d2ef48a989182244092","details":"MongoDB view on User","userIp":"","userAgent":""}
{"timestamp":"2025-05-15T08:39:17.425Z","userId":"1","action":"view","resourceType":"Reminder","resourceId":"multiple","details":"MongoDB view on Reminder","userIp":"","userAgent":""}
{"timestamp":"2025-05-15T08:39:19.616Z","userId":"68232d2ef48a989182244092","action":"view","resourceType":"User","resourceId":"68232d2ef48a989182244092","details":"MongoDB view on User","userIp":"","userAgent":""}
{"timestamp":"2025-05-15T08:39:19.765Z","userId":"68232d2ef48a989182244092","action":"view","resourceType":"User","resourceId":"68232d2ef48a989182244092","details":"MongoDB view on User","userIp":"","userAgent":""}
{"timestamp":"2025-05-15T08:39:19.972Z","userId":"68232d2ef48a989182244092","action":"view","resourceType":"HealthData","resourceId":"latest","details":"MongoDB view on HealthData","userIp":"","userAgent":""}
{"timestamp":"2025-05-15T08:39:19.993Z","userId":"68232d2ef48a989182244092","action":"view","resourceType":"User","resourceId":"68232d2ef48a989182244092","details":"MongoDB view on User","userIp":"","userAgent":""}
{"timestamp":"2025-05-15T08:39:19.999Z","userId":"68232d2ef48a989182244092","action":"view","resourceType":"User","resourceId":"68232d2ef48a989182244092","details":"MongoDB view on User","userIp":"","userAgent":""}
{"timestamp":"2025-05-15T08:39:20.004Z","userId":"68232d2ef48a989182244092","action":"view","resourceType":"User","resourceId":"68232d2ef48a989182244092","details":"MongoDB view on User","userIp":"","userAgent":""}
{"timestamp":"2025-05-15T08:39:20.010Z","userId":"68232d2ef48a989182244092","action":"view","resourceType":"User","resourceId":"68232d2ef48a989182244092","details":"MongoDB view on User","userIp":"","userAgent":""}
{"timestamp":"2025-05-15T08:39:20.015Z","userId":"68232d2ef48a989182244092","action":"view","resourceType":"User","resourceId":"68232d2ef48a989182244092","details":"MongoDB view on User","userIp":"","userAgent":""}
{"timestamp":"2025-05-15T08:39:20.031Z","userId":"68232d2ef48a989182244092","action":"view","resourceType":"AIInsight","resourceId":"multiple","details":"MongoDB view on AIInsight","userIp":"","userAgent":""}
{"timestamp":"2025-05-15T08:39:20.044Z","userId":0,"action":"view","resourceType":"Doctor","resourceId":"multiple","details":"MongoDB view on Doctor","userIp":"","userAgent":""}
{"timestamp":"2025-05-15T08:39:20.108Z","userId":"68232d2ef48a989182244092","action":"view","resourceType":"Reminder","resourceId":"multiple","details":"MongoDB view on Reminder","userIp":"","userAgent":""}
{"timestamp":"2025-05-15T09:01:31.863Z","userId":"68232d2ef48a989182244092","action":"view","resourceType":"User","resourceId":"68232d2ef48a989182244092","details":"MongoDB view on User","userIp":"","userAgent":""}
{"timestamp":"2025-05-15T09:01:32.104Z","userId":"68232d2ef48a989182244092","action":"view","resourceType":"User","resourceId":"68232d2ef48a989182244092","details":"MongoDB view on User","userIp":"","userAgent":""}
{"timestamp":"2025-05-15T09:01:32.153Z","userId":"68232d2ef48a989182244092","action":"view","resourceType":"User","resourceId":"68232d2ef48a989182244092","details":"MongoDB view on User","userIp":"","userAgent":""}
{"timestamp":"2025-05-15T09:01:32.232Z","userId":"68232d2ef48a989182244092","action":"view","resourceType":"User","resourceId":"68232d2ef48a989182244092","details":"MongoDB view on User","userIp":"","userAgent":""}
{"timestamp":"2025-05-15T09:01:32.286Z","userId":"68232d2ef48a989182244092","action":"view","resourceType":"User","resourceId":"68232d2ef48a989182244092","details":"MongoDB view on User","userIp":"","userAgent":""}
{"timestamp":"2025-05-15T09:01:32.340Z","userId":"68232d2ef48a989182244092","action":"view","resourceType":"AIInsight","resourceId":"multiple","details":"MongoDB view on AIInsight","userIp":"","userAgent":""}
{"timestamp":"2025-05-15T09:01:32.386Z","userId":"68232d2ef48a989182244092","action":"view","resourceType":"HealthData","resourceId":"latest","details":"MongoDB view on HealthData","userIp":"","userAgent":""}
{"timestamp":"2025-05-15T09:01:32.468Z","userId":"68232d2ef48a989182244092","action":"view","resourceType":"User","resourceId":"68232d2ef48a989182244092","details":"MongoDB view on User","userIp":"","userAgent":""}
{"timestamp":"2025-05-15T09:01:32.491Z","userId":"68232d2ef48a989182244092","action":"view","resourceType":"User","resourceId":"68232d2ef48a989182244092","details":"MongoDB view on User","userIp":"","userAgent":""}
{"timestamp":"2025-05-15T09:01:32.651Z","userId":"68232d2ef48a989182244092","action":"view","resourceType":"Reminder","resourceId":"multiple","details":"MongoDB view on Reminder","userIp":"","userAgent":""}
{"timestamp":"2025-05-15T09:01:32.742Z","userId":0,"action":"view","resourceType":"Doctor","resourceId":"multiple","details":"MongoDB view on Doctor","userIp":"","userAgent":""}
{"timestamp":"2025-05-15T09:02:23.825Z","userId":"68232d2ef48a989182244092","action":"view","resourceType":"User","resourceId":"68232d2ef48a989182244092","details":"MongoDB view on User","userIp":"","userAgent":""}
{"timestamp":"2025-05-15T09:02:24.609Z","userId":"68232d2ef48a989182244092","action":"view","resourceType":"User","resourceId":"68232d2ef48a989182244092","details":"MongoDB view on User","userIp":"","userAgent":""}
{"timestamp":"2025-05-15T09:02:24.617Z","userId":"68232d2ef48a989182244092","action":"view","resourceType":"HealthData","resourceId":"latest","details":"MongoDB view on HealthData","userIp":"","userAgent":""}
{"timestamp":"2025-05-15T09:02:24.646Z","userId":"68232d2ef48a989182244092","action":"view","resourceType":"User","resourceId":"68232d2ef48a989182244092","details":"MongoDB view on User","userIp":"","userAgent":""}
{"timestamp":"2025-05-15T09:02:24.651Z","userId":"68232d2ef48a989182244092","action":"view","resourceType":"User","resourceId":"68232d2ef48a989182244092","details":"MongoDB view on User","userIp":"","userAgent":""}
{"timestamp":"2025-05-15T09:02:24.681Z","userId":"68232d2ef48a989182244092","action":"view","resourceType":"User","resourceId":"68232d2ef48a989182244092","details":"MongoDB view on User","userIp":"","userAgent":""}
{"timestamp":"2025-05-15T09:02:24.695Z","userId":"68232d2ef48a989182244092","action":"view","resourceType":"User","resourceId":"68232d2ef48a989182244092","details":"MongoDB view on User","userIp":"","userAgent":""}
{"timestamp":"2025-05-15T09:02:24.700Z","userId":"68232d2ef48a989182244092","action":"view","resourceType":"User","resourceId":"68232d2ef48a989182244092","details":"MongoDB view on User","userIp":"","userAgent":""}
{"timestamp":"2025-05-15T09:02:24.729Z","userId":"68232d2ef48a989182244092","action":"view","resourceType":"Reminder","resourceId":"multiple","details":"MongoDB view on Reminder","userIp":"","userAgent":""}
{"timestamp":"2025-05-15T09:02:24.803Z","userId":0,"action":"view","resourceType":"Doctor","resourceId":"multiple","details":"MongoDB view on Doctor","userIp":"","userAgent":""}
{"timestamp":"2025-05-15T09:02:24.814Z","userId":"68232d2ef48a989182244092","action":"view","resourceType":"AIInsight","resourceId":"multiple","details":"MongoDB view on AIInsight","userIp":"","userAgent":""}
{"timestamp":"2025-05-15T09:02:24.901Z","userId":"68232d2ef48a989182244092","action":"view","resourceType":"User","resourceId":"68232d2ef48a989182244092","details":"MongoDB view on User","userIp":"","userAgent":""}
{"timestamp":"2025-05-15T09:05:41.133Z","userId":"68232d2ef48a989182244092","action":"view","resourceType":"User","resourceId":"68232d2ef48a989182244092","details":"MongoDB view on User","userIp":"","userAgent":""}
{"timestamp":"2025-05-15T09:05:41.184Z","userId":"68232d2ef48a989182244092","action":"view","resourceType":"User","resourceId":"68232d2ef48a989182244092","details":"MongoDB view on User","userIp":"","userAgent":""}
{"timestamp":"2025-05-15T09:05:41.193Z","userId":"68232d2ef48a989182244092","action":"view","resourceType":"Reminder","resourceId":"multiple","details":"MongoDB view on Reminder","userIp":"","userAgent":""}
{"timestamp":"2025-05-15T09:08:02.557Z","userId":"68232d2ef48a989182244092","action":"view","resourceType":"User","resourceId":"68232d2ef48a989182244092","details":"MongoDB view on User","userIp":"","userAgent":""}
{"timestamp":"2025-05-15T09:08:03.485Z","userId":"68232d2ef48a989182244092","action":"view","resourceType":"User","resourceId":"68232d2ef48a989182244092","details":"MongoDB view on User","userIp":"","userAgent":""}
{"timestamp":"2025-05-15T09:08:03.493Z","userId":"68232d2ef48a989182244092","action":"view","resourceType":"User","resourceId":"68232d2ef48a989182244092","details":"MongoDB view on User","userIp":"","userAgent":""}
{"timestamp":"2025-05-15T09:08:03.499Z","userId":"68232d2ef48a989182244092","action":"view","resourceType":"HealthData","resourceId":"latest","details":"MongoDB view on HealthData","userIp":"","userAgent":""}
{"timestamp":"2025-05-15T09:08:03.517Z","userId":"68232d2ef48a989182244092","action":"view","resourceType":"User","resourceId":"68232d2ef48a989182244092","details":"MongoDB view on User","userIp":"","userAgent":""}
{"timestamp":"2025-05-15T09:08:03.523Z","userId":"68232d2ef48a989182244092","action":"view","resourceType":"User","resourceId":"68232d2ef48a989182244092","details":"MongoDB view on User","userIp":"","userAgent":""}
{"timestamp":"2025-05-15T09:08:03.529Z","userId":"68232d2ef48a989182244092","action":"view","resourceType":"User","resourceId":"68232d2ef48a989182244092","details":"MongoDB view on User","userIp":"","userAgent":""}
{"timestamp":"2025-05-15T09:08:03.536Z","userId":"68232d2ef48a989182244092","action":"view","resourceType":"User","resourceId":"68232d2ef48a989182244092","details":"MongoDB view on User","userIp":"","userAgent":""}
{"timestamp":"2025-05-15T09:08:03.559Z","userId":"68232d2ef48a989182244092","action":"view","resourceType":"Reminder","resourceId":"multiple","details":"MongoDB view on Reminder","userIp":"","userAgent":""}
{"timestamp":"2025-05-15T09:08:03.675Z","userId":"68232d2ef48a989182244092","action":"view","resourceType":"AIInsight","resourceId":"multiple","details":"MongoDB view on AIInsight","userIp":"","userAgent":""}
{"timestamp":"2025-05-15T09:08:03.691Z","userId":0,"action":"view","resourceType":"Doctor","resourceId":"multiple","details":"MongoDB view on Doctor","userIp":"","userAgent":""}
{"timestamp":"2025-05-15T09:08:03.823Z","userId":"68232d2ef48a989182244092","action":"view","resourceType":"User","resourceId":"68232d2ef48a989182244092","details":"MongoDB view on User","userIp":"","userAgent":""}
{"timestamp":"2025-05-15T09:08:03.831Z","userId":"68232d2ef48a989182244092","action":"view","resourceType":"User","resourceId":"68232d2ef48a989182244092","details":"MongoDB view on User","userIp":"","userAgent":""}
{"timestamp":"2025-05-15T09:08:03.842Z","userId":"68232d2ef48a989182244092","action":"view","resourceType":"HealthData","resourceId":"latest","details":"MongoDB view on HealthData","userIp":"","userAgent":""}
{"timestamp":"2025-05-15T09:08:22.127Z","userId":"68232d2ef48a989182244092","action":"view","resourceType":"User","resourceId":"68232d2ef48a989182244092","details":"MongoDB view on User","userIp":"","userAgent":""}
{"timestamp":"2025-05-15T09:08:22.171Z","userId":"68232d2ef48a989182244092","action":"view","resourceType":"User","resourceId":"68232d2ef48a989182244092","details":"MongoDB view on User","userIp":"","userAgent":""}
{"timestamp":"2025-05-15T09:08:22.177Z","userId":"68232d2ef48a989182244092","action":"view","resourceType":"Reminder","resourceId":"multiple","details":"MongoDB view on Reminder","userIp":"","userAgent":""}
{"timestamp":"2025-05-15T09:22:02.835Z","userId":"68232d2ef48a989182244092","action":"view","resourceType":"User","resourceId":"68232d2ef48a989182244092","details":"MongoDB view on User","userIp":"","userAgent":""}
{"timestamp":"2025-05-15T09:22:02.881Z","userId":"68232d2ef48a989182244092","action":"view","resourceType":"User","resourceId":"68232d2ef48a989182244092","details":"MongoDB view on User","userIp":"","userAgent":""}
{"timestamp":"2025-05-15T09:22:02.886Z","userId":"68232d2ef48a989182244092","action":"view","resourceType":"Reminder","resourceId":"multiple","details":"MongoDB view on Reminder","userIp":"","userAgent":""}
{"timestamp":"2025-05-15T09:22:42.428Z","userId":"68232d2ef48a989182244092","action":"view","resourceType":"User","resourceId":"68232d2ef48a989182244092","details":"MongoDB view on User","userIp":"","userAgent":""}
{"timestamp":"2025-05-15T09:22:42.472Z","userId":"68232d2ef48a989182244092","action":"view","resourceType":"User","resourceId":"68232d2ef48a989182244092","details":"MongoDB view on User","userIp":"","userAgent":""}
{"timestamp":"2025-05-15T09:22:42.483Z","userId":"68232d2ef48a989182244092","action":"view","resourceType":"Reminder","resourceId":"multiple","details":"MongoDB view on Reminder","userIp":"","userAgent":""}
{"timestamp":"2025-05-15T09:25:45.384Z","userId":"68232d2ef48a989182244092","action":"view","resourceType":"User","resourceId":"68232d2ef48a989182244092","details":"MongoDB view on User","userIp":"","userAgent":""}
{"timestamp":"2025-05-15T09:25:45.394Z","userId":"1","action":"view","resourceType":"Reminder","resourceId":"multiple","details":"MongoDB view on Reminder","userIp":"","userAgent":""}
{"timestamp":"2025-05-15T09:39:05.417Z","userId":"68232d2ef48a989182244092","action":"view","resourceType":"User","resourceId":"68232d2ef48a989182244092","details":"MongoDB view on User","userIp":"","userAgent":""}
{"timestamp":"2025-05-15T09:39:06.972Z","userId":"68232d2ef48a989182244092","action":"view","resourceType":"User","resourceId":"68232d2ef48a989182244092","details":"MongoDB view on User","userIp":"","userAgent":""}
{"timestamp":"2025-05-15T09:39:06.985Z","userId":"68232d2ef48a989182244092","action":"view","resourceType":"HealthData","resourceId":"latest","details":"MongoDB view on HealthData","userIp":"","userAgent":""}
{"timestamp":"2025-05-15T09:39:06.998Z","userId":"68232d2ef48a989182244092","action":"view","resourceType":"User","resourceId":"68232d2ef48a989182244092","details":"MongoDB view on User","userIp":"","userAgent":""}
{"timestamp":"2025-05-15T09:39:07.045Z","userId":"1","action":"view","resourceType":"Reminder","resourceId":"multiple","details":"MongoDB view on Reminder","userIp":"","userAgent":""}
{"timestamp":"2025-05-15T10:25:16.717Z","userId":"68232d2ef48a989182244092","action":"view","resourceType":"User","resourceId":"68232d2ef48a989182244092","details":"MongoDB view on User","userIp":"","userAgent":""}
{"timestamp":"2025-05-15T10:25:18.347Z","userId":"68232d2ef48a989182244092","action":"view","resourceType":"User","resourceId":"68232d2ef48a989182244092","details":"MongoDB view on User","userIp":"","userAgent":""}
{"timestamp":"2025-05-15T10:25:18.358Z","userId":"68232d2ef48a989182244092","action":"view","resourceType":"HealthData","resourceId":"latest","details":"MongoDB view on HealthData","userIp":"","userAgent":""}
{"timestamp":"2025-05-15T10:25:18.368Z","userId":"68232d2ef48a989182244092","action":"view","resourceType":"User","resourceId":"68232d2ef48a989182244092","details":"MongoDB view on User","userIp":"","userAgent":""}
{"timestamp":"2025-05-15T10:25:18.402Z","userId":"1","action":"view","resourceType":"Reminder","resourceId":"multiple","details":"MongoDB view on Reminder","userIp":"","userAgent":""}
{"timestamp":"2025-05-15T10:40:36.435Z","userId":"68232d2ef48a989182244092","action":"view","resourceType":"User","resourceId":"68232d2ef48a989182244092","details":"MongoDB view on User","userIp":"","userAgent":""}
{"timestamp":"2025-05-15T10:40:39.391Z","userId":"68232d2ef48a989182244092","action":"view","resourceType":"User","resourceId":"68232d2ef48a989182244092","details":"MongoDB view on User","userIp":"","userAgent":""}
{"timestamp":"2025-05-15T10:40:39.410Z","userId":"68232d2ef48a989182244092","action":"view","resourceType":"HealthData","resourceId":"latest","details":"MongoDB view on HealthData","userIp":"","userAgent":""}
{"timestamp":"2025-05-15T10:40:39.464Z","userId":"68232d2ef48a989182244092","action":"view","resourceType":"User","resourceId":"68232d2ef48a989182244092","details":"MongoDB view on User","userIp":"","userAgent":""}
{"timestamp":"2025-05-15T10:40:39.485Z","userId":"1","action":"view","resourceType":"Reminder","resourceId":"multiple","details":"MongoDB view on Reminder","userIp":"","userAgent":""}
{"timestamp":"2025-05-15T11:16:27.021Z","userId":"68232d2ef48a989182244092","action":"view","resourceType":"User","resourceId":"68232d2ef48a989182244092","details":"MongoDB view on User","userIp":"","userAgent":""}
{"timestamp":"2025-05-15T11:16:29.270Z","userId":"68232d2ef48a989182244092","action":"view","resourceType":"User","resourceId":"68232d2ef48a989182244092","details":"MongoDB view on User","userIp":"","userAgent":""}
{"timestamp":"2025-05-15T11:16:29.280Z","userId":"68232d2ef48a989182244092","action":"view","resourceType":"HealthData","resourceId":"latest","details":"MongoDB view on HealthData","userIp":"","userAgent":""}
{"timestamp":"2025-05-15T11:16:29.339Z","userId":"68232d2ef48a989182244092","action":"view","resourceType":"User","resourceId":"68232d2ef48a989182244092","details":"MongoDB view on User","userIp":"","userAgent":""}
{"timestamp":"2025-05-15T11:16:29.351Z","userId":"1","action":"view","resourceType":"Reminder","resourceId":"multiple","details":"MongoDB view on Reminder","userIp":"","userAgent":""}
{"timestamp":"2025-05-15T11:36:08.612Z","userId":"68232d2ef48a989182244092","action":"view","resourceType":"User","resourceId":"68232d2ef48a989182244092","details":"MongoDB view on User","userIp":"","userAgent":""}
{"timestamp":"2025-05-15T11:36:10.330Z","userId":"68232d2ef48a989182244092","action":"view","resourceType":"User","resourceId":"68232d2ef48a989182244092","details":"MongoDB view on User","userIp":"","userAgent":""}
{"timestamp":"2025-05-15T11:36:10.338Z","userId":"68232d2ef48a989182244092","action":"view","resourceType":"HealthData","resourceId":"latest","details":"MongoDB view on HealthData","userIp":"","userAgent":""}
{"timestamp":"2025-05-15T11:36:10.353Z","userId":"68232d2ef48a989182244092","action":"view","resourceType":"User","resourceId":"68232d2ef48a989182244092","details":"MongoDB view on User","userIp":"","userAgent":""}
{"timestamp":"2025-05-15T11:36:10.360Z","userId":"1","action":"view","resourceType":"Reminder","resourceId":"multiple","details":"MongoDB view on Reminder","userIp":"","userAgent":""}
{"timestamp":"2025-05-15T11:45:05.784Z","userId":"68232d2ef48a989182244092","action":"view","resourceType":"User","resourceId":"68232d2ef48a989182244092","details":"MongoDB view on User","userIp":"","userAgent":""}
{"timestamp":"2025-05-15T11:45:07.606Z","userId":"68232d2ef48a989182244092","action":"view","resourceType":"User","resourceId":"68232d2ef48a989182244092","details":"MongoDB view on User","userIp":"","userAgent":""}
{"timestamp":"2025-05-15T11:45:07.614Z","userId":"68232d2ef48a989182244092","action":"view","resourceType":"HealthData","resourceId":"latest","details":"MongoDB view on HealthData","userIp":"","userAgent":""}
{"timestamp":"2025-05-15T11:45:07.636Z","userId":"68232d2ef48a989182244092","action":"view","resourceType":"User","resourceId":"68232d2ef48a989182244092","details":"MongoDB view on User","userIp":"","userAgent":""}
{"timestamp":"2025-05-15T11:45:07.646Z","userId":"1","action":"view","resourceType":"Reminder","resourceId":"multiple","details":"MongoDB view on Reminder","userIp":"","userAgent":""}
{"timestamp":"2025-05-15T11:51:37.527Z","userId":"68232d2ef48a989182244092","action":"view","resourceType":"User","resourceId":"68232d2ef48a989182244092","details":"MongoDB view on User","userIp":"","userAgent":""}
{"timestamp":"2025-05-15T11:51:37.535Z","userId":"68232d2ef48a989182244092","action":"view","resourceType":"Reminder","resourceId":"multiple","details":"MongoDB view on Reminder","userIp":"","userAgent":""}
{"timestamp":"2025-05-15T11:52:07.388Z","userId":"68232d2ef48a989182244092","action":"view","resourceType":"User","resourceId":"68232d2ef48a989182244092","details":"MongoDB view on User","userIp":"","userAgent":""}
{"timestamp":"2025-05-15T11:52:07.399Z","userId":"68232d2ef48a989182244092","action":"view","resourceType":"User","resourceId":"68232d2ef48a989182244092","details":"MongoDB view on User","userIp":"","userAgent":""}
{"timestamp":"2025-05-15T11:52:07.411Z","userId":"68232d2ef48a989182244092","action":"view","resourceType":"AIInsight","resourceId":"multiple","details":"MongoDB view on AIInsight","userIp":"","userAgent":""}
{"timestamp":"2025-05-15T11:52:07.420Z","userId":"68232d2ef48a989182244092","action":"view","resourceType":"User","resourceId":"68232d2ef48a989182244092","details":"MongoDB view on User","userIp":"","userAgent":""}
{"timestamp":"2025-05-15T11:52:07.424Z","userId":"68232d2ef48a989182244092","action":"view","resourceType":"User","resourceId":"68232d2ef48a989182244092","details":"MongoDB view on User","userIp":"","userAgent":""}
{"timestamp":"2025-05-15T11:52:07.490Z","userId":0,"action":"view","resourceType":"Doctor","resourceId":"multiple","details":"MongoDB view on Doctor","userIp":"","userAgent":""}
{"timestamp":"2025-05-15T11:52:07.535Z","userId":"68232d2ef48a989182244092","action":"view","resourceType":"User","resourceId":"68232d2ef48a989182244092","details":"MongoDB view on User","userIp":"","userAgent":""}
{"timestamp":"2025-05-15T11:52:07.561Z","userId":"68232d2ef48a989182244092","action":"view","resourceType":"User","resourceId":"68232d2ef48a989182244092","details":"MongoDB view on User","userIp":"","userAgent":""}
{"timestamp":"2025-05-15T11:52:07.566Z","userId":"68232d2ef48a989182244092","action":"view","resourceType":"User","resourceId":"68232d2ef48a989182244092","details":"MongoDB view on User","userIp":"","userAgent":""}
{"timestamp":"2025-05-15T11:52:07.572Z","userId":"68232d2ef48a989182244092","action":"view","resourceType":"User","resourceId":"68232d2ef48a989182244092","details":"MongoDB view on User","userIp":"","userAgent":""}
{"timestamp":"2025-05-15T11:52:07.579Z","userId":"68232d2ef48a989182244092","action":"view","resourceType":"User","resourceId":"68232d2ef48a989182244092","details":"MongoDB view on User","userIp":"","userAgent":""}
{"timestamp":"2025-05-15T11:52:07.594Z","userId":"68232d2ef48a989182244092","action":"view","resourceType":"Reminder","resourceId":"multiple","details":"MongoDB view on Reminder","userIp":"","userAgent":""}
{"timestamp":"2025-05-15T11:52:07.609Z","userId":"68232d2ef48a989182244092","action":"view","resourceType":"HealthData","resourceId":"latest","details":"MongoDB view on HealthData","userIp":"","userAgent":""}
{"timestamp":"2025-05-15T11:52:07.625Z","userId":"68232d2ef48a989182244092","action":"view","resourceType":"AIInsight","resourceId":"multiple","details":"MongoDB view on AIInsight","userIp":"","userAgent":""}
{"timestamp":"2025-05-15T11:52:45.091Z","userId":"68232d2ef48a989182244092","action":"view","resourceType":"User","resourceId":"68232d2ef48a989182244092","details":"MongoDB view on User","userIp":"","userAgent":""}
{"timestamp":"2025-05-15T11:52:45.145Z","userId":"68232d2ef48a989182244092","action":"view","resourceType":"User","resourceId":"68232d2ef48a989182244092","details":"MongoDB view on User","userIp":"","userAgent":""}
{"timestamp":"2025-05-15T11:52:45.154Z","userId":"68232d2ef48a989182244092","action":"view","resourceType":"Reminder","resourceId":"multiple","details":"MongoDB view on Reminder","userIp":"","userAgent":""}
{"timestamp":"2025-05-15T11:53:11.792Z","userId":"68232d2ef48a989182244092","action":"view","resourceType":"User","resourceId":"68232d2ef48a989182244092","details":"MongoDB view on User","userIp":"","userAgent":""}
{"timestamp":"2025-05-15T11:53:11.829Z","userId":"68232d2ef48a989182244092","action":"view","resourceType":"User","resourceId":"68232d2ef48a989182244092","details":"MongoDB view on User","userIp":"","userAgent":""}
{"timestamp":"2025-05-15T11:53:11.834Z","userId":"68232d2ef48a989182244092","action":"view","resourceType":"Reminder","resourceId":"multiple","details":"MongoDB view on Reminder","userIp":"","userAgent":""}
{"timestamp":"2025-05-15T11:56:13.684Z","userId":"68232d2ef48a989182244092","action":"view","resourceType":"User","resourceId":"68232d2ef48a989182244092","details":"MongoDB view on User","userIp":"","userAgent":""}
{"timestamp":"2025-05-15T11:56:14.796Z","userId":"68232d2ef48a989182244092","action":"view","resourceType":"User","resourceId":"68232d2ef48a989182244092","details":"MongoDB view on User","userIp":"","userAgent":""}
{"timestamp":"2025-05-15T11:56:14.803Z","userId":"68232d2ef48a989182244092","action":"view","resourceType":"HealthData","resourceId":"latest","details":"MongoDB view on HealthData","userIp":"","userAgent":""}
{"timestamp":"2025-05-15T11:56:14.811Z","userId":"68232d2ef48a989182244092","action":"view","resourceType":"User","resourceId":"68232d2ef48a989182244092","details":"MongoDB view on User","userIp":"","userAgent":""}
{"timestamp":"2025-05-15T11:56:14.834Z","userId":"68232d2ef48a989182244092","action":"view","resourceType":"Reminder","resourceId":"multiple","details":"MongoDB view on Reminder","userIp":"","userAgent":""}
{"timestamp":"2025-05-15T11:56:30.264Z","userId":"68232d2ef48a989182244092","action":"view","resourceType":"User","resourceId":"68232d2ef48a989182244092","details":"MongoDB view on User","userIp":"","userAgent":""}
{"timestamp":"2025-05-15T11:56:30.281Z","userId":"68232d2ef48a989182244092","action":"view","resourceType":"User","resourceId":"68232d2ef48a989182244092","details":"MongoDB view on User","userIp":"","userAgent":""}
{"timestamp":"2025-05-15T11:56:30.286Z","userId":"68232d2ef48a989182244092","action":"view","resourceType":"User","resourceId":"68232d2ef48a989182244092","details":"MongoDB view on User","userIp":"","userAgent":""}
{"timestamp":"2025-05-15T11:56:30.291Z","userId":"68232d2ef48a989182244092","action":"view","resourceType":"User","resourceId":"68232d2ef48a989182244092","details":"MongoDB view on User","userIp":"","userAgent":""}
{"timestamp":"2025-05-15T11:56:30.306Z","userId":"68232d2ef48a989182244092","action":"view","resourceType":"AIInsight","resourceId":"multiple","details":"MongoDB view on AIInsight","userIp":"","userAgent":""}
{"timestamp":"2025-05-15T11:56:30.334Z","userId":0,"action":"view","resourceType":"Doctor","resourceId":"multiple","details":"MongoDB view on Doctor","userIp":"","userAgent":""}
{"timestamp":"2025-05-15T11:56:30.570Z","userId":"68232d2ef48a989182244092","action":"view","resourceType":"User","resourceId":"68232d2ef48a989182244092","details":"MongoDB view on User","userIp":"","userAgent":""}
{"timestamp":"2025-05-15T11:56:30.579Z","userId":"68232d2ef48a989182244092","action":"view","resourceType":"User","resourceId":"68232d2ef48a989182244092","details":"MongoDB view on User","userIp":"","userAgent":""}
{"timestamp":"2025-05-15T11:56:30.596Z","userId":"68232d2ef48a989182244092","action":"view","resourceType":"User","resourceId":"68232d2ef48a989182244092","details":"MongoDB view on User","userIp":"","userAgent":""}
{"timestamp":"2025-05-15T11:56:30.600Z","userId":"68232d2ef48a989182244092","action":"view","resourceType":"User","resourceId":"68232d2ef48a989182244092","details":"MongoDB view on User","userIp":"","userAgent":""}
{"timestamp":"2025-05-15T11:56:30.608Z","userId":"68232d2ef48a989182244092","action":"view","resourceType":"User","resourceId":"68232d2ef48a989182244092","details":"MongoDB view on User","userIp":"","userAgent":""}
{"timestamp":"2025-05-15T11:56:30.617Z","userId":"68232d2ef48a989182244092","action":"view","resourceType":"HealthData","resourceId":"latest","details":"MongoDB view on HealthData","userIp":"","userAgent":""}
{"timestamp":"2025-05-15T11:56:30.626Z","userId":"68232d2ef48a989182244092","action":"view","resourceType":"Reminder","resourceId":"multiple","details":"MongoDB view on Reminder","userIp":"","userAgent":""}
{"timestamp":"2025-05-15T11:56:30.634Z","userId":0,"action":"view","resourceType":"Doctor","resourceId":"multiple","details":"MongoDB view on Doctor","userIp":"","userAgent":""}
{"timestamp":"2025-05-15T11:56:30.643Z","userId":"68232d2ef48a989182244092","action":"view","resourceType":"AIInsight","resourceId":"multiple","details":"MongoDB view on AIInsight","userIp":"","userAgent":""}
{"timestamp":"2025-05-15T12:01:02.632Z","userId":"68232d2ef48a989182244092","action":"view","resourceType":"User","resourceId":"68232d2ef48a989182244092","details":"MongoDB view on User","userIp":"","userAgent":""}
{"timestamp":"2025-05-15T12:01:03.936Z","userId":"68232d2ef48a989182244092","action":"view","resourceType":"User","resourceId":"68232d2ef48a989182244092","details":"MongoDB view on User","userIp":"","userAgent":""}
{"timestamp":"2025-05-15T12:01:03.946Z","userId":"68232d2ef48a989182244092","action":"view","resourceType":"HealthData","resourceId":"latest","details":"MongoDB view on HealthData","userIp":"","userAgent":""}
{"timestamp":"2025-05-15T12:01:03.962Z","userId":"68232d2ef48a989182244092","action":"view","resourceType":"User","resourceId":"68232d2ef48a989182244092","details":"MongoDB view on User","userIp":"","userAgent":""}
{"timestamp":"2025-05-15T12:01:03.968Z","userId":"68232d2ef48a989182244092","action":"view","resourceType":"User","resourceId":"68232d2ef48a989182244092","details":"MongoDB view on User","userIp":"","userAgent":""}
{"timestamp":"2025-05-15T12:01:03.973Z","userId":"68232d2ef48a989182244092","action":"view","resourceType":"User","resourceId":"68232d2ef48a989182244092","details":"MongoDB view on User","userIp":"","userAgent":""}
{"timestamp":"2025-05-15T12:01:04.056Z","userId":"68232d2ef48a989182244092","action":"view","resourceType":"User","resourceId":"68232d2ef48a989182244092","details":"MongoDB view on User","userIp":"","userAgent":""}
{"timestamp":"2025-05-15T12:01:04.061Z","userId":"68232d2ef48a989182244092","action":"view","resourceType":"User","resourceId":"68232d2ef48a989182244092","details":"MongoDB view on User","userIp":"","userAgent":""}
{"timestamp":"2025-05-15T12:01:04.104Z","userId":"68232d2ef48a989182244092","action":"view","resourceType":"AIInsight","resourceId":"multiple","details":"MongoDB view on AIInsight","userIp":"","userAgent":""}
{"timestamp":"2025-05-15T12:01:04.125Z","userId":0,"action":"view","resourceType":"Doctor","resourceId":"multiple","details":"MongoDB view on Doctor","userIp":"","userAgent":""}
{"timestamp":"2025-05-15T12:01:04.184Z","userId":"68232d2ef48a989182244092","action":"view","resourceType":"Reminder","resourceId":"multiple","details":"MongoDB view on Reminder","userIp":"","userAgent":""}
{"timestamp":"2025-05-15T12:01:04.211Z","userId":"68232d2ef48a989182244092","action":"view","resourceType":"User","resourceId":"68232d2ef48a989182244092","details":"MongoDB view on User","userIp":"","userAgent":""}
{"timestamp":"2025-05-15T12:01:04.250Z","userId":"68232d2ef48a989182244092","action":"view","resourceType":"User","resourceId":"68232d2ef48a989182244092","details":"MongoDB view on User","userIp":"","userAgent":""}
{"timestamp":"2025-05-15T12:01:04.278Z","userId":"68232d2ef48a989182244092","action":"view","resourceType":"HealthData","resourceId":"latest","details":"MongoDB view on HealthData","userIp":"","userAgent":""}
{"timestamp":"2025-05-15T12:01:14.809Z","userId":"68232d2ef48a989182244092","action":"view","resourceType":"User","resourceId":"68232d2ef48a989182244092","details":"MongoDB view on User","userIp":"","userAgent":""}
{"timestamp":"2025-05-15T12:01:15.130Z","userId":"68232d2ef48a989182244092","action":"view","resourceType":"User","resourceId":"68232d2ef48a989182244092","details":"MongoDB view on User","userIp":"","userAgent":""}
{"timestamp":"2025-05-15T12:01:15.147Z","userId":"68232d2ef48a989182244092","action":"view","resourceType":"Reminder","resourceId":"multiple","details":"MongoDB view on Reminder","userIp":"","userAgent":""}
{"timestamp":"2025-05-15T12:01:24.029Z","userId":"68232d2ef48a989182244092","action":"view","resourceType":"User","resourceId":"68232d2ef48a989182244092","details":"MongoDB view on User","userIp":"","userAgent":""}
{"timestamp":"2025-05-15T12:01:24.306Z","userId":"68232d2ef48a989182244092","action":"view","resourceType":"User","resourceId":"68232d2ef48a989182244092","details":"MongoDB view on User","userIp":"","userAgent":""}
{"timestamp":"2025-05-15T12:01:24.319Z","userId":"68232d2ef48a989182244092","action":"view","resourceType":"Reminder","resourceId":"multiple","details":"MongoDB view on Reminder","userIp":"","userAgent":""}
{"timestamp":"2025-05-15T12:01:31.005Z","userId":"68232d2ef48a989182244092","action":"view","resourceType":"User","resourceId":"68232d2ef48a989182244092","details":"MongoDB view on User","userIp":"","userAgent":""}
{"timestamp":"2025-05-15T12:01:31.746Z","userId":"68232d2ef48a989182244092","action":"view","resourceType":"User","resourceId":"68232d2ef48a989182244092","details":"MongoDB view on User","userIp":"","userAgent":""}
{"timestamp":"2025-05-15T12:01:31.755Z","userId":"68232d2ef48a989182244092","action":"view","resourceType":"User","resourceId":"68232d2ef48a989182244092","details":"MongoDB view on User","userIp":"","userAgent":""}
{"timestamp":"2025-05-15T12:01:31.764Z","userId":"68232d2ef48a989182244092","action":"view","resourceType":"HealthData","resourceId":"latest","details":"MongoDB view on HealthData","userIp":"","userAgent":""}
{"timestamp":"2025-05-15T12:01:31.777Z","userId":"68232d2ef48a989182244092","action":"view","resourceType":"Reminder","resourceId":"multiple","details":"MongoDB view on Reminder","userIp":"","userAgent":""}
{"timestamp":"2025-05-15T12:01:40.334Z","userId":"68232d2ef48a989182244092","action":"view","resourceType":"User","resourceId":"68232d2ef48a989182244092","details":"MongoDB view on User","userIp":"","userAgent":""}
{"timestamp":"2025-05-15T12:01:40.342Z","userId":0,"action":"update","resourceType":"Reminder","resourceId":"6825","details":"MongoDB update on Reminder","userIp":"","userAgent":""}
{"timestamp":"2025-05-15T12:01:40.415Z","userId":0,"action":"update","resourceType":"Reminder","resourceId":"6825","details":"MongoDB update on Reminder","userIp":"","userAgent":""}
{"timestamp":"2025-05-15T12:01:40.423Z","userId":0,"action":"update","resourceType":"Reminder","resourceId":"6825","details":"MongoDB update on Reminder","userIp":"","userAgent":""}
{"timestamp":"2025-05-15T12:01:40.429Z","userId":0,"action":"update","resourceType":"Reminder","resourceId":"6825","details":"MongoDB update on Reminder","userIp":"","userAgent":""}
{"timestamp":"2025-05-15T12:01:40.434Z","userId":0,"action":"update","resourceType":"Reminder","resourceId":"6825","details":"MongoDB update on Reminder","userIp":"","userAgent":""}
{"timestamp":"2025-05-15T12:01:40.439Z","userId":0,"action":"update","resourceType":"Reminder","resourceId":"6825","details":"MongoDB update on Reminder","userIp":"","userAgent":""}
{"timestamp":"2025-05-15T12:01:40.447Z","userId":0,"action":"update","resourceType":"Reminder","resourceId":"6825","details":"MongoDB update on Reminder","userIp":"","userAgent":""}
{"timestamp":"2025-05-15T12:01:40.454Z","userId":0,"action":"update","resourceType":"Reminder","resourceId":"6825","details":"MongoDB update on Reminder","userIp":"","userAgent":""}
{"timestamp":"2025-05-15T12:01:40.460Z","userId":0,"action":"update","resourceType":"Reminder","resourceId":"6825","details":"MongoDB update on Reminder","userIp":"","userAgent":""}
{"timestamp":"2025-05-15T12:01:40.467Z","userId":0,"action":"update","resourceType":"Reminder","resourceId":"6825","details":"MongoDB update on Reminder","userIp":"","userAgent":""}
{"timestamp":"2025-05-15T12:01:40.474Z","userId":0,"action":"update","resourceType":"Reminder","resourceId":"6825","details":"MongoDB update on Reminder","userIp":"","userAgent":""}
{"timestamp":"2025-05-15T12:01:40.479Z","userId":0,"action":"update","resourceType":"Reminder","resourceId":"6825","details":"MongoDB update on Reminder","userIp":"","userAgent":""}
{"timestamp":"2025-05-15T12:01:40.484Z","userId":0,"action":"update","resourceType":"Reminder","resourceId":"6825","details":"MongoDB update on Reminder","userIp":"","userAgent":""}
{"timestamp":"2025-05-15T12:01:40.489Z","userId":0,"action":"update","resourceType":"Reminder","resourceId":"6825","details":"MongoDB update on Reminder","userIp":"","userAgent":""}
{"timestamp":"2025-05-15T12:01:40.495Z","userId":0,"action":"update","resourceType":"Reminder","resourceId":"6825","details":"MongoDB update on Reminder","userIp":"","userAgent":""}
{"timestamp":"2025-05-15T12:01:40.501Z","userId":0,"action":"update","resourceType":"Reminder","resourceId":"6825","details":"MongoDB update on Reminder","userIp":"","userAgent":""}
{"timestamp":"2025-05-15T12:01:40.505Z","userId":0,"action":"update","resourceType":"Reminder","resourceId":"6825","details":"MongoDB update on Reminder","userIp":"","userAgent":""}
{"timestamp":"2025-05-15T12:01:40.510Z","userId":0,"action":"update","resourceType":"Reminder","resourceId":"6825","details":"MongoDB update on Reminder","userIp":"","userAgent":""}
{"timestamp":"2025-05-15T12:01:40.514Z","userId":0,"action":"update","resourceType":"Reminder","resourceId":"6825","details":"MongoDB update on Reminder","userIp":"","userAgent":""}
{"timestamp":"2025-05-15T12:01:40.519Z","userId":0,"action":"update","resourceType":"Reminder","resourceId":"6825","details":"MongoDB update on Reminder","userIp":"","userAgent":""}
{"timestamp":"2025-05-15T12:01:40.525Z","userId":0,"action":"update","resourceType":"Reminder","resourceId":"6825","details":"MongoDB update on Reminder","userIp":"","userAgent":""}
{"timestamp":"2025-05-15T12:01:40.530Z","userId":0,"action":"update","resourceType":"Reminder","resourceId":"6825","details":"MongoDB update on Reminder","userIp":"","userAgent":""}
{"timestamp":"2025-05-15T12:01:40.535Z","userId":0,"action":"update","resourceType":"Reminder","resourceId":"6825","details":"MongoDB update on Reminder","userIp":"","userAgent":""}
{"timestamp":"2025-05-15T12:01:40.540Z","userId":0,"action":"update","resourceType":"Reminder","resourceId":"6825","details":"MongoDB update on Reminder","userIp":"","userAgent":""}
{"timestamp":"2025-05-15T12:01:40.545Z","userId":0,"action":"update","resourceType":"Reminder","resourceId":"6825","details":"MongoDB update on Reminder","userIp":"","userAgent":""}
{"timestamp":"2025-05-15T12:01:40.550Z","userId":0,"action":"update","resourceType":"Reminder","resourceId":"6825","details":"MongoDB update on Reminder","userIp":"","userAgent":""}
{"timestamp":"2025-05-15T12:01:40.554Z","userId":0,"action":"update","resourceType":"Reminder","resourceId":"6825","details":"MongoDB update on Reminder","userIp":"","userAgent":""}
{"timestamp":"2025-05-15T12:01:40.558Z","userId":0,"action":"update","resourceType":"Reminder","resourceId":"6825","details":"MongoDB update on Reminder","userIp":"","userAgent":""}
{"timestamp":"2025-05-15T12:01:40.563Z","userId":0,"action":"update","resourceType":"Reminder","resourceId":"6825","details":"MongoDB update on Reminder","userIp":"","userAgent":""}
{"timestamp":"2025-05-15T12:01:40.567Z","userId":0,"action":"update","resourceType":"Reminder","resourceId":"6825","details":"MongoDB update on Reminder","userIp":"","userAgent":""}
{"timestamp":"2025-05-15T12:01:40.573Z","userId":0,"action":"update","resourceType":"Reminder","resourceId":"6825","details":"MongoDB update on Reminder","userIp":"","userAgent":""}
{"timestamp":"2025-05-15T12:01:40.577Z","userId":0,"action":"update","resourceType":"Reminder","resourceId":"6825","details":"MongoDB update on Reminder","userIp":"","userAgent":""}
{"timestamp":"2025-05-15T12:01:40.582Z","userId":0,"action":"update","resourceType":"Reminder","resourceId":"6825","details":"MongoDB update on Reminder","userIp":"","userAgent":""}
{"timestamp":"2025-05-15T12:01:40.585Z","userId":0,"action":"update","resourceType":"Reminder","resourceId":"6825","details":"MongoDB update on Reminder","userIp":"","userAgent":""}
{"timestamp":"2025-05-15T12:01:40.590Z","userId":0,"action":"update","resourceType":"Reminder","resourceId":"6825","details":"MongoDB update on Reminder","userIp":"","userAgent":""}
{"timestamp":"2025-05-15T12:01:40.595Z","userId":0,"action":"update","resourceType":"Reminder","resourceId":"6825","details":"MongoDB update on Reminder","userIp":"","userAgent":""}
{"timestamp":"2025-05-15T12:01:40.599Z","userId":0,"action":"update","resourceType":"Reminder","resourceId":"6825","details":"MongoDB update on Reminder","userIp":"","userAgent":""}
{"timestamp":"2025-05-15T12:01:40.603Z","userId":0,"action":"update","resourceType":"Reminder","resourceId":"6825","details":"MongoDB update on Reminder","userIp":"","userAgent":""}
{"timestamp":"2025-05-15T12:01:40.607Z","userId":0,"action":"update","resourceType":"Reminder","resourceId":"6825","details":"MongoDB update on Reminder","userIp":"","userAgent":""}
{"timestamp":"2025-05-15T12:01:40.611Z","userId":0,"action":"update","resourceType":"Reminder","resourceId":"6825","details":"MongoDB update on Reminder","userIp":"","userAgent":""}
{"timestamp":"2025-05-15T12:01:40.615Z","userId":0,"action":"update","resourceType":"Reminder","resourceId":"6825","details":"MongoDB update on Reminder","userIp":"","userAgent":""}
{"timestamp":"2025-05-15T12:01:40.619Z","userId":0,"action":"update","resourceType":"Reminder","resourceId":"6825","details":"MongoDB update on Reminder","userIp":"","userAgent":""}
{"timestamp":"2025-05-15T12:01:40.623Z","userId":0,"action":"update","resourceType":"Reminder","resourceId":"6825","details":"MongoDB update on Reminder","userIp":"","userAgent":""}
{"timestamp":"2025-05-15T12:01:40.628Z","userId":0,"action":"update","resourceType":"Reminder","resourceId":"6825","details":"MongoDB update on Reminder","userIp":"","userAgent":""}
{"timestamp":"2025-05-15T12:01:40.633Z","userId":0,"action":"update","resourceType":"Reminder","resourceId":"6825","details":"MongoDB update on Reminder","userIp":"","userAgent":""}
{"timestamp":"2025-05-15T12:01:40.639Z","userId":0,"action":"update","resourceType":"Reminder","resourceId":"6825","details":"MongoDB update on Reminder","userIp":"","userAgent":""}
{"timestamp":"2025-05-15T12:01:40.643Z","userId":0,"action":"update","resourceType":"Reminder","resourceId":"6825","details":"MongoDB update on Reminder","userIp":"","userAgent":""}
{"timestamp":"2025-05-15T12:01:40.648Z","userId":0,"action":"update","resourceType":"Reminder","resourceId":"6825","details":"MongoDB update on Reminder","userIp":"","userAgent":""}
{"timestamp":"2025-05-15T12:01:40.653Z","userId":0,"action":"update","resourceType":"Reminder","resourceId":"6825","details":"MongoDB update on Reminder","userIp":"","userAgent":""}
{"timestamp":"2025-05-15T12:01:40.659Z","userId":0,"action":"update","resourceType":"Reminder","resourceId":"6825","details":"MongoDB update on Reminder","userIp":"","userAgent":""}
{"timestamp":"2025-05-15T12:01:40.663Z","userId":0,"action":"update","resourceType":"Reminder","resourceId":"6825","details":"MongoDB update on Reminder","userIp":"","userAgent":""}
{"timestamp":"2025-05-15T12:01:40.668Z","userId":0,"action":"update","resourceType":"Reminder","resourceId":"6825","details":"MongoDB update on Reminder","userIp":"","userAgent":""}
{"timestamp":"2025-05-15T12:01:40.672Z","userId":0,"action":"update","resourceType":"Reminder","resourceId":"6825","details":"MongoDB update on Reminder","userIp":"","userAgent":""}
{"timestamp":"2025-05-15T12:01:40.676Z","userId":0,"action":"update","resourceType":"Reminder","resourceId":"6825","details":"MongoDB update on Reminder","userIp":"","userAgent":""}
{"timestamp":"2025-05-15T12:01:40.681Z","userId":0,"action":"update","resourceType":"Reminder","resourceId":"6825","details":"MongoDB update on Reminder","userIp":"","userAgent":""}
{"timestamp":"2025-05-15T12:01:40.685Z","userId":0,"action":"update","resourceType":"Reminder","resourceId":"6825","details":"MongoDB update on Reminder","userIp":"","userAgent":""}
{"timestamp":"2025-05-15T12:01:40.689Z","userId":0,"action":"update","resourceType":"Reminder","resourceId":"6825","details":"MongoDB update on Reminder","userIp":"","userAgent":""}
{"timestamp":"2025-05-15T12:01:40.693Z","userId":0,"action":"update","resourceType":"Reminder","resourceId":"6825","details":"MongoDB update on Reminder","userIp":"","userAgent":""}
{"timestamp":"2025-05-15T12:01:40.697Z","userId":0,"action":"update","resourceType":"Reminder","resourceId":"6825","details":"MongoDB update on Reminder","userIp":"","userAgent":""}
{"timestamp":"2025-05-15T12:01:40.702Z","userId":0,"action":"update","resourceType":"Reminder","resourceId":"6825","details":"MongoDB update on Reminder","userIp":"","userAgent":""}
{"timestamp":"2025-05-15T12:01:40.706Z","userId":0,"action":"update","resourceType":"Reminder","resourceId":"6825","details":"MongoDB update on Reminder","userIp":"","userAgent":""}
{"timestamp":"2025-05-15T12:01:40.711Z","userId":0,"action":"update","resourceType":"Reminder","resourceId":"6825","details":"MongoDB update on Reminder","userIp":"","userAgent":""}
{"timestamp":"2025-05-15T12:01:40.716Z","userId":0,"action":"update","resourceType":"Reminder","resourceId":"6825","details":"MongoDB update on Reminder","userIp":"","userAgent":""}
{"timestamp":"2025-05-15T12:01:40.719Z","userId":0,"action":"update","resourceType":"Reminder","resourceId":"6825","details":"MongoDB update on Reminder","userIp":"","userAgent":""}
{"timestamp":"2025-05-15T12:01:40.724Z","userId":0,"action":"update","resourceType":"Reminder","resourceId":"6825","details":"MongoDB update on Reminder","userIp":"","userAgent":""}
{"timestamp":"2025-05-15T12:01:40.728Z","userId":0,"action":"update","resourceType":"Reminder","resourceId":"6825","details":"MongoDB update on Reminder","userIp":"","userAgent":""}
{"timestamp":"2025-05-15T12:01:40.733Z","userId":0,"action":"update","resourceType":"Reminder","resourceId":"6825","details":"MongoDB update on Reminder","userIp":"","userAgent":""}
{"timestamp":"2025-05-15T12:01:40.738Z","userId":0,"action":"update","resourceType":"Reminder","resourceId":"6825","details":"MongoDB update on Reminder","userIp":"","userAgent":""}
{"timestamp":"2025-05-15T12:01:40.742Z","userId":0,"action":"update","resourceType":"Reminder","resourceId":"6825","details":"MongoDB update on Reminder","userIp":"","userAgent":""}
{"timestamp":"2025-05-15T12:01:40.747Z","userId":0,"action":"update","resourceType":"Reminder","resourceId":"6825","details":"MongoDB update on Reminder","userIp":"","userAgent":""}
{"timestamp":"2025-05-15T12:01:40.751Z","userId":0,"action":"update","resourceType":"Reminder","resourceId":"6825","details":"MongoDB update on Reminder","userIp":"","userAgent":""}
{"timestamp":"2025-05-15T12:01:40.755Z","userId":0,"action":"update","resourceType":"Reminder","resourceId":"6825","details":"MongoDB update on Reminder","userIp":"","userAgent":""}
{"timestamp":"2025-05-15T12:01:40.760Z","userId":0,"action":"update","resourceType":"Reminder","resourceId":"6825","details":"MongoDB update on Reminder","userIp":"","userAgent":""}
{"timestamp":"2025-05-15T12:01:40.765Z","userId":0,"action":"update","resourceType":"Reminder","resourceId":"6825","details":"MongoDB update on Reminder","userIp":"","userAgent":""}
{"timestamp":"2025-05-15T12:01:40.769Z","userId":0,"action":"update","resourceType":"Reminder","resourceId":"6825","details":"MongoDB update on Reminder","userIp":"","userAgent":""}
{"timestamp":"2025-05-15T12:01:40.774Z","userId":0,"action":"update","resourceType":"Reminder","resourceId":"6825","details":"MongoDB update on Reminder","userIp":"","userAgent":""}
{"timestamp":"2025-05-15T12:01:40.778Z","userId":0,"action":"update","resourceType":"Reminder","resourceId":"6825","details":"MongoDB update on Reminder","userIp":"","userAgent":""}
{"timestamp":"2025-05-15T12:01:40.783Z","userId":0,"action":"update","resourceType":"Reminder","resourceId":"6825","details":"MongoDB update on Reminder","userIp":"","userAgent":""}
{"timestamp":"2025-05-15T12:01:40.787Z","userId":0,"action":"update","resourceType":"Reminder","resourceId":"6825","details":"MongoDB update on Reminder","userIp":"","userAgent":""}
{"timestamp":"2025-05-15T12:01:40.791Z","userId":0,"action":"update","resourceType":"Reminder","resourceId":"6825","details":"MongoDB update on Reminder","userIp":"","userAgent":""}
{"timestamp":"2025-05-15T12:01:40.796Z","userId":0,"action":"update","resourceType":"Reminder","resourceId":"6825","details":"MongoDB update on Reminder","userIp":"","userAgent":""}
{"timestamp":"2025-05-15T12:01:40.800Z","userId":0,"action":"update","resourceType":"Reminder","resourceId":"6825","details":"MongoDB update on Reminder","userIp":"","userAgent":""}
{"timestamp":"2025-05-15T12:01:40.805Z","userId":0,"action":"update","resourceType":"Reminder","resourceId":"6825","details":"MongoDB update on Reminder","userIp":"","userAgent":""}
{"timestamp":"2025-05-15T12:01:40.809Z","userId":0,"action":"update","resourceType":"Reminder","resourceId":"6825","details":"MongoDB update on Reminder","userIp":"","userAgent":""}
{"timestamp":"2025-05-15T12:01:40.814Z","userId":0,"action":"update","resourceType":"Reminder","resourceId":"6825","details":"MongoDB update on Reminder","userIp":"","userAgent":""}
{"timestamp":"2025-05-15T12:01:40.819Z","userId":0,"action":"update","resourceType":"Reminder","resourceId":"6825","details":"MongoDB update on Reminder","userIp":"","userAgent":""}
{"timestamp":"2025-05-15T12:01:40.824Z","userId":0,"action":"update","resourceType":"Reminder","resourceId":"6825","details":"MongoDB update on Reminder","userIp":"","userAgent":""}
{"timestamp":"2025-05-15T12:01:40.829Z","userId":0,"action":"update","resourceType":"Reminder","resourceId":"6825","details":"MongoDB update on Reminder","userIp":"","userAgent":""}
{"timestamp":"2025-05-15T12:01:40.834Z","userId":0,"action":"update","resourceType":"Reminder","resourceId":"6825","details":"MongoDB update on Reminder","userIp":"","userAgent":""}
{"timestamp":"2025-05-15T12:01:40.840Z","userId":0,"action":"update","resourceType":"Reminder","resourceId":"6825","details":"MongoDB update on Reminder","userIp":"","userAgent":""}
{"timestamp":"2025-05-15T12:01:40.846Z","userId":0,"action":"update","resourceType":"Reminder","resourceId":"6825","details":"MongoDB update on Reminder","userIp":"","userAgent":""}
{"timestamp":"2025-05-15T12:01:40.853Z","userId":0,"action":"update","resourceType":"Reminder","resourceId":"6825","details":"MongoDB update on Reminder","userIp":"","userAgent":""}
{"timestamp":"2025-05-15T12:01:40.859Z","userId":0,"action":"update","resourceType":"Reminder","resourceId":"6825","details":"MongoDB update on Reminder","userIp":"","userAgent":""}
{"timestamp":"2025-05-15T12:01:40.866Z","userId":0,"action":"update","resourceType":"Reminder","resourceId":"6825","details":"MongoDB update on Reminder","userIp":"","userAgent":""}
{"timestamp":"2025-05-15T12:01:40.873Z","userId":0,"action":"update","resourceType":"Reminder","resourceId":"6825","details":"MongoDB update on Reminder","userIp":"","userAgent":""}
{"timestamp":"2025-05-15T12:01:40.886Z","userId":0,"action":"update","resourceType":"Reminder","resourceId":"6825","details":"MongoDB update on Reminder","userIp":"","userAgent":""}
{"timestamp":"2025-05-15T12:01:40.891Z","userId":0,"action":"update","resourceType":"Reminder","resourceId":"6825","details":"MongoDB update on Reminder","userIp":"","userAgent":""}
{"timestamp":"2025-05-15T12:01:40.896Z","userId":0,"action":"update","resourceType":"Reminder","resourceId":"6825","details":"MongoDB update on Reminder","userIp":"","userAgent":""}
{"timestamp":"2025-05-15T12:01:40.901Z","userId":0,"action":"update","resourceType":"Reminder","resourceId":"6825","details":"MongoDB update on Reminder","userIp":"","userAgent":""}
{"timestamp":"2025-05-15T12:01:40.906Z","userId":0,"action":"update","resourceType":"Reminder","resourceId":"6825","details":"MongoDB update on Reminder","userIp":"","userAgent":""}
{"timestamp":"2025-05-15T12:01:40.910Z","userId":0,"action":"update","resourceType":"Reminder","resourceId":"6825","details":"MongoDB update on Reminder","userIp":"","userAgent":""}
{"timestamp":"2025-05-15T12:01:40.915Z","userId":0,"action":"update","resourceType":"Reminder","resourceId":"6825","details":"MongoDB update on Reminder","userIp":"","userAgent":""}
{"timestamp":"2025-05-15T12:01:40.918Z","userId":0,"action":"update","resourceType":"Reminder","resourceId":"6825","details":"MongoDB update on Reminder","userIp":"","userAgent":""}
{"timestamp":"2025-05-15T12:01:40.922Z","userId":0,"action":"update","resourceType":"Reminder","resourceId":"6825","details":"MongoDB update on Reminder","userIp":"","userAgent":""}
{"timestamp":"2025-05-15T12:01:40.926Z","userId":0,"action":"update","resourceType":"Reminder","resourceId":"6825","details":"MongoDB update on Reminder","userIp":"","userAgent":""}
{"timestamp":"2025-05-15T12:01:40.930Z","userId":0,"action":"update","resourceType":"Reminder","resourceId":"6825","details":"MongoDB update on Reminder","userIp":"","userAgent":""}
{"timestamp":"2025-05-15T12:01:40.934Z","userId":0,"action":"update","resourceType":"Reminder","resourceId":"6825","details":"MongoDB update on Reminder","userIp":"","userAgent":""}
{"timestamp":"2025-05-15T12:01:40.939Z","userId":0,"action":"update","resourceType":"Reminder","resourceId":"6825","details":"MongoDB update on Reminder","userIp":"","userAgent":""}
{"timestamp":"2025-05-15T12:01:40.943Z","userId":0,"action":"update","resourceType":"Reminder","resourceId":"6825","details":"MongoDB update on Reminder","userIp":"","userAgent":""}
{"timestamp":"2025-05-15T12:01:40.947Z","userId":0,"action":"update","resourceType":"Reminder","resourceId":"6825","details":"MongoDB update on Reminder","userIp":"","userAgent":""}
{"timestamp":"2025-05-15T12:01:40.951Z","userId":0,"action":"update","resourceType":"Reminder","resourceId":"6825","details":"MongoDB update on Reminder","userIp":"","userAgent":""}
{"timestamp":"2025-05-15T12:01:40.956Z","userId":0,"action":"update","resourceType":"Reminder","resourceId":"6825","details":"MongoDB update on Reminder","userIp":"","userAgent":""}
{"timestamp":"2025-05-15T12:01:40.962Z","userId":0,"action":"update","resourceType":"Reminder","resourceId":"6825","details":"MongoDB update on Reminder","userIp":"","userAgent":""}
{"timestamp":"2025-05-15T12:01:40.966Z","userId":0,"action":"update","resourceType":"Reminder","resourceId":"6825","details":"MongoDB update on Reminder","userIp":"","userAgent":""}
{"timestamp":"2025-05-15T12:01:40.971Z","userId":0,"action":"update","resourceType":"Reminder","resourceId":"6825","details":"MongoDB update on Reminder","userIp":"","userAgent":""}
{"timestamp":"2025-05-15T12:01:40.976Z","userId":0,"action":"update","resourceType":"Reminder","resourceId":"6825","details":"MongoDB update on Reminder","userIp":"","userAgent":""}
{"timestamp":"2025-05-15T12:01:40.980Z","userId":0,"action":"update","resourceType":"Reminder","resourceId":"6825","details":"MongoDB update on Reminder","userIp":"","userAgent":""}
{"timestamp":"2025-05-15T12:01:40.984Z","userId":0,"action":"update","resourceType":"Reminder","resourceId":"6825","details":"MongoDB update on Reminder","userIp":"","userAgent":""}
{"timestamp":"2025-05-15T12:01:40.989Z","userId":0,"action":"update","resourceType":"Reminder","resourceId":"6825","details":"MongoDB update on Reminder","userIp":"","userAgent":""}
{"timestamp":"2025-05-15T12:01:40.995Z","userId":0,"action":"update","resourceType":"Reminder","resourceId":"6825","details":"MongoDB update on Reminder","userIp":"","userAgent":""}
{"timestamp":"2025-05-15T12:01:40.999Z","userId":0,"action":"update","resourceType":"Reminder","resourceId":"6825","details":"MongoDB update on Reminder","userIp":"","userAgent":""}
{"timestamp":"2025-05-15T12:01:41.003Z","userId":0,"action":"update","resourceType":"Reminder","resourceId":"6825","details":"MongoDB update on Reminder","userIp":"","userAgent":""}
{"timestamp":"2025-05-15T12:01:41.008Z","userId":0,"action":"update","resourceType":"Reminder","resourceId":"6825","details":"MongoDB update on Reminder","userIp":"","userAgent":""}
{"timestamp":"2025-05-15T12:01:41.013Z","userId":0,"action":"update","resourceType":"Reminder","resourceId":"6825","details":"MongoDB update on Reminder","userIp":"","userAgent":""}
{"timestamp":"2025-05-15T12:01:41.019Z","userId":0,"action":"update","resourceType":"Reminder","resourceId":"6825","details":"MongoDB update on Reminder","userIp":"","userAgent":""}
{"timestamp":"2025-05-15T12:01:41.025Z","userId":0,"action":"update","resourceType":"Reminder","resourceId":"6825","details":"MongoDB update on Reminder","userIp":"","userAgent":""}
{"timestamp":"2025-05-15T12:01:41.031Z","userId":0,"action":"update","resourceType":"Reminder","resourceId":"6825","details":"MongoDB update on Reminder","userIp":"","userAgent":""}
{"timestamp":"2025-05-15T12:01:41.037Z","userId":0,"action":"update","resourceType":"Reminder","resourceId":"6825","details":"MongoDB update on Reminder","userIp":"","userAgent":""}
{"timestamp":"2025-05-15T12:01:41.042Z","userId":0,"action":"update","resourceType":"Reminder","resourceId":"6825","details":"MongoDB update on Reminder","userIp":"","userAgent":""}
{"timestamp":"2025-05-15T12:01:41.047Z","userId":0,"action":"update","resourceType":"Reminder","resourceId":"6825","details":"MongoDB update on Reminder","userIp":"","userAgent":""}
{"timestamp":"2025-05-15T12:01:41.054Z","userId":0,"action":"update","resourceType":"Reminder","resourceId":"6825","details":"MongoDB update on Reminder","userIp":"","userAgent":""}
{"timestamp":"2025-05-15T12:01:41.059Z","userId":0,"action":"update","resourceType":"Reminder","resourceId":"6825","details":"MongoDB update on Reminder","userIp":"","userAgent":""}
{"timestamp":"2025-05-15T12:01:41.064Z","userId":0,"action":"update","resourceType":"Reminder","resourceId":"6825","details":"MongoDB update on Reminder","userIp":"","userAgent":""}
{"timestamp":"2025-05-15T12:01:41.069Z","userId":0,"action":"update","resourceType":"Reminder","resourceId":"6825","details":"MongoDB update on Reminder","userIp":"","userAgent":""}
{"timestamp":"2025-05-15T12:01:41.074Z","userId":0,"action":"update","resourceType":"Reminder","resourceId":"6825","details":"MongoDB update on Reminder","userIp":"","userAgent":""}
{"timestamp":"2025-05-15T12:01:41.080Z","userId":0,"action":"update","resourceType":"Reminder","resourceId":"6825","details":"MongoDB update on Reminder","userIp":"","userAgent":""}
{"timestamp":"2025-05-15T12:01:41.085Z","userId":0,"action":"update","resourceType":"Reminder","resourceId":"6825","details":"MongoDB update on Reminder","userIp":"","userAgent":""}
{"timestamp":"2025-05-15T12:01:41.090Z","userId":0,"action":"update","resourceType":"Reminder","resourceId":"6825","details":"MongoDB update on Reminder","userIp":"","userAgent":""}
{"timestamp":"2025-05-15T12:01:41.095Z","userId":0,"action":"update","resourceType":"Reminder","resourceId":"6825","details":"MongoDB update on Reminder","userIp":"","userAgent":""}
{"timestamp":"2025-05-15T12:01:41.099Z","userId":0,"action":"update","resourceType":"Reminder","resourceId":"6825","details":"MongoDB update on Reminder","userIp":"","userAgent":""}
{"timestamp":"2025-05-15T12:01:41.104Z","userId":0,"action":"update","resourceType":"Reminder","resourceId":"6825","details":"MongoDB update on Reminder","userIp":"","userAgent":""}
{"timestamp":"2025-05-15T12:01:41.108Z","userId":0,"action":"update","resourceType":"Reminder","resourceId":"6825","details":"MongoDB update on Reminder","userIp":"","userAgent":""}
{"timestamp":"2025-05-15T12:01:41.113Z","userId":0,"action":"update","resourceType":"Reminder","resourceId":"6825","details":"MongoDB update on Reminder","userIp":"","userAgent":""}
{"timestamp":"2025-05-15T12:01:41.117Z","userId":0,"action":"update","resourceType":"Reminder","resourceId":"6825","details":"MongoDB update on Reminder","userIp":"","userAgent":""}
{"timestamp":"2025-05-15T12:01:41.121Z","userId":0,"action":"update","resourceType":"Reminder","resourceId":"6825","details":"MongoDB update on Reminder","userIp":"","userAgent":""}
{"timestamp":"2025-05-15T12:01:41.125Z","userId":0,"action":"update","resourceType":"Reminder","resourceId":"6825","details":"MongoDB update on Reminder","userIp":"","userAgent":""}
{"timestamp":"2025-05-15T12:01:41.129Z","userId":0,"action":"update","resourceType":"Reminder","resourceId":"6825","details":"MongoDB update on Reminder","userIp":"","userAgent":""}
{"timestamp":"2025-05-15T12:01:41.132Z","userId":0,"action":"update","resourceType":"Reminder","resourceId":"6825","details":"MongoDB update on Reminder","userIp":"","userAgent":""}
{"timestamp":"2025-05-15T12:01:41.136Z","userId":0,"action":"update","resourceType":"Reminder","resourceId":"6825","details":"MongoDB update on Reminder","userIp":"","userAgent":""}
{"timestamp":"2025-05-15T12:01:41.140Z","userId":0,"action":"update","resourceType":"Reminder","resourceId":"6825","details":"MongoDB update on Reminder","userIp":"","userAgent":""}
{"timestamp":"2025-05-15T12:01:41.143Z","userId":0,"action":"update","resourceType":"Reminder","resourceId":"6825","details":"MongoDB update on Reminder","userIp":"","userAgent":""}
{"timestamp":"2025-05-15T12:01:41.148Z","userId":0,"action":"update","resourceType":"Reminder","resourceId":"6825","details":"MongoDB update on Reminder","userIp":"","userAgent":""}
{"timestamp":"2025-05-15T12:01:41.152Z","userId":0,"action":"update","resourceType":"Reminder","resourceId":"6825","details":"MongoDB update on Reminder","userIp":"","userAgent":""}
{"timestamp":"2025-05-15T12:01:41.156Z","userId":0,"action":"update","resourceType":"Reminder","resourceId":"6825","details":"MongoDB update on Reminder","userIp":"","userAgent":""}
{"timestamp":"2025-05-15T12:01:41.160Z","userId":0,"action":"update","resourceType":"Reminder","resourceId":"6825","details":"MongoDB update on Reminder","userIp":"","userAgent":""}
{"timestamp":"2025-05-15T12:01:41.164Z","userId":0,"action":"update","resourceType":"Reminder","resourceId":"6825","details":"MongoDB update on Reminder","userIp":"","userAgent":""}
{"timestamp":"2025-05-15T12:01:41.169Z","userId":0,"action":"update","resourceType":"Reminder","resourceId":"6825","details":"MongoDB update on Reminder","userIp":"","userAgent":""}
{"timestamp":"2025-05-15T12:01:41.173Z","userId":0,"action":"update","resourceType":"Reminder","resourceId":"6825","details":"MongoDB update on Reminder","userIp":"","userAgent":""}
{"timestamp":"2025-05-15T12:01:41.177Z","userId":0,"action":"update","resourceType":"Reminder","resourceId":"6825","details":"MongoDB update on Reminder","userIp":"","userAgent":""}
{"timestamp":"2025-05-15T12:01:41.181Z","userId":0,"action":"update","resourceType":"Reminder","resourceId":"6825","details":"MongoDB update on Reminder","userIp":"","userAgent":""}
{"timestamp":"2025-05-15T12:01:41.186Z","userId":0,"action":"update","resourceType":"Reminder","resourceId":"6825","details":"MongoDB update on Reminder","userIp":"","userAgent":""}
{"timestamp":"2025-05-15T12:01:41.190Z","userId":0,"action":"update","resourceType":"Reminder","resourceId":"6825","details":"MongoDB update on Reminder","userIp":"","userAgent":""}
{"timestamp":"2025-05-15T12:01:41.194Z","userId":0,"action":"update","resourceType":"Reminder","resourceId":"6825","details":"MongoDB update on Reminder","userIp":"","userAgent":""}
{"timestamp":"2025-05-15T12:01:41.199Z","userId":0,"action":"update","resourceType":"Reminder","resourceId":"6825","details":"MongoDB update on Reminder","userIp":"","userAgent":""}
{"timestamp":"2025-05-15T12:01:41.203Z","userId":0,"action":"update","resourceType":"Reminder","resourceId":"6825","details":"MongoDB update on Reminder","userIp":"","userAgent":""}
{"timestamp":"2025-05-15T12:01:41.206Z","userId":0,"action":"update","resourceType":"Reminder","resourceId":"6825","details":"MongoDB update on Reminder","userIp":"","userAgent":""}
{"timestamp":"2025-05-15T12:01:41.211Z","userId":0,"action":"update","resourceType":"Reminder","resourceId":"6825","details":"MongoDB update on Reminder","userIp":"","userAgent":""}
{"timestamp":"2025-05-15T12:01:41.215Z","userId":0,"action":"update","resourceType":"Reminder","resourceId":"6825","details":"MongoDB update on Reminder","userIp":"","userAgent":""}
{"timestamp":"2025-05-15T12:01:41.219Z","userId":0,"action":"update","resourceType":"Reminder","resourceId":"6825","details":"MongoDB update on Reminder","userIp":"","userAgent":""}
{"timestamp":"2025-05-15T12:01:41.223Z","userId":0,"action":"update","resourceType":"Reminder","resourceId":"6825","details":"MongoDB update on Reminder","userIp":"","userAgent":""}
{"timestamp":"2025-05-15T12:01:41.228Z","userId":0,"action":"update","resourceType":"Reminder","resourceId":"6825","details":"MongoDB update on Reminder","userIp":"","userAgent":""}
{"timestamp":"2025-05-15T12:01:41.232Z","userId":0,"action":"update","resourceType":"Reminder","resourceId":"6825","details":"MongoDB update on Reminder","userIp":"","userAgent":""}
{"timestamp":"2025-05-15T12:01:41.236Z","userId":0,"action":"update","resourceType":"Reminder","resourceId":"6825","details":"MongoDB update on Reminder","userIp":"","userAgent":""}
{"timestamp":"2025-05-15T12:01:41.241Z","userId":0,"action":"update","resourceType":"Reminder","resourceId":"6825","details":"MongoDB update on Reminder","userIp":"","userAgent":""}
{"timestamp":"2025-05-15T12:01:41.247Z","userId":0,"action":"update","resourceType":"Reminder","resourceId":"6825","details":"MongoDB update on Reminder","userIp":"","userAgent":""}
{"timestamp":"2025-05-15T12:01:41.251Z","userId":0,"action":"update","resourceType":"Reminder","resourceId":"6825","details":"MongoDB update on Reminder","userIp":"","userAgent":""}
{"timestamp":"2025-05-15T12:01:41.255Z","userId":0,"action":"update","resourceType":"Reminder","resourceId":"6825","details":"MongoDB update on Reminder","userIp":"","userAgent":""}
{"timestamp":"2025-05-15T12:01:41.260Z","userId":0,"action":"update","resourceType":"Reminder","resourceId":"6825","details":"MongoDB update on Reminder","userIp":"","userAgent":""}
{"timestamp":"2025-05-15T12:01:41.264Z","userId":0,"action":"update","resourceType":"Reminder","resourceId":"6825","details":"MongoDB update on Reminder","userIp":"","userAgent":""}
{"timestamp":"2025-05-15T12:01:41.268Z","userId":0,"action":"update","resourceType":"Reminder","resourceId":"6825","details":"MongoDB update on Reminder","userIp":"","userAgent":""}
{"timestamp":"2025-05-15T12:01:41.273Z","userId":0,"action":"update","resourceType":"Reminder","resourceId":"6825","details":"MongoDB update on Reminder","userIp":"","userAgent":""}
{"timestamp":"2025-05-15T12:01:41.278Z","userId":0,"action":"update","resourceType":"Reminder","resourceId":"6825","details":"MongoDB update on Reminder","userIp":"","userAgent":""}
{"timestamp":"2025-05-15T12:01:41.283Z","userId":0,"action":"update","resourceType":"Reminder","resourceId":"6825","details":"MongoDB update on Reminder","userIp":"","userAgent":""}
{"timestamp":"2025-05-15T12:01:41.288Z","userId":0,"action":"update","resourceType":"Reminder","resourceId":"6825","details":"MongoDB update on Reminder","userIp":"","userAgent":""}
{"timestamp":"2025-05-15T12:01:41.293Z","userId":0,"action":"update","resourceType":"Reminder","resourceId":"6825","details":"MongoDB update on Reminder","userIp":"","userAgent":""}
{"timestamp":"2025-05-15T12:01:41.297Z","userId":0,"action":"update","resourceType":"Reminder","resourceId":"6825","details":"MongoDB update on Reminder","userIp":"","userAgent":""}
{"timestamp":"2025-05-15T12:01:41.301Z","userId":0,"action":"update","resourceType":"Reminder","resourceId":"6825","details":"MongoDB update on Reminder","userIp":"","userAgent":""}
{"timestamp":"2025-05-15T12:01:41.305Z","userId":0,"action":"update","resourceType":"Reminder","resourceId":"6825","details":"MongoDB update on Reminder","userIp":"","userAgent":""}
{"timestamp":"2025-05-15T12:01:41.311Z","userId":0,"action":"update","resourceType":"Reminder","resourceId":"6825","details":"MongoDB update on Reminder","userIp":"","userAgent":""}
{"timestamp":"2025-05-15T12:01:41.316Z","userId":0,"action":"update","resourceType":"Reminder","resourceId":"6825","details":"MongoDB update on Reminder","userIp":"","userAgent":""}
{"timestamp":"2025-05-15T12:01:41.320Z","userId":0,"action":"update","resourceType":"Reminder","resourceId":"6825","details":"MongoDB update on Reminder","userIp":"","userAgent":""}
{"timestamp":"2025-05-15T12:01:41.324Z","userId":0,"action":"update","resourceType":"Reminder","resourceId":"6825","details":"MongoDB update on Reminder","userIp":"","userAgent":""}
{"timestamp":"2025-05-15T12:01:41.328Z","userId":0,"action":"update","resourceType":"Reminder","resourceId":"6825","details":"MongoDB update on Reminder","userIp":"","userAgent":""}
{"timestamp":"2025-05-15T12:01:41.333Z","userId":0,"action":"update","resourceType":"Reminder","resourceId":"6825","details":"MongoDB update on Reminder","userIp":"","userAgent":""}
{"timestamp":"2025-05-15T12:01:41.337Z","userId":0,"action":"update","resourceType":"Reminder","resourceId":"6825","details":"MongoDB update on Reminder","userIp":"","userAgent":""}
{"timestamp":"2025-05-15T12:01:41.341Z","userId":0,"action":"update","resourceType":"Reminder","resourceId":"6825","details":"MongoDB update on Reminder","userIp":"","userAgent":""}
{"timestamp":"2025-05-15T12:01:41.345Z","userId":0,"action":"update","resourceType":"Reminder","resourceId":"6825","details":"MongoDB update on Reminder","userIp":"","userAgent":""}
{"timestamp":"2025-05-15T12:01:41.351Z","userId":0,"action":"update","resourceType":"Reminder","resourceId":"6825","details":"MongoDB update on Reminder","userIp":"","userAgent":""}
{"timestamp":"2025-05-15T12:01:41.355Z","userId":0,"action":"update","resourceType":"Reminder","resourceId":"6825","details":"MongoDB update on Reminder","userIp":"","userAgent":""}
{"timestamp":"2025-05-15T12:01:41.360Z","userId":0,"action":"update","resourceType":"Reminder","resourceId":"6825","details":"MongoDB update on Reminder","userIp":"","userAgent":""}
{"timestamp":"2025-05-15T12:01:41.364Z","userId":0,"action":"update","resourceType":"Reminder","resourceId":"6825","details":"MongoDB update on Reminder","userIp":"","userAgent":""}
{"timestamp":"2025-05-15T12:01:41.370Z","userId":0,"action":"update","resourceType":"Reminder","resourceId":"6825","details":"MongoDB update on Reminder","userIp":"","userAgent":""}
{"timestamp":"2025-05-15T12:01:41.376Z","userId":0,"action":"update","resourceType":"Reminder","resourceId":"6825","details":"MongoDB update on Reminder","userIp":"","userAgent":""}
{"timestamp":"2025-05-15T12:01:41.381Z","userId":0,"action":"update","resourceType":"Reminder","resourceId":"6825","details":"MongoDB update on Reminder","userIp":"","userAgent":""}
{"timestamp":"2025-05-15T12:01:41.386Z","userId":0,"action":"update","resourceType":"Reminder","resourceId":"6825","details":"MongoDB update on Reminder","userIp":"","userAgent":""}
{"timestamp":"2025-05-15T12:01:41.391Z","userId":0,"action":"update","resourceType":"Reminder","resourceId":"6825","details":"MongoDB update on Reminder","userIp":"","userAgent":""}
{"timestamp":"2025-05-15T12:01:41.396Z","userId":0,"action":"update","resourceType":"Reminder","resourceId":"6825","details":"MongoDB update on Reminder","userIp":"","userAgent":""}
{"timestamp":"2025-05-15T12:01:41.401Z","userId":0,"action":"update","resourceType":"Reminder","resourceId":"6825","details":"MongoDB update on Reminder","userIp":"","userAgent":""}
{"timestamp":"2025-05-15T12:01:41.405Z","userId":0,"action":"update","resourceType":"Reminder","resourceId":"6825","details":"MongoDB update on Reminder","userIp":"","userAgent":""}
{"timestamp":"2025-05-15T12:01:41.409Z","userId":0,"action":"update","resourceType":"Reminder","resourceId":"6825","details":"MongoDB update on Reminder","userIp":"","userAgent":""}
{"timestamp":"2025-05-15T12:01:41.413Z","userId":0,"action":"update","resourceType":"Reminder","resourceId":"6825","details":"MongoDB update on Reminder","userIp":"","userAgent":""}
{"timestamp":"2025-05-15T12:01:41.418Z","userId":0,"action":"update","resourceType":"Reminder","resourceId":"6825","details":"MongoDB update on Reminder","userIp":"","userAgent":""}
{"timestamp":"2025-05-15T12:01:41.424Z","userId":0,"action":"update","resourceType":"Reminder","resourceId":"6825","details":"MongoDB update on Reminder","userIp":"","userAgent":""}
{"timestamp":"2025-05-15T12:01:41.429Z","userId":0,"action":"update","resourceType":"Reminder","resourceId":"6825","details":"MongoDB update on Reminder","userIp":"","userAgent":""}
{"timestamp":"2025-05-15T12:01:41.434Z","userId":0,"action":"update","resourceType":"Reminder","resourceId":"6825","details":"MongoDB update on Reminder","userIp":"","userAgent":""}
{"timestamp":"2025-05-15T12:01:41.439Z","userId":0,"action":"update","resourceType":"Reminder","resourceId":"6825","details":"MongoDB update on Reminder","userIp":"","userAgent":""}
{"timestamp":"2025-05-15T12:01:41.443Z","userId":0,"action":"update","resourceType":"Reminder","resourceId":"6825","details":"MongoDB update on Reminder","userIp":"","userAgent":""}
{"timestamp":"2025-05-15T12:01:41.447Z","userId":0,"action":"update","resourceType":"Reminder","resourceId":"6825","details":"MongoDB update on Reminder","userIp":"","userAgent":""}
{"timestamp":"2025-05-15T12:01:41.451Z","userId":0,"action":"update","resourceType":"Reminder","resourceId":"6825","details":"MongoDB update on Reminder","userIp":"","userAgent":""}
{"timestamp":"2025-05-15T12:01:41.456Z","userId":0,"action":"update","resourceType":"Reminder","resourceId":"6825","details":"MongoDB update on Reminder","userIp":"","userAgent":""}
{"timestamp":"2025-05-15T12:01:41.460Z","userId":0,"action":"update","resourceType":"Reminder","resourceId":"6825","details":"MongoDB update on Reminder","userIp":"","userAgent":""}
{"timestamp":"2025-05-15T12:01:41.464Z","userId":0,"action":"update","resourceType":"Reminder","resourceId":"6825","details":"MongoDB update on Reminder","userIp":"","userAgent":""}
{"timestamp":"2025-05-15T12:01:41.469Z","userId":0,"action":"update","resourceType":"Reminder","resourceId":"6825","details":"MongoDB update on Reminder","userIp":"","userAgent":""}
{"timestamp":"2025-05-15T12:01:41.473Z","userId":0,"action":"update","resourceType":"Reminder","resourceId":"6825","details":"MongoDB update on Reminder","userIp":"","userAgent":""}
{"timestamp":"2025-05-15T12:01:41.477Z","userId":0,"action":"update","resourceType":"Reminder","resourceId":"6825","details":"MongoDB update on Reminder","userIp":"","userAgent":""}
{"timestamp":"2025-05-15T12:01:41.482Z","userId":0,"action":"update","resourceType":"Reminder","resourceId":"6825","details":"MongoDB update on Reminder","userIp":"","userAgent":""}
{"timestamp":"2025-05-15T12:01:41.486Z","userId":0,"action":"update","resourceType":"Reminder","resourceId":"6825","details":"MongoDB update on Reminder","userIp":"","userAgent":""}
{"timestamp":"2025-05-15T12:01:41.490Z","userId":0,"action":"update","resourceType":"Reminder","resourceId":"6825","details":"MongoDB update on Reminder","userIp":"","userAgent":""}
{"timestamp":"2025-05-15T12:01:41.494Z","userId":0,"action":"update","resourceType":"Reminder","resourceId":"6825","details":"MongoDB update on Reminder","userIp":"","userAgent":""}
{"timestamp":"2025-05-15T12:01:41.498Z","userId":0,"action":"update","resourceType":"Reminder","resourceId":"6825","details":"MongoDB update on Reminder","userIp":"","userAgent":""}
{"timestamp":"2025-05-15T12:01:41.504Z","userId":0,"action":"update","resourceType":"Reminder","resourceId":"6825","details":"MongoDB update on Reminder","userIp":"","userAgent":""}
{"timestamp":"2025-05-15T12:01:41.508Z","userId":0,"action":"update","resourceType":"Reminder","resourceId":"6825","details":"MongoDB update on Reminder","userIp":"","userAgent":""}
{"timestamp":"2025-05-15T12:01:41.512Z","userId":0,"action":"update","resourceType":"Reminder","resourceId":"6825","details":"MongoDB update on Reminder","userIp":"","userAgent":""}
{"timestamp":"2025-05-15T12:01:41.516Z","userId":0,"action":"update","resourceType":"Reminder","resourceId":"6825","details":"MongoDB update on Reminder","userIp":"","userAgent":""}
{"timestamp":"2025-05-15T12:01:41.520Z","userId":0,"action":"update","resourceType":"Reminder","resourceId":"6825","details":"MongoDB update on Reminder","userIp":"","userAgent":""}
{"timestamp":"2025-05-15T12:01:41.524Z","userId":0,"action":"update","resourceType":"Reminder","resourceId":"6825","details":"MongoDB update on Reminder","userIp":"","userAgent":""}
{"timestamp":"2025-05-15T12:01:41.529Z","userId":0,"action":"update","resourceType":"Reminder","resourceId":"6825","details":"MongoDB update on Reminder","userIp":"","userAgent":""}
{"timestamp":"2025-05-15T12:01:41.533Z","userId":0,"action":"update","resourceType":"Reminder","resourceId":"6825","details":"MongoDB update on Reminder","userIp":"","userAgent":""}
{"timestamp":"2025-05-15T12:01:41.538Z","userId":0,"action":"update","resourceType":"Reminder","resourceId":"6825","details":"MongoDB update on Reminder","userIp":"","userAgent":""}
{"timestamp":"2025-05-15T12:01:41.542Z","userId":0,"action":"update","resourceType":"Reminder","resourceId":"6825","details":"MongoDB update on Reminder","userIp":"","userAgent":""}
{"timestamp":"2025-05-15T12:01:41.547Z","userId":0,"action":"update","resourceType":"Reminder","resourceId":"6825","details":"MongoDB update on Reminder","userIp":"","userAgent":""}
{"timestamp":"2025-05-15T12:01:41.552Z","userId":0,"action":"update","resourceType":"Reminder","resourceId":"6825","details":"MongoDB update on Reminder","userIp":"","userAgent":""}
{"timestamp":"2025-05-15T12:01:41.556Z","userId":0,"action":"update","resourceType":"Reminder","resourceId":"6825","details":"MongoDB update on Reminder","userIp":"","userAgent":""}
{"timestamp":"2025-05-15T12:01:41.563Z","userId":0,"action":"update","resourceType":"Reminder","resourceId":"6825","details":"MongoDB update on Reminder","userIp":"","userAgent":""}
{"timestamp":"2025-05-15T12:01:41.567Z","userId":0,"action":"update","resourceType":"Reminder","resourceId":"6825","details":"MongoDB update on Reminder","userIp":"","userAgent":""}
{"timestamp":"2025-05-15T12:01:41.571Z","userId":0,"action":"update","resourceType":"Reminder","resourceId":"6825","details":"MongoDB update on Reminder","userIp":"","userAgent":""}
{"timestamp":"2025-05-15T12:01:41.575Z","userId":0,"action":"update","resourceType":"Reminder","resourceId":"6825","details":"MongoDB update on Reminder","userIp":"","userAgent":""}
{"timestamp":"2025-05-15T12:01:41.578Z","userId":0,"action":"update","resourceType":"Reminder","resourceId":"6825","details":"MongoDB update on Reminder","userIp":"","userAgent":""}
{"timestamp":"2025-05-15T12:01:41.583Z","userId":0,"action":"update","resourceType":"Reminder","resourceId":"6825","details":"MongoDB update on Reminder","userIp":"","userAgent":""}
{"timestamp":"2025-05-15T12:01:41.588Z","userId":0,"action":"update","resourceType":"Reminder","resourceId":"6825","details":"MongoDB update on Reminder","userIp":"","userAgent":""}
{"timestamp":"2025-05-15T12:01:41.592Z","userId":0,"action":"update","resourceType":"Reminder","resourceId":"6825","details":"MongoDB update on Reminder","userIp":"","userAgent":""}
{"timestamp":"2025-05-15T12:01:41.596Z","userId":0,"action":"update","resourceType":"Reminder","resourceId":"6825","details":"MongoDB update on Reminder","userIp":"","userAgent":""}
{"timestamp":"2025-05-15T12:01:41.599Z","userId":0,"action":"update","resourceType":"Reminder","resourceId":"6825","details":"MongoDB update on Reminder","userIp":"","userAgent":""}
{"timestamp":"2025-05-15T12:01:41.604Z","userId":0,"action":"update","resourceType":"Reminder","resourceId":"6825","details":"MongoDB update on Reminder","userIp":"","userAgent":""}
{"timestamp":"2025-05-15T12:01:41.608Z","userId":0,"action":"update","resourceType":"Reminder","resourceId":"6825","details":"MongoDB update on Reminder","userIp":"","userAgent":""}
{"timestamp":"2025-05-15T12:01:41.613Z","userId":0,"action":"update","resourceType":"Reminder","resourceId":"6825","details":"MongoDB update on Reminder","userIp":"","userAgent":""}
{"timestamp":"2025-05-15T12:01:41.618Z","userId":0,"action":"update","resourceType":"Reminder","resourceId":"6825","details":"MongoDB update on Reminder","userIp":"","userAgent":""}
{"timestamp":"2025-05-15T12:01:41.623Z","userId":0,"action":"update","resourceType":"Reminder","resourceId":"6825","details":"MongoDB update on Reminder","userIp":"","userAgent":""}
{"timestamp":"2025-05-15T12:01:41.628Z","userId":0,"action":"update","resourceType":"Reminder","resourceId":"6825","details":"MongoDB update on Reminder","userIp":"","userAgent":""}
{"timestamp":"2025-05-15T12:01:41.633Z","userId":0,"action":"update","resourceType":"Reminder","resourceId":"6825","details":"MongoDB update on Reminder","userIp":"","userAgent":""}
{"timestamp":"2025-05-15T12:01:41.718Z","userId":0,"action":"update","resourceType":"Reminder","resourceId":"6825","details":"MongoDB update on Reminder","userIp":"","userAgent":""}
{"timestamp":"2025-05-15T12:01:41.723Z","userId":0,"action":"update","resourceType":"Reminder","resourceId":"6825","details":"MongoDB update on Reminder","userIp":"","userAgent":""}
{"timestamp":"2025-05-15T12:01:41.728Z","userId":0,"action":"update","resourceType":"Reminder","resourceId":"6825","details":"MongoDB update on Reminder","userIp":"","userAgent":""}
{"timestamp":"2025-05-15T12:01:41.736Z","userId":0,"action":"update","resourceType":"Reminder","resourceId":"6825","details":"MongoDB update on Reminder","userIp":"","userAgent":""}
{"timestamp":"2025-05-15T12:01:41.741Z","userId":0,"action":"update","resourceType":"Reminder","resourceId":"6825","details":"MongoDB update on Reminder","userIp":"","userAgent":""}
{"timestamp":"2025-05-15T12:01:41.748Z","userId":0,"action":"update","resourceType":"Reminder","resourceId":"6825","details":"MongoDB update on Reminder","userIp":"","userAgent":""}
{"timestamp":"2025-05-15T12:01:41.755Z","userId":0,"action":"update","resourceType":"Reminder","resourceId":"6825","details":"MongoDB update on Reminder","userIp":"","userAgent":""}
{"timestamp":"2025-05-15T12:01:41.760Z","userId":0,"action":"update","resourceType":"Reminder","resourceId":"6825","details":"MongoDB update on Reminder","userIp":"","userAgent":""}
{"timestamp":"2025-05-15T12:01:41.768Z","userId":0,"action":"update","resourceType":"Reminder","resourceId":"6825","details":"MongoDB update on Reminder","userIp":"","userAgent":""}
{"timestamp":"2025-05-15T12:01:41.774Z","userId":0,"action":"update","resourceType":"Reminder","resourceId":"6825","details":"MongoDB update on Reminder","userIp":"","userAgent":""}
{"timestamp":"2025-05-15T12:01:41.782Z","userId":0,"action":"update","resourceType":"Reminder","resourceId":"6825","details":"MongoDB update on Reminder","userIp":"","userAgent":""}
{"timestamp":"2025-05-15T12:01:41.788Z","userId":0,"action":"update","resourceType":"Reminder","resourceId":"6825","details":"MongoDB update on Reminder","userIp":"","userAgent":""}
{"timestamp":"2025-05-15T12:01:41.793Z","userId":0,"action":"update","resourceType":"Reminder","resourceId":"6825","details":"MongoDB update on Reminder","userIp":"","userAgent":""}
{"timestamp":"2025-05-15T12:01:41.801Z","userId":0,"action":"update","resourceType":"Reminder","resourceId":"6825","details":"MongoDB update on Reminder","userIp":"","userAgent":""}
{"timestamp":"2025-05-15T12:01:41.806Z","userId":0,"action":"update","resourceType":"Reminder","resourceId":"6825","details":"MongoDB update on Reminder","userIp":"","userAgent":""}
{"timestamp":"2025-05-15T12:01:41.812Z","userId":0,"action":"update","resourceType":"Reminder","resourceId":"6825","details":"MongoDB update on Reminder","userIp":"","userAgent":""}
{"timestamp":"2025-05-15T12:01:41.820Z","userId":0,"action":"update","resourceType":"Reminder","resourceId":"6825","details":"MongoDB update on Reminder","userIp":"","userAgent":""}
{"timestamp":"2025-05-15T12:01:41.825Z","userId":0,"action":"update","resourceType":"Reminder","resourceId":"6825","details":"MongoDB update on Reminder","userIp":"","userAgent":""}
{"timestamp":"2025-05-15T12:01:41.832Z","userId":0,"action":"update","resourceType":"Reminder","resourceId":"6825","details":"MongoDB update on Reminder","userIp":"","userAgent":""}
{"timestamp":"2025-05-15T12:01:41.839Z","userId":0,"action":"update","resourceType":"Reminder","resourceId":"6825","details":"MongoDB update on Reminder","userIp":"","userAgent":""}
{"timestamp":"2025-05-15T12:01:41.844Z","userId":0,"action":"update","resourceType":"Reminder","resourceId":"6825","details":"MongoDB update on Reminder","userIp":"","userAgent":""}
{"timestamp":"2025-05-15T12:01:41.850Z","userId":0,"action":"update","resourceType":"Reminder","resourceId":"6825","details":"MongoDB update on Reminder","userIp":"","userAgent":""}
{"timestamp":"2025-05-15T12:01:41.855Z","userId":0,"action":"update","resourceType":"Reminder","resourceId":"6825","details":"MongoDB update on Reminder","userIp":"","userAgent":""}
{"timestamp":"2025-05-15T12:01:41.860Z","userId":0,"action":"update","resourceType":"Reminder","resourceId":"6825","details":"MongoDB update on Reminder","userIp":"","userAgent":""}
{"timestamp":"2025-05-15T12:01:41.866Z","userId":0,"action":"update","resourceType":"Reminder","resourceId":"6825","details":"MongoDB update on Reminder","userIp":"","userAgent":""}
{"timestamp":"2025-05-15T12:01:41.871Z","userId":0,"action":"update","resourceType":"Reminder","resourceId":"6825","details":"MongoDB update on Reminder","userIp":"","userAgent":""}
{"timestamp":"2025-05-15T12:01:41.877Z","userId":0,"action":"update","resourceType":"Reminder","resourceId":"6825","details":"MongoDB update on Reminder","userIp":"","userAgent":""}
{"timestamp":"2025-05-15T12:01:41.883Z","userId":0,"action":"update","resourceType":"Reminder","resourceId":"6825","details":"MongoDB update on Reminder","userIp":"","userAgent":""}
{"timestamp":"2025-05-15T12:01:41.889Z","userId":0,"action":"update","resourceType":"Reminder","resourceId":"6825","details":"MongoDB update on Reminder","userIp":"","userAgent":""}
{"timestamp":"2025-05-15T12:01:41.895Z","userId":0,"action":"update","resourceType":"Reminder","resourceId":"6825","details":"MongoDB update on Reminder","userIp":"","userAgent":""}
{"timestamp":"2025-05-15T12:01:41.902Z","userId":0,"action":"update","resourceType":"Reminder","resourceId":"6825","details":"MongoDB update on Reminder","userIp":"","userAgent":""}
{"timestamp":"2025-05-15T12:01:41.908Z","userId":0,"action":"update","resourceType":"Reminder","resourceId":"6825","details":"MongoDB update on Reminder","userIp":"","userAgent":""}
{"timestamp":"2025-05-15T12:01:41.914Z","userId":0,"action":"update","resourceType":"Reminder","resourceId":"6825","details":"MongoDB update on Reminder","userIp":"","userAgent":""}
{"timestamp":"2025-05-15T12:01:41.920Z","userId":0,"action":"update","resourceType":"Reminder","resourceId":"6825","details":"MongoDB update on Reminder","userIp":"","userAgent":""}
{"timestamp":"2025-05-15T12:01:41.925Z","userId":0,"action":"update","resourceType":"Reminder","resourceId":"6825","details":"MongoDB update on Reminder","userIp":"","userAgent":""}
{"timestamp":"2025-05-15T12:01:41.929Z","userId":0,"action":"update","resourceType":"Reminder","resourceId":"6825","details":"MongoDB update on Reminder","userIp":"","userAgent":""}
{"timestamp":"2025-05-15T12:01:41.934Z","userId":0,"action":"update","resourceType":"Reminder","resourceId":"6825","details":"MongoDB update on Reminder","userIp":"","userAgent":""}
{"timestamp":"2025-05-15T12:01:41.939Z","userId":0,"action":"update","resourceType":"Reminder","resourceId":"6825","details":"MongoDB update on Reminder","userIp":"","userAgent":""}
{"timestamp":"2025-05-15T12:01:41.944Z","userId":0,"action":"update","resourceType":"Reminder","resourceId":"6825","details":"MongoDB update on Reminder","userIp":"","userAgent":""}
{"timestamp":"2025-05-15T12:01:41.950Z","userId":0,"action":"update","resourceType":"Reminder","resourceId":"6825","details":"MongoDB update on Reminder","userIp":"","userAgent":""}
{"timestamp":"2025-05-15T12:01:41.954Z","userId":0,"action":"update","resourceType":"Reminder","resourceId":"6825","details":"MongoDB update on Reminder","userIp":"","userAgent":""}
{"timestamp":"2025-05-15T12:01:41.958Z","userId":0,"action":"update","resourceType":"Reminder","resourceId":"6825","details":"MongoDB update on Reminder","userIp":"","userAgent":""}
{"timestamp":"2025-05-15T12:01:41.964Z","userId":0,"action":"update","resourceType":"Reminder","resourceId":"6825","details":"MongoDB update on Reminder","userIp":"","userAgent":""}
{"timestamp":"2025-05-15T12:01:41.970Z","userId":0,"action":"update","resourceType":"Reminder","resourceId":"6825","details":"MongoDB update on Reminder","userIp":"","userAgent":""}
{"timestamp":"2025-05-15T12:01:41.976Z","userId":0,"action":"update","resourceType":"Reminder","resourceId":"6825","details":"MongoDB update on Reminder","userIp":"","userAgent":""}
{"timestamp":"2025-05-15T12:01:41.981Z","userId":0,"action":"update","resourceType":"Reminder","resourceId":"6825","details":"MongoDB update on Reminder","userIp":"","userAgent":""}
{"timestamp":"2025-05-15T12:01:41.986Z","userId":0,"action":"update","resourceType":"Reminder","resourceId":"6825","details":"MongoDB update on Reminder","userIp":"","userAgent":""}
{"timestamp":"2025-05-15T12:01:41.992Z","userId":0,"action":"update","resourceType":"Reminder","resourceId":"6825","details":"MongoDB update on Reminder","userIp":"","userAgent":""}
{"timestamp":"2025-05-15T12:01:41.996Z","userId":0,"action":"update","resourceType":"Reminder","resourceId":"6825","details":"MongoDB update on Reminder","userIp":"","userAgent":""}
{"timestamp":"2025-05-15T12:01:42.001Z","userId":0,"action":"update","resourceType":"Reminder","resourceId":"6825","details":"MongoDB update on Reminder","userIp":"","userAgent":""}
{"timestamp":"2025-05-15T12:01:42.007Z","userId":0,"action":"update","resourceType":"Reminder","resourceId":"6825","details":"MongoDB update on Reminder","userIp":"","userAgent":""}
{"timestamp":"2025-05-15T12:01:42.013Z","userId":0,"action":"update","resourceType":"Reminder","resourceId":"6825","details":"MongoDB update on Reminder","userIp":"","userAgent":""}
{"timestamp":"2025-05-15T12:01:42.019Z","userId":0,"action":"update","resourceType":"Reminder","resourceId":"6825","details":"MongoDB update on Reminder","userIp":"","userAgent":""}
{"timestamp":"2025-05-15T12:01:42.024Z","userId":0,"action":"update","resourceType":"Reminder","resourceId":"6825","details":"MongoDB update on Reminder","userIp":"","userAgent":""}
{"timestamp":"2025-05-15T12:01:42.028Z","userId":0,"action":"update","resourceType":"Reminder","resourceId":"6825","details":"MongoDB update on Reminder","userIp":"","userAgent":""}
{"timestamp":"2025-05-15T12:01:42.033Z","userId":0,"action":"update","resourceType":"Reminder","resourceId":"6825","details":"MongoDB update on Reminder","userIp":"","userAgent":""}
{"timestamp":"2025-05-15T12:01:42.037Z","userId":0,"action":"update","resourceType":"Reminder","resourceId":"6825","details":"MongoDB update on Reminder","userIp":"","userAgent":""}
{"timestamp":"2025-05-15T12:01:42.041Z","userId":0,"action":"update","resourceType":"Reminder","resourceId":"6825","details":"MongoDB update on Reminder","userIp":"","userAgent":""}
{"timestamp":"2025-05-15T12:01:42.047Z","userId":0,"action":"update","resourceType":"Reminder","resourceId":"6825","details":"MongoDB update on Reminder","userIp":"","userAgent":""}
{"timestamp":"2025-05-15T12:01:42.053Z","userId":0,"action":"update","resourceType":"Reminder","resourceId":"6825","details":"MongoDB update on Reminder","userIp":"","userAgent":""}
{"timestamp":"2025-05-15T12:01:42.057Z","userId":0,"action":"update","resourceType":"Reminder","resourceId":"6825","details":"MongoDB update on Reminder","userIp":"","userAgent":""}
{"timestamp":"2025-05-15T12:01:42.068Z","userId":0,"action":"update","resourceType":"Reminder","resourceId":"6825","details":"MongoDB update on Reminder","userIp":"","userAgent":""}
{"timestamp":"2025-05-15T12:01:42.073Z","userId":0,"action":"update","resourceType":"Reminder","resourceId":"6825","details":"MongoDB update on Reminder","userIp":"","userAgent":""}
{"timestamp":"2025-05-15T12:01:42.078Z","userId":0,"action":"update","resourceType":"Reminder","resourceId":"6825","details":"MongoDB update on Reminder","userIp":"","userAgent":""}
{"timestamp":"2025-05-15T12:01:42.083Z","userId":0,"action":"update","resourceType":"Reminder","resourceId":"6825","details":"MongoDB update on Reminder","userIp":"","userAgent":""}
{"timestamp":"2025-05-15T12:01:42.087Z","userId":0,"action":"update","resourceType":"Reminder","resourceId":"6825","details":"MongoDB update on Reminder","userIp":"","userAgent":""}
{"timestamp":"2025-05-15T12:01:42.093Z","userId":0,"action":"update","resourceType":"Reminder","resourceId":"6825","details":"MongoDB update on Reminder","userIp":"","userAgent":""}
{"timestamp":"2025-05-15T12:01:42.098Z","userId":0,"action":"update","resourceType":"Reminder","resourceId":"6825","details":"MongoDB update on Reminder","userIp":"","userAgent":""}
{"timestamp":"2025-05-15T12:01:42.105Z","userId":0,"action":"update","resourceType":"Reminder","resourceId":"6825","details":"MongoDB update on Reminder","userIp":"","userAgent":""}
{"timestamp":"2025-05-15T12:01:42.110Z","userId":0,"action":"update","resourceType":"Reminder","resourceId":"6825","details":"MongoDB update on Reminder","userIp":"","userAgent":""}
{"timestamp":"2025-05-15T12:01:42.115Z","userId":0,"action":"update","resourceType":"Reminder","resourceId":"6825","details":"MongoDB update on Reminder","userIp":"","userAgent":""}
{"timestamp":"2025-05-15T12:01:42.120Z","userId":0,"action":"update","resourceType":"Reminder","resourceId":"6825","details":"MongoDB update on Reminder","userIp":"","userAgent":""}
{"timestamp":"2025-05-15T12:01:42.125Z","userId":0,"action":"update","resourceType":"Reminder","resourceId":"6825","details":"MongoDB update on Reminder","userIp":"","userAgent":""}
{"timestamp":"2025-05-15T12:01:42.129Z","userId":0,"action":"update","resourceType":"Reminder","resourceId":"6825","details":"MongoDB update on Reminder","userIp":"","userAgent":""}
{"timestamp":"2025-05-15T12:01:42.134Z","userId":0,"action":"update","resourceType":"Reminder","resourceId":"6825","details":"MongoDB update on Reminder","userIp":"","userAgent":""}
{"timestamp":"2025-05-15T12:01:42.138Z","userId":0,"action":"update","resourceType":"Reminder","resourceId":"6825","details":"MongoDB update on Reminder","userIp":"","userAgent":""}
{"timestamp":"2025-05-15T12:01:42.143Z","userId":0,"action":"update","resourceType":"Reminder","resourceId":"6825","details":"MongoDB update on Reminder","userIp":"","userAgent":""}
{"timestamp":"2025-05-15T12:01:42.147Z","userId":0,"action":"update","resourceType":"Reminder","resourceId":"6825","details":"MongoDB update on Reminder","userIp":"","userAgent":""}
{"timestamp":"2025-05-15T12:01:42.151Z","userId":0,"action":"update","resourceType":"Reminder","resourceId":"6825","details":"MongoDB update on Reminder","userIp":"","userAgent":""}
{"timestamp":"2025-05-15T12:01:42.154Z","userId":0,"action":"update","resourceType":"Reminder","resourceId":"6825","details":"MongoDB update on Reminder","userIp":"","userAgent":""}
{"timestamp":"2025-05-15T12:01:42.159Z","userId":0,"action":"update","resourceType":"Reminder","resourceId":"6825","details":"MongoDB update on Reminder","userIp":"","userAgent":""}
{"timestamp":"2025-05-15T12:01:42.163Z","userId":0,"action":"update","resourceType":"Reminder","resourceId":"6825","details":"MongoDB update on Reminder","userIp":"","userAgent":""}
{"timestamp":"2025-05-15T12:01:42.169Z","userId":0,"action":"update","resourceType":"Reminder","resourceId":"6825","details":"MongoDB update on Reminder","userIp":"","userAgent":""}
{"timestamp":"2025-05-15T12:01:42.173Z","userId":0,"action":"update","resourceType":"Reminder","resourceId":"6825","details":"MongoDB update on Reminder","userIp":"","userAgent":""}
{"timestamp":"2025-05-15T12:01:42.177Z","userId":0,"action":"update","resourceType":"Reminder","resourceId":"6825","details":"MongoDB update on Reminder","userIp":"","userAgent":""}
{"timestamp":"2025-05-15T12:01:42.181Z","userId":0,"action":"update","resourceType":"Reminder","resourceId":"6825","details":"MongoDB update on Reminder","userIp":"","userAgent":""}
{"timestamp":"2025-05-15T12:01:42.186Z","userId":0,"action":"update","resourceType":"Reminder","resourceId":"6825","details":"MongoDB update on Reminder","userIp":"","userAgent":""}
{"timestamp":"2025-05-15T12:01:42.189Z","userId":0,"action":"update","resourceType":"Reminder","resourceId":"6825","details":"MongoDB update on Reminder","userIp":"","userAgent":""}
{"timestamp":"2025-05-15T12:01:42.194Z","userId":0,"action":"update","resourceType":"Reminder","resourceId":"6825","details":"MongoDB update on Reminder","userIp":"","userAgent":""}
{"timestamp":"2025-05-15T12:01:42.198Z","userId":0,"action":"update","resourceType":"Reminder","resourceId":"6825","details":"MongoDB update on Reminder","userIp":"","userAgent":""}
{"timestamp":"2025-05-15T12:01:42.202Z","userId":0,"action":"update","resourceType":"Reminder","resourceId":"6825","details":"MongoDB update on Reminder","userIp":"","userAgent":""}
{"timestamp":"2025-05-15T12:01:42.206Z","userId":0,"action":"update","resourceType":"Reminder","resourceId":"6825","details":"MongoDB update on Reminder","userIp":"","userAgent":""}
{"timestamp":"2025-05-15T12:01:42.211Z","userId":0,"action":"update","resourceType":"Reminder","resourceId":"6825","details":"MongoDB update on Reminder","userIp":"","userAgent":""}
{"timestamp":"2025-05-15T12:01:42.215Z","userId":0,"action":"update","resourceType":"Reminder","resourceId":"6825","details":"MongoDB update on Reminder","userIp":"","userAgent":""}
{"timestamp":"2025-05-15T12:01:42.219Z","userId":0,"action":"update","resourceType":"Reminder","resourceId":"6825","details":"MongoDB update on Reminder","userIp":"","userAgent":""}
{"timestamp":"2025-05-15T12:01:42.223Z","userId":0,"action":"update","resourceType":"Reminder","resourceId":"6825","details":"MongoDB update on Reminder","userIp":"","userAgent":""}
{"timestamp":"2025-05-15T12:01:42.228Z","userId":0,"action":"update","resourceType":"Reminder","resourceId":"6825","details":"MongoDB update on Reminder","userIp":"","userAgent":""}
{"timestamp":"2025-05-15T12:01:42.234Z","userId":0,"action":"update","resourceType":"Reminder","resourceId":"6825","details":"MongoDB update on Reminder","userIp":"","userAgent":""}
{"timestamp":"2025-05-15T12:01:42.238Z","userId":0,"action":"update","resourceType":"Reminder","resourceId":"6825","details":"MongoDB update on Reminder","userIp":"","userAgent":""}
{"timestamp":"2025-05-15T12:01:42.243Z","userId":0,"action":"update","resourceType":"Reminder","resourceId":"6825","details":"MongoDB update on Reminder","userIp":"","userAgent":""}
{"timestamp":"2025-05-15T12:01:42.247Z","userId":0,"action":"update","resourceType":"Reminder","resourceId":"6825","details":"MongoDB update on Reminder","userIp":"","userAgent":""}
{"timestamp":"2025-05-15T12:01:42.252Z","userId":0,"action":"update","resourceType":"Reminder","resourceId":"6825","details":"MongoDB update on Reminder","userIp":"","userAgent":""}
{"timestamp":"2025-05-15T12:01:42.256Z","userId":0,"action":"update","resourceType":"Reminder","resourceId":"6825","details":"MongoDB update on Reminder","userIp":"","userAgent":""}
{"timestamp":"2025-05-15T12:01:42.261Z","userId":0,"action":"update","resourceType":"Reminder","resourceId":"6825","details":"MongoDB update on Reminder","userIp":"","userAgent":""}
{"timestamp":"2025-05-15T12:01:42.265Z","userId":0,"action":"update","resourceType":"Reminder","resourceId":"6825","details":"MongoDB update on Reminder","userIp":"","userAgent":""}
{"timestamp":"2025-05-15T12:01:42.269Z","userId":0,"action":"update","resourceType":"Reminder","resourceId":"6825","details":"MongoDB update on Reminder","userIp":"","userAgent":""}
{"timestamp":"2025-05-15T12:01:42.274Z","userId":0,"action":"update","resourceType":"Reminder","resourceId":"6825","details":"MongoDB update on Reminder","userIp":"","userAgent":""}
{"timestamp":"2025-05-15T12:01:42.278Z","userId":0,"action":"update","resourceType":"Reminder","resourceId":"6825","details":"MongoDB update on Reminder","userIp":"","userAgent":""}
{"timestamp":"2025-05-15T12:01:42.282Z","userId":0,"action":"update","resourceType":"Reminder","resourceId":"6825","details":"MongoDB update on Reminder","userIp":"","userAgent":""}
{"timestamp":"2025-05-15T12:01:42.286Z","userId":0,"action":"update","resourceType":"Reminder","resourceId":"6825","details":"MongoDB update on Reminder","userIp":"","userAgent":""}
{"timestamp":"2025-05-15T12:01:42.290Z","userId":0,"action":"update","resourceType":"Reminder","resourceId":"6825","details":"MongoDB update on Reminder","userIp":"","userAgent":""}
{"timestamp":"2025-05-15T12:01:42.294Z","userId":0,"action":"update","resourceType":"Reminder","resourceId":"6825","details":"MongoDB update on Reminder","userIp":"","userAgent":""}
{"timestamp":"2025-05-15T12:01:42.298Z","userId":0,"action":"update","resourceType":"Reminder","resourceId":"6825","details":"MongoDB update on Reminder","userIp":"","userAgent":""}
{"timestamp":"2025-05-15T12:01:42.302Z","userId":0,"action":"update","resourceType":"Reminder","resourceId":"6825","details":"MongoDB update on Reminder","userIp":"","userAgent":""}
{"timestamp":"2025-05-15T12:01:42.306Z","userId":0,"action":"update","resourceType":"Reminder","resourceId":"6825","details":"MongoDB update on Reminder","userIp":"","userAgent":""}
{"timestamp":"2025-05-15T12:01:42.309Z","userId":0,"action":"update","resourceType":"Reminder","resourceId":"6825","details":"MongoDB update on Reminder","userIp":"","userAgent":""}
{"timestamp":"2025-05-15T12:01:42.314Z","userId":0,"action":"update","resourceType":"Reminder","resourceId":"6825","details":"MongoDB update on Reminder","userIp":"","userAgent":""}
{"timestamp":"2025-05-15T12:01:42.317Z","userId":0,"action":"update","resourceType":"Reminder","resourceId":"6825","details":"MongoDB update on Reminder","userIp":"","userAgent":""}
{"timestamp":"2025-05-15T12:01:42.322Z","userId":0,"action":"update","resourceType":"Reminder","resourceId":"6825","details":"MongoDB update on Reminder","userIp":"","userAgent":""}
{"timestamp":"2025-05-15T12:01:42.326Z","userId":0,"action":"update","resourceType":"Reminder","resourceId":"6825","details":"MongoDB update on Reminder","userIp":"","userAgent":""}
{"timestamp":"2025-05-15T12:01:42.330Z","userId":0,"action":"update","resourceType":"Reminder","resourceId":"6825","details":"MongoDB update on Reminder","userIp":"","userAgent":""}
{"timestamp":"2025-05-15T12:01:42.334Z","userId":0,"action":"update","resourceType":"Reminder","resourceId":"6825","details":"MongoDB update on Reminder","userIp":"","userAgent":""}
{"timestamp":"2025-05-15T12:01:42.339Z","userId":0,"action":"update","resourceType":"Reminder","resourceId":"6825","details":"MongoDB update on Reminder","userIp":"","userAgent":""}
{"timestamp":"2025-05-15T12:01:42.343Z","userId":0,"action":"update","resourceType":"Reminder","resourceId":"6825","details":"MongoDB update on Reminder","userIp":"","userAgent":""}
{"timestamp":"2025-05-15T12:01:42.347Z","userId":0,"action":"update","resourceType":"Reminder","resourceId":"6825","details":"MongoDB update on Reminder","userIp":"","userAgent":""}
{"timestamp":"2025-05-15T12:01:42.352Z","userId":0,"action":"update","resourceType":"Reminder","resourceId":"6825","details":"MongoDB update on Reminder","userIp":"","userAgent":""}
{"timestamp":"2025-05-15T12:01:42.356Z","userId":0,"action":"update","resourceType":"Reminder","resourceId":"6825","details":"MongoDB update on Reminder","userIp":"","userAgent":""}
{"timestamp":"2025-05-15T12:01:42.359Z","userId":0,"action":"update","resourceType":"Reminder","resourceId":"6825","details":"MongoDB update on Reminder","userIp":"","userAgent":""}
{"timestamp":"2025-05-15T12:01:42.363Z","userId":0,"action":"update","resourceType":"Reminder","resourceId":"6825","details":"MongoDB update on Reminder","userIp":"","userAgent":""}
{"timestamp":"2025-05-15T12:01:42.367Z","userId":0,"action":"update","resourceType":"Reminder","resourceId":"6825","details":"MongoDB update on Reminder","userIp":"","userAgent":""}
{"timestamp":"2025-05-15T12:01:42.372Z","userId":0,"action":"update","resourceType":"Reminder","resourceId":"6825","details":"MongoDB update on Reminder","userIp":"","userAgent":""}
{"timestamp":"2025-05-15T12:01:42.376Z","userId":0,"action":"update","resourceType":"Reminder","resourceId":"6825","details":"MongoDB update on Reminder","userIp":"","userAgent":""}
{"timestamp":"2025-05-15T12:01:42.380Z","userId":0,"action":"update","resourceType":"Reminder","resourceId":"6825","details":"MongoDB update on Reminder","userIp":"","userAgent":""}
{"timestamp":"2025-05-15T12:01:42.384Z","userId":0,"action":"update","resourceType":"Reminder","resourceId":"6825","details":"MongoDB update on Reminder","userIp":"","userAgent":""}
{"timestamp":"2025-05-15T12:01:42.388Z","userId":0,"action":"update","resourceType":"Reminder","resourceId":"6825","details":"MongoDB update on Reminder","userIp":"","userAgent":""}
{"timestamp":"2025-05-15T12:01:42.392Z","userId":0,"action":"update","resourceType":"Reminder","resourceId":"6825","details":"MongoDB update on Reminder","userIp":"","userAgent":""}
{"timestamp":"2025-05-15T12:01:42.397Z","userId":0,"action":"update","resourceType":"Reminder","resourceId":"6825","details":"MongoDB update on Reminder","userIp":"","userAgent":""}
{"timestamp":"2025-05-15T12:01:42.403Z","userId":0,"action":"update","resourceType":"Reminder","resourceId":"6825","details":"MongoDB update on Reminder","userIp":"","userAgent":""}
{"timestamp":"2025-05-15T12:01:42.408Z","userId":0,"action":"update","resourceType":"Reminder","resourceId":"6825","details":"MongoDB update on Reminder","userIp":"","userAgent":""}
{"timestamp":"2025-05-15T12:01:42.415Z","userId":0,"action":"update","resourceType":"Reminder","resourceId":"6825","details":"MongoDB update on Reminder","userIp":"","userAgent":""}
{"timestamp":"2025-05-15T12:01:42.420Z","userId":0,"action":"update","resourceType":"Reminder","resourceId":"6825","details":"MongoDB update on Reminder","userIp":"","userAgent":""}
{"timestamp":"2025-05-15T12:01:42.427Z","userId":0,"action":"update","resourceType":"Reminder","resourceId":"6825","details":"MongoDB update on Reminder","userIp":"","userAgent":""}
{"timestamp":"2025-05-15T12:01:42.434Z","userId":0,"action":"update","resourceType":"Reminder","resourceId":"6825","details":"MongoDB update on Reminder","userIp":"","userAgent":""}
{"timestamp":"2025-05-15T12:01:42.440Z","userId":0,"action":"update","resourceType":"Reminder","resourceId":"6825","details":"MongoDB update on Reminder","userIp":"","userAgent":""}
{"timestamp":"2025-05-15T12:01:42.445Z","userId":0,"action":"update","resourceType":"Reminder","resourceId":"6825","details":"MongoDB update on Reminder","userIp":"","userAgent":""}
{"timestamp":"2025-05-15T12:01:42.452Z","userId":0,"action":"update","resourceType":"Reminder","resourceId":"6825","details":"MongoDB update on Reminder","userIp":"","userAgent":""}
{"timestamp":"2025-05-15T12:01:42.458Z","userId":0,"action":"update","resourceType":"Reminder","resourceId":"6825","details":"MongoDB update on Reminder","userIp":"","userAgent":""}
{"timestamp":"2025-05-15T12:01:42.462Z","userId":0,"action":"update","resourceType":"Reminder","resourceId":"6825","details":"MongoDB update on Reminder","userIp":"","userAgent":""}
{"timestamp":"2025-05-15T12:01:42.468Z","userId":0,"action":"update","resourceType":"Reminder","resourceId":"6825","details":"MongoDB update on Reminder","userIp":"","userAgent":""}
{"timestamp":"2025-05-15T12:01:42.473Z","userId":0,"action":"update","resourceType":"Reminder","resourceId":"6825","details":"MongoDB update on Reminder","userIp":"","userAgent":""}
{"timestamp":"2025-05-15T12:01:42.478Z","userId":0,"action":"update","resourceType":"Reminder","resourceId":"6825","details":"MongoDB update on Reminder","userIp":"","userAgent":""}
{"timestamp":"2025-05-15T12:01:42.484Z","userId":0,"action":"update","resourceType":"Reminder","resourceId":"6825","details":"MongoDB update on Reminder","userIp":"","userAgent":""}
{"timestamp":"2025-05-15T12:01:42.489Z","userId":0,"action":"update","resourceType":"Reminder","resourceId":"6825","details":"MongoDB update on Reminder","userIp":"","userAgent":""}
{"timestamp":"2025-05-15T12:01:42.495Z","userId":0,"action":"update","resourceType":"Reminder","resourceId":"6825","details":"MongoDB update on Reminder","userIp":"","userAgent":""}
{"timestamp":"2025-05-15T12:01:42.500Z","userId":0,"action":"update","resourceType":"Reminder","resourceId":"6825","details":"MongoDB update on Reminder","userIp":"","userAgent":""}
{"timestamp":"2025-05-15T12:01:42.504Z","userId":0,"action":"update","resourceType":"Reminder","resourceId":"6825","details":"MongoDB update on Reminder","userIp":"","userAgent":""}
{"timestamp":"2025-05-15T12:01:42.508Z","userId":0,"action":"update","resourceType":"Reminder","resourceId":"6825","details":"MongoDB update on Reminder","userIp":"","userAgent":""}
{"timestamp":"2025-05-15T12:01:42.512Z","userId":0,"action":"update","resourceType":"Reminder","resourceId":"6825","details":"MongoDB update on Reminder","userIp":"","userAgent":""}
{"timestamp":"2025-05-15T12:01:42.515Z","userId":0,"action":"update","resourceType":"Reminder","resourceId":"6825","details":"MongoDB update on Reminder","userIp":"","userAgent":""}
{"timestamp":"2025-05-15T12:01:42.519Z","userId":0,"action":"update","resourceType":"Reminder","resourceId":"6825","details":"MongoDB update on Reminder","userIp":"","userAgent":""}
{"timestamp":"2025-05-15T12:01:42.525Z","userId":0,"action":"update","resourceType":"Reminder","resourceId":"6825","details":"MongoDB update on Reminder","userIp":"","userAgent":""}
{"timestamp":"2025-05-15T12:01:42.530Z","userId":0,"action":"update","resourceType":"Reminder","resourceId":"6825","details":"MongoDB update on Reminder","userIp":"","userAgent":""}
{"timestamp":"2025-05-15T12:01:42.533Z","userId":0,"action":"update","resourceType":"Reminder","resourceId":"6825","details":"MongoDB update on Reminder","userIp":"","userAgent":""}
{"timestamp":"2025-05-15T12:01:42.537Z","userId":0,"action":"update","resourceType":"Reminder","resourceId":"6825","details":"MongoDB update on Reminder","userIp":"","userAgent":""}
{"timestamp":"2025-05-15T12:01:42.541Z","userId":0,"action":"update","resourceType":"Reminder","resourceId":"6825","details":"MongoDB update on Reminder","userIp":"","userAgent":""}
{"timestamp":"2025-05-15T12:01:42.545Z","userId":0,"action":"update","resourceType":"Reminder","resourceId":"6825","details":"MongoDB update on Reminder","userIp":"","userAgent":""}
{"timestamp":"2025-05-15T12:01:42.549Z","userId":0,"action":"update","resourceType":"Reminder","resourceId":"6825","details":"MongoDB update on Reminder","userIp":"","userAgent":""}
{"timestamp":"2025-05-15T12:01:42.554Z","userId":0,"action":"update","resourceType":"Reminder","resourceId":"6825","details":"MongoDB update on Reminder","userIp":"","userAgent":""}
{"timestamp":"2025-05-15T12:01:42.558Z","userId":0,"action":"update","resourceType":"Reminder","resourceId":"6825","details":"MongoDB update on Reminder","userIp":"","userAgent":""}
{"timestamp":"2025-05-15T12:01:42.562Z","userId":0,"action":"update","resourceType":"Reminder","resourceId":"6825","details":"MongoDB update on Reminder","userIp":"","userAgent":""}
{"timestamp":"2025-05-15T12:01:42.566Z","userId":0,"action":"update","resourceType":"Reminder","resourceId":"6825","details":"MongoDB update on Reminder","userIp":"","userAgent":""}
{"timestamp":"2025-05-15T12:01:42.571Z","userId":0,"action":"update","resourceType":"Reminder","resourceId":"6825","details":"MongoDB update on Reminder","userIp":"","userAgent":""}
{"timestamp":"2025-05-15T12:01:42.575Z","userId":0,"action":"update","resourceType":"Reminder","resourceId":"6825","details":"MongoDB update on Reminder","userIp":"","userAgent":""}
{"timestamp":"2025-05-15T12:01:42.579Z","userId":0,"action":"update","resourceType":"Reminder","resourceId":"6825","details":"MongoDB update on Reminder","userIp":"","userAgent":""}
{"timestamp":"2025-05-15T12:01:42.583Z","userId":0,"action":"update","resourceType":"Reminder","resourceId":"6825","details":"MongoDB update on Reminder","userIp":"","userAgent":""}
{"timestamp":"2025-05-15T12:01:42.587Z","userId":0,"action":"update","resourceType":"Reminder","resourceId":"6825","details":"MongoDB update on Reminder","userIp":"","userAgent":""}
{"timestamp":"2025-05-15T12:01:42.591Z","userId":0,"action":"update","resourceType":"Reminder","resourceId":"6825","details":"MongoDB update on Reminder","userIp":"","userAgent":""}
{"timestamp":"2025-05-15T12:01:42.594Z","userId":0,"action":"update","resourceType":"Reminder","resourceId":"6825","details":"MongoDB update on Reminder","userIp":"","userAgent":""}
{"timestamp":"2025-05-15T12:01:42.598Z","userId":0,"action":"update","resourceType":"Reminder","resourceId":"6825","details":"MongoDB update on Reminder","userIp":"","userAgent":""}
{"timestamp":"2025-05-15T12:01:42.603Z","userId":0,"action":"update","resourceType":"Reminder","resourceId":"6825","details":"MongoDB update on Reminder","userIp":"","userAgent":""}
{"timestamp":"2025-05-15T12:01:42.607Z","userId":0,"action":"update","resourceType":"Reminder","resourceId":"6825","details":"MongoDB update on Reminder","userIp":"","userAgent":""}
{"timestamp":"2025-05-15T12:01:42.610Z","userId":0,"action":"update","resourceType":"Reminder","resourceId":"6825","details":"MongoDB update on Reminder","userIp":"","userAgent":""}
{"timestamp":"2025-05-15T12:01:42.615Z","userId":0,"action":"update","resourceType":"Reminder","resourceId":"6825","details":"MongoDB update on Reminder","userIp":"","userAgent":""}
{"timestamp":"2025-05-15T12:01:42.618Z","userId":0,"action":"update","resourceType":"Reminder","resourceId":"6825","details":"MongoDB update on Reminder","userIp":"","userAgent":""}
{"timestamp":"2025-05-15T12:01:42.623Z","userId":0,"action":"update","resourceType":"Reminder","resourceId":"6825","details":"MongoDB update on Reminder","userIp":"","userAgent":""}
{"timestamp":"2025-05-15T12:01:42.627Z","userId":0,"action":"update","resourceType":"Reminder","resourceId":"6825","details":"MongoDB update on Reminder","userIp":"","userAgent":""}
{"timestamp":"2025-05-15T12:01:42.631Z","userId":0,"action":"update","resourceType":"Reminder","resourceId":"6825","details":"MongoDB update on Reminder","userIp":"","userAgent":""}
{"timestamp":"2025-05-15T12:01:42.634Z","userId":0,"action":"update","resourceType":"Reminder","resourceId":"6825","details":"MongoDB update on Reminder","userIp":"","userAgent":""}
{"timestamp":"2025-05-15T12:01:42.638Z","userId":0,"action":"update","resourceType":"Reminder","resourceId":"6825","details":"MongoDB update on Reminder","userIp":"","userAgent":""}
{"timestamp":"2025-05-15T12:01:42.642Z","userId":0,"action":"update","resourceType":"Reminder","resourceId":"6825","details":"MongoDB update on Reminder","userIp":"","userAgent":""}
{"timestamp":"2025-05-15T12:01:42.647Z","userId":0,"action":"update","resourceType":"Reminder","resourceId":"6825","details":"MongoDB update on Reminder","userIp":"","userAgent":""}
{"timestamp":"2025-05-15T12:01:42.652Z","userId":0,"action":"update","resourceType":"Reminder","resourceId":"6825","details":"MongoDB update on Reminder","userIp":"","userAgent":""}
{"timestamp":"2025-05-15T12:01:42.656Z","userId":0,"action":"update","resourceType":"Reminder","resourceId":"6825","details":"MongoDB update on Reminder","userIp":"","userAgent":""}
{"timestamp":"2025-05-15T12:01:42.660Z","userId":0,"action":"update","resourceType":"Reminder","resourceId":"6825","details":"MongoDB update on Reminder","userIp":"","userAgent":""}
{"timestamp":"2025-05-15T12:01:42.665Z","userId":0,"action":"update","resourceType":"Reminder","resourceId":"6825","details":"MongoDB update on Reminder","userIp":"","userAgent":""}
{"timestamp":"2025-05-15T12:01:42.669Z","userId":0,"action":"update","resourceType":"Reminder","resourceId":"6825","details":"MongoDB update on Reminder","userIp":"","userAgent":""}
{"timestamp":"2025-05-15T12:01:42.673Z","userId":0,"action":"update","resourceType":"Reminder","resourceId":"6825","details":"MongoDB update on Reminder","userIp":"","userAgent":""}
{"timestamp":"2025-05-15T12:01:42.677Z","userId":0,"action":"update","resourceType":"Reminder","resourceId":"6825","details":"MongoDB update on Reminder","userIp":"","userAgent":""}
{"timestamp":"2025-05-15T12:01:42.681Z","userId":0,"action":"update","resourceType":"Reminder","resourceId":"6825","details":"MongoDB update on Reminder","userIp":"","userAgent":""}
{"timestamp":"2025-05-15T12:01:42.685Z","userId":0,"action":"update","resourceType":"Reminder","resourceId":"6825","details":"MongoDB update on Reminder","userIp":"","userAgent":""}
{"timestamp":"2025-05-15T12:01:42.689Z","userId":0,"action":"update","resourceType":"Reminder","resourceId":"6825","details":"MongoDB update on Reminder","userIp":"","userAgent":""}
{"timestamp":"2025-05-15T12:01:42.692Z","userId":0,"action":"update","resourceType":"Reminder","resourceId":"6825","details":"MongoDB update on Reminder","userIp":"","userAgent":""}
{"timestamp":"2025-05-15T12:01:42.696Z","userId":0,"action":"update","resourceType":"Reminder","resourceId":"6825","details":"MongoDB update on Reminder","userIp":"","userAgent":""}
{"timestamp":"2025-05-15T12:01:42.700Z","userId":0,"action":"update","resourceType":"Reminder","resourceId":"6825","details":"MongoDB update on Reminder","userIp":"","userAgent":""}
{"timestamp":"2025-05-15T12:01:42.704Z","userId":0,"action":"update","resourceType":"Reminder","resourceId":"6825","details":"MongoDB update on Reminder","userIp":"","userAgent":""}
{"timestamp":"2025-05-15T12:01:42.708Z","userId":0,"action":"update","resourceType":"Reminder","resourceId":"6825","details":"MongoDB update on Reminder","userIp":"","userAgent":""}
{"timestamp":"2025-05-15T12:01:42.713Z","userId":0,"action":"update","resourceType":"Reminder","resourceId":"6825","details":"MongoDB update on Reminder","userIp":"","userAgent":""}
{"timestamp":"2025-05-15T12:01:42.716Z","userId":0,"action":"update","resourceType":"Reminder","resourceId":"6825","details":"MongoDB update on Reminder","userIp":"","userAgent":""}
{"timestamp":"2025-05-15T12:01:42.720Z","userId":0,"action":"update","resourceType":"Reminder","resourceId":"6825","details":"MongoDB update on Reminder","userIp":"","userAgent":""}
{"timestamp":"2025-05-15T12:01:42.724Z","userId":0,"action":"update","resourceType":"Reminder","resourceId":"6825","details":"MongoDB update on Reminder","userIp":"","userAgent":""}
{"timestamp":"2025-05-15T12:01:42.729Z","userId":0,"action":"update","resourceType":"Reminder","resourceId":"6825","details":"MongoDB update on Reminder","userIp":"","userAgent":""}
{"timestamp":"2025-05-15T12:01:42.732Z","userId":0,"action":"update","resourceType":"Reminder","resourceId":"6825","details":"MongoDB update on Reminder","userIp":"","userAgent":""}
{"timestamp":"2025-05-15T12:01:42.736Z","userId":0,"action":"update","resourceType":"Reminder","resourceId":"6825","details":"MongoDB update on Reminder","userIp":"","userAgent":""}
{"timestamp":"2025-05-15T12:01:42.741Z","userId":0,"action":"update","resourceType":"Reminder","resourceId":"6825","details":"MongoDB update on Reminder","userIp":"","userAgent":""}
{"timestamp":"2025-05-15T12:01:42.746Z","userId":0,"action":"update","resourceType":"Reminder","resourceId":"6825","details":"MongoDB update on Reminder","userIp":"","userAgent":""}
{"timestamp":"2025-05-15T12:01:42.750Z","userId":0,"action":"update","resourceType":"Reminder","resourceId":"6825","details":"MongoDB update on Reminder","userIp":"","userAgent":""}
{"timestamp":"2025-05-15T12:01:42.754Z","userId":0,"action":"update","resourceType":"Reminder","resourceId":"6825","details":"MongoDB update on Reminder","userIp":"","userAgent":""}
{"timestamp":"2025-05-15T12:01:42.758Z","userId":0,"action":"update","resourceType":"Reminder","resourceId":"6825","details":"MongoDB update on Reminder","userIp":"","userAgent":""}
{"timestamp":"2025-05-15T12:01:42.763Z","userId":0,"action":"update","resourceType":"Reminder","resourceId":"6825","details":"MongoDB update on Reminder","userIp":"","userAgent":""}
{"timestamp":"2025-05-15T12:01:42.767Z","userId":0,"action":"update","resourceType":"Reminder","resourceId":"6825","details":"MongoDB update on Reminder","userIp":"","userAgent":""}
{"timestamp":"2025-05-15T12:01:42.770Z","userId":0,"action":"update","resourceType":"Reminder","resourceId":"6825","details":"MongoDB update on Reminder","userIp":"","userAgent":""}
{"timestamp":"2025-05-15T12:01:42.774Z","userId":0,"action":"update","resourceType":"Reminder","resourceId":"6825","details":"MongoDB update on Reminder","userIp":"","userAgent":""}
{"timestamp":"2025-05-15T12:01:42.778Z","userId":0,"action":"update","resourceType":"Reminder","resourceId":"6825","details":"MongoDB update on Reminder","userIp":"","userAgent":""}
{"timestamp":"2025-05-15T12:01:42.782Z","userId":0,"action":"update","resourceType":"Reminder","resourceId":"6825","details":"MongoDB update on Reminder","userIp":"","userAgent":""}
{"timestamp":"2025-05-15T12:01:42.785Z","userId":0,"action":"update","resourceType":"Reminder","resourceId":"6825","details":"MongoDB update on Reminder","userIp":"","userAgent":""}
{"timestamp":"2025-05-15T12:01:42.790Z","userId":0,"action":"update","resourceType":"Reminder","resourceId":"6825","details":"MongoDB update on Reminder","userIp":"","userAgent":""}
{"timestamp":"2025-05-15T12:01:42.794Z","userId":0,"action":"update","resourceType":"Reminder","resourceId":"6825","details":"MongoDB update on Reminder","userIp":"","userAgent":""}
{"timestamp":"2025-05-15T12:01:42.797Z","userId":0,"action":"update","resourceType":"Reminder","resourceId":"6825","details":"MongoDB update on Reminder","userIp":"","userAgent":""}
{"timestamp":"2025-05-15T12:01:42.802Z","userId":0,"action":"update","resourceType":"Reminder","resourceId":"6825","details":"MongoDB update on Reminder","userIp":"","userAgent":""}
{"timestamp":"2025-05-15T12:01:42.805Z","userId":0,"action":"update","resourceType":"Reminder","resourceId":"6825","details":"MongoDB update on Reminder","userIp":"","userAgent":""}
{"timestamp":"2025-05-15T12:01:42.809Z","userId":0,"action":"update","resourceType":"Reminder","resourceId":"6825","details":"MongoDB update on Reminder","userIp":"","userAgent":""}
{"timestamp":"2025-05-15T12:01:42.813Z","userId":0,"action":"update","resourceType":"Reminder","resourceId":"6825","details":"MongoDB update on Reminder","userIp":"","userAgent":""}
{"timestamp":"2025-05-15T12:01:42.816Z","userId":0,"action":"update","resourceType":"Reminder","resourceId":"6825","details":"MongoDB update on Reminder","userIp":"","userAgent":""}
{"timestamp":"2025-05-15T12:01:42.820Z","userId":0,"action":"update","resourceType":"Reminder","resourceId":"6825","details":"MongoDB update on Reminder","userIp":"","userAgent":""}
{"timestamp":"2025-05-15T12:01:42.824Z","userId":0,"action":"update","resourceType":"Reminder","resourceId":"6825","details":"MongoDB update on Reminder","userIp":"","userAgent":""}
{"timestamp":"2025-05-15T12:01:42.828Z","userId":0,"action":"update","resourceType":"Reminder","resourceId":"6825","details":"MongoDB update on Reminder","userIp":"","userAgent":""}
{"timestamp":"2025-05-15T12:01:42.831Z","userId":0,"action":"update","resourceType":"Reminder","resourceId":"6825","details":"MongoDB update on Reminder","userIp":"","userAgent":""}
{"timestamp":"2025-05-15T12:01:42.835Z","userId":0,"action":"update","resourceType":"Reminder","resourceId":"6825","details":"MongoDB update on Reminder","userIp":"","userAgent":""}
{"timestamp":"2025-05-15T12:01:42.838Z","userId":0,"action":"update","resourceType":"Reminder","resourceId":"6825","details":"MongoDB update on Reminder","userIp":"","userAgent":""}
{"timestamp":"2025-05-15T12:01:42.842Z","userId":0,"action":"update","resourceType":"Reminder","resourceId":"6825","details":"MongoDB update on Reminder","userIp":"","userAgent":""}
{"timestamp":"2025-05-15T12:01:42.846Z","userId":0,"action":"update","resourceType":"Reminder","resourceId":"6825","details":"MongoDB update on Reminder","userIp":"","userAgent":""}
{"timestamp":"2025-05-15T12:01:42.850Z","userId":0,"action":"update","resourceType":"Reminder","resourceId":"6825","details":"MongoDB update on Reminder","userIp":"","userAgent":""}
{"timestamp":"2025-05-15T12:01:42.854Z","userId":0,"action":"update","resourceType":"Reminder","resourceId":"6825","details":"MongoDB update on Reminder","userIp":"","userAgent":""}
{"timestamp":"2025-05-15T12:01:42.859Z","userId":0,"action":"update","resourceType":"Reminder","resourceId":"6825","details":"MongoDB update on Reminder","userIp":"","userAgent":""}
{"timestamp":"2025-05-15T12:01:42.863Z","userId":0,"action":"update","resourceType":"Reminder","resourceId":"6825","details":"MongoDB update on Reminder","userIp":"","userAgent":""}
{"timestamp":"2025-05-15T12:01:42.867Z","userId":0,"action":"update","resourceType":"Reminder","resourceId":"6825","details":"MongoDB update on Reminder","userIp":"","userAgent":""}
{"timestamp":"2025-05-15T12:01:42.871Z","userId":0,"action":"update","resourceType":"Reminder","resourceId":"6825","details":"MongoDB update on Reminder","userIp":"","userAgent":""}
{"timestamp":"2025-05-15T12:01:42.875Z","userId":0,"action":"update","resourceType":"Reminder","resourceId":"6825","details":"MongoDB update on Reminder","userIp":"","userAgent":""}
{"timestamp":"2025-05-15T12:01:42.879Z","userId":0,"action":"update","resourceType":"Reminder","resourceId":"6825","details":"MongoDB update on Reminder","userIp":"","userAgent":""}
{"timestamp":"2025-05-15T12:01:42.883Z","userId":0,"action":"update","resourceType":"Reminder","resourceId":"6825","details":"MongoDB update on Reminder","userIp":"","userAgent":""}
{"timestamp":"2025-05-15T12:01:42.887Z","userId":0,"action":"update","resourceType":"Reminder","resourceId":"6825","details":"MongoDB update on Reminder","userIp":"","userAgent":""}
{"timestamp":"2025-05-15T12:01:42.891Z","userId":0,"action":"update","resourceType":"Reminder","resourceId":"6825","details":"MongoDB update on Reminder","userIp":"","userAgent":""}
{"timestamp":"2025-05-15T12:01:42.895Z","userId":0,"action":"update","resourceType":"Reminder","resourceId":"6825","details":"MongoDB update on Reminder","userIp":"","userAgent":""}
{"timestamp":"2025-05-15T12:01:42.899Z","userId":0,"action":"update","resourceType":"Reminder","resourceId":"6825","details":"MongoDB update on Reminder","userIp":"","userAgent":""}
{"timestamp":"2025-05-15T12:01:42.903Z","userId":0,"action":"update","resourceType":"Reminder","resourceId":"6825","details":"MongoDB update on Reminder","userIp":"","userAgent":""}
{"timestamp":"2025-05-15T12:01:42.907Z","userId":0,"action":"update","resourceType":"Reminder","resourceId":"6825","details":"MongoDB update on Reminder","userIp":"","userAgent":""}
{"timestamp":"2025-05-15T12:01:42.912Z","userId":0,"action":"update","resourceType":"Reminder","resourceId":"6825","details":"MongoDB update on Reminder","userIp":"","userAgent":""}
{"timestamp":"2025-05-15T12:01:42.917Z","userId":0,"action":"update","resourceType":"Reminder","resourceId":"6825","details":"MongoDB update on Reminder","userIp":"","userAgent":""}
{"timestamp":"2025-05-15T12:01:42.921Z","userId":0,"action":"update","resourceType":"Reminder","resourceId":"6825","details":"MongoDB update on Reminder","userIp":"","userAgent":""}
{"timestamp":"2025-05-15T12:01:42.925Z","userId":0,"action":"update","resourceType":"Reminder","resourceId":"6825","details":"MongoDB update on Reminder","userIp":"","userAgent":""}
{"timestamp":"2025-05-15T12:01:42.930Z","userId":0,"action":"update","resourceType":"Reminder","resourceId":"6825","details":"MongoDB update on Reminder","userIp":"","userAgent":""}
{"timestamp":"2025-05-15T12:01:42.936Z","userId":0,"action":"update","resourceType":"Reminder","resourceId":"6825","details":"MongoDB update on Reminder","userIp":"","userAgent":""}
{"timestamp":"2025-05-15T12:01:42.941Z","userId":0,"action":"update","resourceType":"Reminder","resourceId":"6825","details":"MongoDB update on Reminder","userIp":"","userAgent":""}
{"timestamp":"2025-05-15T12:01:42.946Z","userId":0,"action":"update","resourceType":"Reminder","resourceId":"6825","details":"MongoDB update on Reminder","userIp":"","userAgent":""}
{"timestamp":"2025-05-15T12:01:42.950Z","userId":0,"action":"update","resourceType":"Reminder","resourceId":"6825","details":"MongoDB update on Reminder","userIp":"","userAgent":""}
{"timestamp":"2025-05-15T12:01:42.955Z","userId":0,"action":"update","resourceType":"Reminder","resourceId":"6825","details":"MongoDB update on Reminder","userIp":"","userAgent":""}
{"timestamp":"2025-05-15T12:01:42.961Z","userId":0,"action":"update","resourceType":"Reminder","resourceId":"6825","details":"MongoDB update on Reminder","userIp":"","userAgent":""}
{"timestamp":"2025-05-15T12:01:42.967Z","userId":0,"action":"update","resourceType":"Reminder","resourceId":"6825","details":"MongoDB update on Reminder","userIp":"","userAgent":""}
{"timestamp":"2025-05-15T12:01:42.973Z","userId":0,"action":"update","resourceType":"Reminder","resourceId":"6825","details":"MongoDB update on Reminder","userIp":"","userAgent":""}
{"timestamp":"2025-05-15T12:01:42.978Z","userId":0,"action":"update","resourceType":"Reminder","resourceId":"6825","details":"MongoDB update on Reminder","userIp":"","userAgent":""}
{"timestamp":"2025-05-15T12:01:42.982Z","userId":0,"action":"update","resourceType":"Reminder","resourceId":"6825","details":"MongoDB update on Reminder","userIp":"","userAgent":""}
{"timestamp":"2025-05-15T12:01:42.987Z","userId":0,"action":"update","resourceType":"Reminder","resourceId":"6825","details":"MongoDB update on Reminder","userIp":"","userAgent":""}
{"timestamp":"2025-05-15T12:01:42.993Z","userId":0,"action":"update","resourceType":"Reminder","resourceId":"6825","details":"MongoDB update on Reminder","userIp":"","userAgent":""}
{"timestamp":"2025-05-15T12:01:43.013Z","userId":0,"action":"update","resourceType":"Reminder","resourceId":"6825","details":"MongoDB update on Reminder","userIp":"","userAgent":""}
{"timestamp":"2025-05-15T12:01:43.018Z","userId":0,"action":"update","resourceType":"Reminder","resourceId":"6825","details":"MongoDB update on Reminder","userIp":"","userAgent":""}
{"timestamp":"2025-05-15T12:01:43.024Z","userId":0,"action":"update","resourceType":"Reminder","resourceId":"6825","details":"MongoDB update on Reminder","userIp":"","userAgent":""}
{"timestamp":"2025-05-15T12:01:43.029Z","userId":0,"action":"update","resourceType":"Reminder","resourceId":"6825","details":"MongoDB update on Reminder","userIp":"","userAgent":""}
{"timestamp":"2025-05-15T12:01:43.034Z","userId":0,"action":"update","resourceType":"Reminder","resourceId":"6825","details":"MongoDB update on Reminder","userIp":"","userAgent":""}
{"timestamp":"2025-05-15T12:01:43.039Z","userId":0,"action":"update","resourceType":"Reminder","resourceId":"6825","details":"MongoDB update on Reminder","userIp":"","userAgent":""}
{"timestamp":"2025-05-15T12:01:43.044Z","userId":0,"action":"update","resourceType":"Reminder","resourceId":"6825","details":"MongoDB update on Reminder","userIp":"","userAgent":""}
{"timestamp":"2025-05-15T12:01:43.048Z","userId":0,"action":"update","resourceType":"Reminder","resourceId":"6825","details":"MongoDB update on Reminder","userIp":"","userAgent":""}
{"timestamp":"2025-05-15T12:01:43.053Z","userId":0,"action":"update","resourceType":"Reminder","resourceId":"6825","details":"MongoDB update on Reminder","userIp":"","userAgent":""}
{"timestamp":"2025-05-15T12:01:43.058Z","userId":0,"action":"update","resourceType":"Reminder","resourceId":"6825","details":"MongoDB update on Reminder","userIp":"","userAgent":""}
{"timestamp":"2025-05-15T12:01:43.062Z","userId":0,"action":"update","resourceType":"Reminder","resourceId":"6825","details":"MongoDB update on Reminder","userIp":"","userAgent":""}
{"timestamp":"2025-05-15T12:01:43.068Z","userId":0,"action":"update","resourceType":"Reminder","resourceId":"6825","details":"MongoDB update on Reminder","userIp":"","userAgent":""}
{"timestamp":"2025-05-15T12:01:43.073Z","userId":0,"action":"update","resourceType":"Reminder","resourceId":"6825","details":"MongoDB update on Reminder","userIp":"","userAgent":""}
{"timestamp":"2025-05-15T12:01:43.078Z","userId":0,"action":"update","resourceType":"Reminder","resourceId":"6825","details":"MongoDB update on Reminder","userIp":"","userAgent":""}
{"timestamp":"2025-05-15T12:01:43.083Z","userId":0,"action":"update","resourceType":"Reminder","resourceId":"6825","details":"MongoDB update on Reminder","userIp":"","userAgent":""}
{"timestamp":"2025-05-15T12:01:43.088Z","userId":0,"action":"update","resourceType":"Reminder","resourceId":"6825","details":"MongoDB update on Reminder","userIp":"","userAgent":""}
{"timestamp":"2025-05-15T12:01:43.093Z","userId":0,"action":"update","resourceType":"Reminder","resourceId":"6825","details":"MongoDB update on Reminder","userIp":"","userAgent":""}
{"timestamp":"2025-05-15T12:01:43.099Z","userId":0,"action":"update","resourceType":"Reminder","resourceId":"6825","details":"MongoDB update on Reminder","userIp":"","userAgent":""}
{"timestamp":"2025-05-15T12:01:43.103Z","userId":0,"action":"update","resourceType":"Reminder","resourceId":"6825","details":"MongoDB update on Reminder","userIp":"","userAgent":""}
{"timestamp":"2025-05-15T12:01:43.108Z","userId":0,"action":"update","resourceType":"Reminder","resourceId":"6825","details":"MongoDB update on Reminder","userIp":"","userAgent":""}
{"timestamp":"2025-05-15T12:01:43.113Z","userId":0,"action":"update","resourceType":"Reminder","resourceId":"6825","details":"MongoDB update on Reminder","userIp":"","userAgent":""}
{"timestamp":"2025-05-15T12:01:43.118Z","userId":0,"action":"update","resourceType":"Reminder","resourceId":"6825","details":"MongoDB update on Reminder","userIp":"","userAgent":""}
{"timestamp":"2025-05-15T12:01:43.125Z","userId":0,"action":"update","resourceType":"Reminder","resourceId":"6825","details":"MongoDB update on Reminder","userIp":"","userAgent":""}
{"timestamp":"2025-05-15T12:01:43.130Z","userId":0,"action":"update","resourceType":"Reminder","resourceId":"6825","details":"MongoDB update on Reminder","userIp":"","userAgent":""}
{"timestamp":"2025-05-15T12:01:43.135Z","userId":0,"action":"update","resourceType":"Reminder","resourceId":"6825","details":"MongoDB update on Reminder","userIp":"","userAgent":""}
{"timestamp":"2025-05-15T12:01:43.140Z","userId":0,"action":"update","resourceType":"Reminder","resourceId":"6825","details":"MongoDB update on Reminder","userIp":"","userAgent":""}
{"timestamp":"2025-05-15T12:01:43.146Z","userId":0,"action":"update","resourceType":"Reminder","resourceId":"6825","details":"MongoDB update on Reminder","userIp":"","userAgent":""}
{"timestamp":"2025-05-15T12:01:43.151Z","userId":0,"action":"update","resourceType":"Reminder","resourceId":"6825","details":"MongoDB update on Reminder","userIp":"","userAgent":""}
{"timestamp":"2025-05-15T12:01:43.156Z","userId":0,"action":"update","resourceType":"Reminder","resourceId":"6825","details":"MongoDB update on Reminder","userIp":"","userAgent":""}
{"timestamp":"2025-05-15T12:01:43.160Z","userId":0,"action":"update","resourceType":"Reminder","resourceId":"6825","details":"MongoDB update on Reminder","userIp":"","userAgent":""}
{"timestamp":"2025-05-15T12:01:43.166Z","userId":0,"action":"update","resourceType":"Reminder","resourceId":"6825","details":"MongoDB update on Reminder","userIp":"","userAgent":""}
{"timestamp":"2025-05-15T12:01:43.171Z","userId":0,"action":"update","resourceType":"Reminder","resourceId":"6825","details":"MongoDB update on Reminder","userIp":"","userAgent":""}
{"timestamp":"2025-05-15T12:01:43.176Z","userId":0,"action":"update","resourceType":"Reminder","resourceId":"6825","details":"MongoDB update on Reminder","userIp":"","userAgent":""}
{"timestamp":"2025-05-15T12:01:43.181Z","userId":0,"action":"update","resourceType":"Reminder","resourceId":"6825","details":"MongoDB update on Reminder","userIp":"","userAgent":""}
{"timestamp":"2025-05-15T12:01:43.187Z","userId":0,"action":"update","resourceType":"Reminder","resourceId":"6825","details":"MongoDB update on Reminder","userIp":"","userAgent":""}
{"timestamp":"2025-05-15T12:01:43.192Z","userId":0,"action":"update","resourceType":"Reminder","resourceId":"6825","details":"MongoDB update on Reminder","userIp":"","userAgent":""}
{"timestamp":"2025-05-15T12:01:43.197Z","userId":0,"action":"update","resourceType":"Reminder","resourceId":"6825","details":"MongoDB update on Reminder","userIp":"","userAgent":""}
{"timestamp":"2025-05-15T12:01:43.202Z","userId":0,"action":"update","resourceType":"Reminder","resourceId":"6825","details":"MongoDB update on Reminder","userIp":"","userAgent":""}
{"timestamp":"2025-05-15T12:01:43.206Z","userId":0,"action":"update","resourceType":"Reminder","resourceId":"6825","details":"MongoDB update on Reminder","userIp":"","userAgent":""}
{"timestamp":"2025-05-15T12:01:43.211Z","userId":0,"action":"update","resourceType":"Reminder","resourceId":"6825","details":"MongoDB update on Reminder","userIp":"","userAgent":""}
{"timestamp":"2025-05-15T12:01:43.215Z","userId":0,"action":"update","resourceType":"Reminder","resourceId":"6825","details":"MongoDB update on Reminder","userIp":"","userAgent":""}
{"timestamp":"2025-05-15T12:01:43.218Z","userId":0,"action":"update","resourceType":"Reminder","resourceId":"6825","details":"MongoDB update on Reminder","userIp":"","userAgent":""}
{"timestamp":"2025-05-15T12:01:43.223Z","userId":0,"action":"update","resourceType":"Reminder","resourceId":"6825","details":"MongoDB update on Reminder","userIp":"","userAgent":""}
{"timestamp":"2025-05-15T12:01:43.227Z","userId":0,"action":"update","resourceType":"Reminder","resourceId":"6825","details":"MongoDB update on Reminder","userIp":"","userAgent":""}
{"timestamp":"2025-05-15T12:01:43.232Z","userId":0,"action":"update","resourceType":"Reminder","resourceId":"6825","details":"MongoDB update on Reminder","userIp":"","userAgent":""}
{"timestamp":"2025-05-15T12:01:43.237Z","userId":0,"action":"update","resourceType":"Reminder","resourceId":"6825","details":"MongoDB update on Reminder","userIp":"","userAgent":""}
{"timestamp":"2025-05-15T12:01:43.242Z","userId":0,"action":"update","resourceType":"Reminder","resourceId":"6825","details":"MongoDB update on Reminder","userIp":"","userAgent":""}
{"timestamp":"2025-05-15T12:01:43.247Z","userId":0,"action":"update","resourceType":"Reminder","resourceId":"6825","details":"MongoDB update on Reminder","userIp":"","userAgent":""}
{"timestamp":"2025-05-15T12:01:43.252Z","userId":0,"action":"update","resourceType":"Reminder","resourceId":"6825","details":"MongoDB update on Reminder","userIp":"","userAgent":""}
{"timestamp":"2025-05-15T12:01:43.258Z","userId":0,"action":"update","resourceType":"Reminder","resourceId":"6825","details":"MongoDB update on Reminder","userIp":"","userAgent":""}
{"timestamp":"2025-05-15T12:01:43.264Z","userId":0,"action":"update","resourceType":"Reminder","resourceId":"6825","details":"MongoDB update on Reminder","userIp":"","userAgent":""}
{"timestamp":"2025-05-15T12:01:43.268Z","userId":0,"action":"update","resourceType":"Reminder","resourceId":"6825","details":"MongoDB update on Reminder","userIp":"","userAgent":""}
{"timestamp":"2025-05-15T12:01:43.273Z","userId":0,"action":"update","resourceType":"Reminder","resourceId":"6825","details":"MongoDB update on Reminder","userIp":"","userAgent":""}
{"timestamp":"2025-05-15T12:01:43.279Z","userId":0,"action":"update","resourceType":"Reminder","resourceId":"6825","details":"MongoDB update on Reminder","userIp":"","userAgent":""}
{"timestamp":"2025-05-15T12:01:43.286Z","userId":0,"action":"update","resourceType":"Reminder","resourceId":"6825","details":"MongoDB update on Reminder","userIp":"","userAgent":""}
{"timestamp":"2025-05-15T12:01:43.294Z","userId":0,"action":"update","resourceType":"Reminder","resourceId":"6825","details":"MongoDB update on Reminder","userIp":"","userAgent":""}
{"timestamp":"2025-05-15T12:01:43.302Z","userId":0,"action":"update","resourceType":"Reminder","resourceId":"6825","details":"MongoDB update on Reminder","userIp":"","userAgent":""}
{"timestamp":"2025-05-15T12:01:43.308Z","userId":0,"action":"update","resourceType":"Reminder","resourceId":"6825","details":"MongoDB update on Reminder","userIp":"","userAgent":""}
{"timestamp":"2025-05-15T12:01:43.315Z","userId":0,"action":"update","resourceType":"Reminder","resourceId":"6825","details":"MongoDB update on Reminder","userIp":"","userAgent":""}
{"timestamp":"2025-05-15T12:01:43.321Z","userId":0,"action":"update","resourceType":"Reminder","resourceId":"6825","details":"MongoDB update on Reminder","userIp":"","userAgent":""}
{"timestamp":"2025-05-15T12:01:43.327Z","userId":0,"action":"update","resourceType":"Reminder","resourceId":"6825","details":"MongoDB update on Reminder","userIp":"","userAgent":""}
{"timestamp":"2025-05-15T12:01:43.332Z","userId":0,"action":"update","resourceType":"Reminder","resourceId":"6825","details":"MongoDB update on Reminder","userIp":"","userAgent":""}
{"timestamp":"2025-05-15T12:01:43.338Z","userId":0,"action":"update","resourceType":"Reminder","resourceId":"6825","details":"MongoDB update on Reminder","userIp":"","userAgent":""}
{"timestamp":"2025-05-15T12:01:43.344Z","userId":0,"action":"update","resourceType":"Reminder","resourceId":"6825","details":"MongoDB update on Reminder","userIp":"","userAgent":""}
{"timestamp":"2025-05-15T12:01:43.351Z","userId":0,"action":"update","resourceType":"Reminder","resourceId":"6825","details":"MongoDB update on Reminder","userIp":"","userAgent":""}
{"timestamp":"2025-05-15T12:01:43.357Z","userId":0,"action":"update","resourceType":"Reminder","resourceId":"6825","details":"MongoDB update on Reminder","userIp":"","userAgent":""}
{"timestamp":"2025-05-15T12:01:43.364Z","userId":0,"action":"update","resourceType":"Reminder","resourceId":"6825","details":"MongoDB update on Reminder","userIp":"","userAgent":""}
{"timestamp":"2025-05-15T12:01:43.371Z","userId":0,"action":"update","resourceType":"Reminder","resourceId":"6825","details":"MongoDB update on Reminder","userIp":"","userAgent":""}
{"timestamp":"2025-05-15T12:01:43.378Z","userId":0,"action":"update","resourceType":"Reminder","resourceId":"6825","details":"MongoDB update on Reminder","userIp":"","userAgent":""}
{"timestamp":"2025-05-15T12:01:43.382Z","userId":0,"action":"update","resourceType":"Reminder","resourceId":"6825","details":"MongoDB update on Reminder","userIp":"","userAgent":""}
{"timestamp":"2025-05-15T12:01:43.388Z","userId":0,"action":"update","resourceType":"Reminder","resourceId":"6825","details":"MongoDB update on Reminder","userIp":"","userAgent":""}
{"timestamp":"2025-05-15T12:01:43.393Z","userId":0,"action":"update","resourceType":"Reminder","resourceId":"6825","details":"MongoDB update on Reminder","userIp":"","userAgent":""}
{"timestamp":"2025-05-15T12:01:43.398Z","userId":0,"action":"update","resourceType":"Reminder","resourceId":"6825","details":"MongoDB update on Reminder","userIp":"","userAgent":""}
{"timestamp":"2025-05-15T12:01:43.402Z","userId":0,"action":"update","resourceType":"Reminder","resourceId":"6825","details":"MongoDB update on Reminder","userIp":"","userAgent":""}
{"timestamp":"2025-05-15T12:01:43.408Z","userId":0,"action":"update","resourceType":"Reminder","resourceId":"6825","details":"MongoDB update on Reminder","userIp":"","userAgent":""}
{"timestamp":"2025-05-15T12:01:43.414Z","userId":0,"action":"update","resourceType":"Reminder","resourceId":"6825","details":"MongoDB update on Reminder","userIp":"","userAgent":""}
{"timestamp":"2025-05-15T12:01:43.420Z","userId":0,"action":"update","resourceType":"Reminder","resourceId":"6825","details":"MongoDB update on Reminder","userIp":"","userAgent":""}
{"timestamp":"2025-05-15T12:01:43.424Z","userId":0,"action":"update","resourceType":"Reminder","resourceId":"6825","details":"MongoDB update on Reminder","userIp":"","userAgent":""}
{"timestamp":"2025-05-15T12:01:43.429Z","userId":0,"action":"update","resourceType":"Reminder","resourceId":"6825","details":"MongoDB update on Reminder","userIp":"","userAgent":""}
{"timestamp":"2025-05-15T12:01:43.433Z","userId":0,"action":"update","resourceType":"Reminder","resourceId":"6825","details":"MongoDB update on Reminder","userIp":"","userAgent":""}
{"timestamp":"2025-05-15T12:01:43.438Z","userId":0,"action":"update","resourceType":"Reminder","resourceId":"6825","details":"MongoDB update on Reminder","userIp":"","userAgent":""}
{"timestamp":"2025-05-15T12:01:43.443Z","userId":0,"action":"update","resourceType":"Reminder","resourceId":"6825","details":"MongoDB update on Reminder","userIp":"","userAgent":""}
{"timestamp":"2025-05-15T12:01:43.449Z","userId":0,"action":"update","resourceType":"Reminder","resourceId":"6825","details":"MongoDB update on Reminder","userIp":"","userAgent":""}
{"timestamp":"2025-05-15T12:01:43.454Z","userId":0,"action":"update","resourceType":"Reminder","resourceId":"6825","details":"MongoDB update on Reminder","userIp":"","userAgent":""}
{"timestamp":"2025-05-15T12:01:43.459Z","userId":0,"action":"update","resourceType":"Reminder","resourceId":"6825","details":"MongoDB update on Reminder","userIp":"","userAgent":""}
{"timestamp":"2025-05-15T12:01:43.463Z","userId":0,"action":"update","resourceType":"Reminder","resourceId":"6825","details":"MongoDB update on Reminder","userIp":"","userAgent":""}
{"timestamp":"2025-05-15T12:01:43.469Z","userId":0,"action":"update","resourceType":"Reminder","resourceId":"6825","details":"MongoDB update on Reminder","userIp":"","userAgent":""}
{"timestamp":"2025-05-15T12:01:43.474Z","userId":0,"action":"update","resourceType":"Reminder","resourceId":"6825","details":"MongoDB update on Reminder","userIp":"","userAgent":""}
{"timestamp":"2025-05-15T12:01:43.480Z","userId":0,"action":"update","resourceType":"Reminder","resourceId":"6825","details":"MongoDB update on Reminder","userIp":"","userAgent":""}
{"timestamp":"2025-05-15T12:01:43.485Z","userId":0,"action":"update","resourceType":"Reminder","resourceId":"6825","details":"MongoDB update on Reminder","userIp":"","userAgent":""}
{"timestamp":"2025-05-15T12:01:43.490Z","userId":0,"action":"update","resourceType":"Reminder","resourceId":"6825","details":"MongoDB update on Reminder","userIp":"","userAgent":""}
{"timestamp":"2025-05-15T12:01:43.495Z","userId":0,"action":"update","resourceType":"Reminder","resourceId":"6825","details":"MongoDB update on Reminder","userIp":"","userAgent":""}
{"timestamp":"2025-05-15T12:01:43.499Z","userId":0,"action":"update","resourceType":"Reminder","resourceId":"6825","details":"MongoDB update on Reminder","userIp":"","userAgent":""}
{"timestamp":"2025-05-15T12:01:43.504Z","userId":0,"action":"update","resourceType":"Reminder","resourceId":"6825","details":"MongoDB update on Reminder","userIp":"","userAgent":""}
{"timestamp":"2025-05-15T12:01:43.509Z","userId":0,"action":"update","resourceType":"Reminder","resourceId":"6825","details":"MongoDB update on Reminder","userIp":"","userAgent":""}
{"timestamp":"2025-05-15T12:01:43.514Z","userId":0,"action":"update","resourceType":"Reminder","resourceId":"6825","details":"MongoDB update on Reminder","userIp":"","userAgent":""}
{"timestamp":"2025-05-15T12:01:43.519Z","userId":0,"action":"update","resourceType":"Reminder","resourceId":"6825","details":"MongoDB update on Reminder","userIp":"","userAgent":""}
{"timestamp":"2025-05-15T12:01:43.523Z","userId":0,"action":"update","resourceType":"Reminder","resourceId":"6825","details":"MongoDB update on Reminder","userIp":"","userAgent":""}
{"timestamp":"2025-05-15T12:01:43.528Z","userId":0,"action":"update","resourceType":"Reminder","resourceId":"6825","details":"MongoDB update on Reminder","userIp":"","userAgent":""}
{"timestamp":"2025-05-15T12:01:43.532Z","userId":0,"action":"update","resourceType":"Reminder","resourceId":"6825","details":"MongoDB update on Reminder","userIp":"","userAgent":""}
{"timestamp":"2025-05-15T12:01:43.536Z","userId":0,"action":"update","resourceType":"Reminder","resourceId":"6825","details":"MongoDB update on Reminder","userIp":"","userAgent":""}
{"timestamp":"2025-05-15T12:01:43.540Z","userId":0,"action":"update","resourceType":"Reminder","resourceId":"6825","details":"MongoDB update on Reminder","userIp":"","userAgent":""}
{"timestamp":"2025-05-15T12:01:43.545Z","userId":0,"action":"update","resourceType":"Reminder","resourceId":"6825","details":"MongoDB update on Reminder","userIp":"","userAgent":""}
{"timestamp":"2025-05-15T12:01:43.549Z","userId":0,"action":"update","resourceType":"Reminder","resourceId":"6825","details":"MongoDB update on Reminder","userIp":"","userAgent":""}
{"timestamp":"2025-05-15T12:01:43.553Z","userId":0,"action":"update","resourceType":"Reminder","resourceId":"6825","details":"MongoDB update on Reminder","userIp":"","userAgent":""}
{"timestamp":"2025-05-15T12:01:43.557Z","userId":0,"action":"update","resourceType":"Reminder","resourceId":"6825","details":"MongoDB update on Reminder","userIp":"","userAgent":""}
{"timestamp":"2025-05-15T12:01:43.561Z","userId":0,"action":"update","resourceType":"Reminder","resourceId":"6825","details":"MongoDB update on Reminder","userIp":"","userAgent":""}
{"timestamp":"2025-05-15T12:01:43.565Z","userId":0,"action":"update","resourceType":"Reminder","resourceId":"6825","details":"MongoDB update on Reminder","userIp":"","userAgent":""}
{"timestamp":"2025-05-15T12:01:43.570Z","userId":0,"action":"update","resourceType":"Reminder","resourceId":"6825","details":"MongoDB update on Reminder","userIp":"","userAgent":""}
{"timestamp":"2025-05-15T12:01:43.575Z","userId":0,"action":"update","resourceType":"Reminder","resourceId":"6825","details":"MongoDB update on Reminder","userIp":"","userAgent":""}
{"timestamp":"2025-05-15T12:01:43.579Z","userId":0,"action":"update","resourceType":"Reminder","resourceId":"6825","details":"MongoDB update on Reminder","userIp":"","userAgent":""}
{"timestamp":"2025-05-15T12:01:43.583Z","userId":0,"action":"update","resourceType":"Reminder","resourceId":"6825","details":"MongoDB update on Reminder","userIp":"","userAgent":""}
{"timestamp":"2025-05-15T12:01:43.588Z","userId":0,"action":"update","resourceType":"Reminder","resourceId":"6825","details":"MongoDB update on Reminder","userIp":"","userAgent":""}
{"timestamp":"2025-05-15T12:01:43.593Z","userId":0,"action":"update","resourceType":"Reminder","resourceId":"6825","details":"MongoDB update on Reminder","userIp":"","userAgent":""}
{"timestamp":"2025-05-15T12:01:43.597Z","userId":0,"action":"update","resourceType":"Reminder","resourceId":"6825","details":"MongoDB update on Reminder","userIp":"","userAgent":""}
{"timestamp":"2025-05-15T12:01:43.603Z","userId":0,"action":"update","resourceType":"Reminder","resourceId":"6825","details":"MongoDB update on Reminder","userIp":"","userAgent":""}
{"timestamp":"2025-05-15T12:01:43.609Z","userId":0,"action":"update","resourceType":"Reminder","resourceId":"6825","details":"MongoDB update on Reminder","userIp":"","userAgent":""}
{"timestamp":"2025-05-15T12:01:43.612Z","userId":0,"action":"update","resourceType":"Reminder","resourceId":"6825","details":"MongoDB update on Reminder","userIp":"","userAgent":""}
{"timestamp":"2025-05-15T12:01:43.617Z","userId":0,"action":"update","resourceType":"Reminder","resourceId":"6825","details":"MongoDB update on Reminder","userIp":"","userAgent":""}
{"timestamp":"2025-05-15T12:01:43.622Z","userId":0,"action":"update","resourceType":"Reminder","resourceId":"6825","details":"MongoDB update on Reminder","userIp":"","userAgent":""}
{"timestamp":"2025-05-15T12:01:43.626Z","userId":0,"action":"update","resourceType":"Reminder","resourceId":"6825","details":"MongoDB update on Reminder","userIp":"","userAgent":""}
{"timestamp":"2025-05-15T12:01:43.631Z","userId":0,"action":"update","resourceType":"Reminder","resourceId":"6825","details":"MongoDB update on Reminder","userIp":"","userAgent":""}
{"timestamp":"2025-05-15T12:01:43.636Z","userId":0,"action":"update","resourceType":"Reminder","resourceId":"6825","details":"MongoDB update on Reminder","userIp":"","userAgent":""}
{"timestamp":"2025-05-15T12:01:43.641Z","userId":0,"action":"update","resourceType":"Reminder","resourceId":"6825","details":"MongoDB update on Reminder","userIp":"","userAgent":""}
{"timestamp":"2025-05-15T12:01:43.645Z","userId":0,"action":"update","resourceType":"Reminder","resourceId":"6825","details":"MongoDB update on Reminder","userIp":"","userAgent":""}
{"timestamp":"2025-05-15T12:01:43.648Z","userId":0,"action":"update","resourceType":"Reminder","resourceId":"6825","details":"MongoDB update on Reminder","userIp":"","userAgent":""}
{"timestamp":"2025-05-15T12:01:43.653Z","userId":0,"action":"update","resourceType":"Reminder","resourceId":"6825","details":"MongoDB update on Reminder","userIp":"","userAgent":""}
{"timestamp":"2025-05-15T12:01:43.659Z","userId":0,"action":"update","resourceType":"Reminder","resourceId":"6825","details":"MongoDB update on Reminder","userIp":"","userAgent":""}
{"timestamp":"2025-05-15T12:01:43.663Z","userId":0,"action":"update","resourceType":"Reminder","resourceId":"6825","details":"MongoDB update on Reminder","userIp":"","userAgent":""}
{"timestamp":"2025-05-15T12:01:43.667Z","userId":0,"action":"update","resourceType":"Reminder","resourceId":"6825","details":"MongoDB update on Reminder","userIp":"","userAgent":""}
{"timestamp":"2025-05-15T12:01:43.671Z","userId":0,"action":"update","resourceType":"Reminder","resourceId":"6825","details":"MongoDB update on Reminder","userIp":"","userAgent":""}
{"timestamp":"2025-05-15T12:01:43.675Z","userId":0,"action":"update","resourceType":"Reminder","resourceId":"6825","details":"MongoDB update on Reminder","userIp":"","userAgent":""}
{"timestamp":"2025-05-15T12:01:43.679Z","userId":0,"action":"update","resourceType":"Reminder","resourceId":"6825","details":"MongoDB update on Reminder","userIp":"","userAgent":""}
{"timestamp":"2025-05-15T12:01:43.685Z","userId":0,"action":"update","resourceType":"Reminder","resourceId":"6825","details":"MongoDB update on Reminder","userIp":"","userAgent":""}
{"timestamp":"2025-05-15T12:01:43.690Z","userId":0,"action":"update","resourceType":"Reminder","resourceId":"6825","details":"MongoDB update on Reminder","userIp":"","userAgent":""}
{"timestamp":"2025-05-15T12:01:43.695Z","userId":0,"action":"update","resourceType":"Reminder","resourceId":"6825","details":"MongoDB update on Reminder","userIp":"","userAgent":""}
{"timestamp":"2025-05-15T12:01:43.700Z","userId":0,"action":"update","resourceType":"Reminder","resourceId":"6825","details":"MongoDB update on Reminder","userIp":"","userAgent":""}
{"timestamp":"2025-05-15T12:01:43.707Z","userId":0,"action":"update","resourceType":"Reminder","resourceId":"6825","details":"MongoDB update on Reminder","userIp":"","userAgent":""}
{"timestamp":"2025-05-15T12:01:43.711Z","userId":0,"action":"update","resourceType":"Reminder","resourceId":"6825","details":"MongoDB update on Reminder","userIp":"","userAgent":""}
{"timestamp":"2025-05-15T12:01:43.717Z","userId":0,"action":"update","resourceType":"Reminder","resourceId":"6825","details":"MongoDB update on Reminder","userIp":"","userAgent":""}
{"timestamp":"2025-05-15T12:01:43.721Z","userId":0,"action":"update","resourceType":"Reminder","resourceId":"6825","details":"MongoDB update on Reminder","userIp":"","userAgent":""}
{"timestamp":"2025-05-15T12:01:43.725Z","userId":0,"action":"update","resourceType":"Reminder","resourceId":"6825","details":"MongoDB update on Reminder","userIp":"","userAgent":""}
{"timestamp":"2025-05-15T12:01:43.729Z","userId":0,"action":"update","resourceType":"Reminder","resourceId":"6825","details":"MongoDB update on Reminder","userIp":"","userAgent":""}
{"timestamp":"2025-05-15T12:01:43.735Z","userId":0,"action":"update","resourceType":"Reminder","resourceId":"6825","details":"MongoDB update on Reminder","userIp":"","userAgent":""}
{"timestamp":"2025-05-15T12:01:43.740Z","userId":0,"action":"update","resourceType":"Reminder","resourceId":"6825","details":"MongoDB update on Reminder","userIp":"","userAgent":""}
{"timestamp":"2025-05-15T12:01:43.747Z","userId":0,"action":"update","resourceType":"Reminder","resourceId":"6825","details":"MongoDB update on Reminder","userIp":"","userAgent":""}
{"timestamp":"2025-05-15T12:01:43.754Z","userId":0,"action":"update","resourceType":"Reminder","resourceId":"6825","details":"MongoDB update on Reminder","userIp":"","userAgent":""}
{"timestamp":"2025-05-15T12:01:43.761Z","userId":0,"action":"update","resourceType":"Reminder","resourceId":"6825","details":"MongoDB update on Reminder","userIp":"","userAgent":""}
{"timestamp":"2025-05-15T12:01:43.768Z","userId":0,"action":"update","resourceType":"Reminder","resourceId":"6825","details":"MongoDB update on Reminder","userIp":"","userAgent":""}
{"timestamp":"2025-05-15T12:01:43.774Z","userId":0,"action":"update","resourceType":"Reminder","resourceId":"6825","details":"MongoDB update on Reminder","userIp":"","userAgent":""}
{"timestamp":"2025-05-15T12:01:43.781Z","userId":0,"action":"update","resourceType":"Reminder","resourceId":"6825","details":"MongoDB update on Reminder","userIp":"","userAgent":""}
{"timestamp":"2025-05-15T12:01:43.788Z","userId":0,"action":"update","resourceType":"Reminder","resourceId":"6825","details":"MongoDB update on Reminder","userIp":"","userAgent":""}
{"timestamp":"2025-05-15T12:01:43.794Z","userId":0,"action":"update","resourceType":"Reminder","resourceId":"6825","details":"MongoDB update on Reminder","userIp":"","userAgent":""}
{"timestamp":"2025-05-15T12:01:43.801Z","userId":0,"action":"update","resourceType":"Reminder","resourceId":"6825","details":"MongoDB update on Reminder","userIp":"","userAgent":""}
{"timestamp":"2025-05-15T12:01:43.806Z","userId":0,"action":"update","resourceType":"Reminder","resourceId":"6825","details":"MongoDB update on Reminder","userIp":"","userAgent":""}
{"timestamp":"2025-05-15T12:01:43.812Z","userId":0,"action":"update","resourceType":"Reminder","resourceId":"6825","details":"MongoDB update on Reminder","userIp":"","userAgent":""}
{"timestamp":"2025-05-15T12:01:43.819Z","userId":0,"action":"update","resourceType":"Reminder","resourceId":"6825","details":"MongoDB update on Reminder","userIp":"","userAgent":""}
{"timestamp":"2025-05-15T12:01:43.825Z","userId":0,"action":"update","resourceType":"Reminder","resourceId":"6825","details":"MongoDB update on Reminder","userIp":"","userAgent":""}
{"timestamp":"2025-05-15T12:01:43.832Z","userId":0,"action":"update","resourceType":"Reminder","resourceId":"6825","details":"MongoDB update on Reminder","userIp":"","userAgent":""}
{"timestamp":"2025-05-15T12:01:43.839Z","userId":0,"action":"update","resourceType":"Reminder","resourceId":"6825","details":"MongoDB update on Reminder","userIp":"","userAgent":""}
{"timestamp":"2025-05-15T12:01:43.846Z","userId":0,"action":"update","resourceType":"Reminder","resourceId":"6825","details":"MongoDB update on Reminder","userIp":"","userAgent":""}
{"timestamp":"2025-05-15T12:01:43.853Z","userId":0,"action":"update","resourceType":"Reminder","resourceId":"6825","details":"MongoDB update on Reminder","userIp":"","userAgent":""}
{"timestamp":"2025-05-15T12:01:43.860Z","userId":0,"action":"update","resourceType":"Reminder","resourceId":"6825","details":"MongoDB update on Reminder","userIp":"","userAgent":""}
{"timestamp":"2025-05-15T12:01:43.868Z","userId":0,"action":"update","resourceType":"Reminder","resourceId":"6825","details":"MongoDB update on Reminder","userIp":"","userAgent":""}
{"timestamp":"2025-05-15T12:01:43.873Z","userId":0,"action":"update","resourceType":"Reminder","resourceId":"6825","details":"MongoDB update on Reminder","userIp":"","userAgent":""}
{"timestamp":"2025-05-15T12:01:43.880Z","userId":0,"action":"update","resourceType":"Reminder","resourceId":"6825","details":"MongoDB update on Reminder","userIp":"","userAgent":""}
{"timestamp":"2025-05-15T12:01:43.887Z","userId":0,"action":"update","resourceType":"Reminder","resourceId":"6825","details":"MongoDB update on Reminder","userIp":"","userAgent":""}
{"timestamp":"2025-05-15T12:01:43.894Z","userId":0,"action":"update","resourceType":"Reminder","resourceId":"6825","details":"MongoDB update on Reminder","userIp":"","userAgent":""}
{"timestamp":"2025-05-15T12:01:43.900Z","userId":0,"action":"update","resourceType":"Reminder","resourceId":"6825","details":"MongoDB update on Reminder","userIp":"","userAgent":""}
{"timestamp":"2025-05-15T12:01:43.906Z","userId":0,"action":"update","resourceType":"Reminder","resourceId":"6825","details":"MongoDB update on Reminder","userIp":"","userAgent":""}
{"timestamp":"2025-05-15T12:01:43.911Z","userId":0,"action":"update","resourceType":"Reminder","resourceId":"6825","details":"MongoDB update on Reminder","userIp":"","userAgent":""}
{"timestamp":"2025-05-15T12:01:43.917Z","userId":0,"action":"update","resourceType":"Reminder","resourceId":"6825","details":"MongoDB update on Reminder","userIp":"","userAgent":""}
{"timestamp":"2025-05-15T12:01:43.921Z","userId":0,"action":"update","resourceType":"Reminder","resourceId":"6825","details":"MongoDB update on Reminder","userIp":"","userAgent":""}
{"timestamp":"2025-05-15T12:01:43.924Z","userId":0,"action":"update","resourceType":"Reminder","resourceId":"6825","details":"MongoDB update on Reminder","userIp":"","userAgent":""}
{"timestamp":"2025-05-15T12:01:43.929Z","userId":0,"action":"update","resourceType":"Reminder","resourceId":"6825","details":"MongoDB update on Reminder","userIp":"","userAgent":""}
{"timestamp":"2025-05-15T12:01:43.934Z","userId":0,"action":"update","resourceType":"Reminder","resourceId":"6825","details":"MongoDB update on Reminder","userIp":"","userAgent":""}
{"timestamp":"2025-05-15T12:01:43.938Z","userId":0,"action":"update","resourceType":"Reminder","resourceId":"6825","details":"MongoDB update on Reminder","userIp":"","userAgent":""}
{"timestamp":"2025-05-15T12:01:43.943Z","userId":0,"action":"update","resourceType":"Reminder","resourceId":"6825","details":"MongoDB update on Reminder","userIp":"","userAgent":""}
{"timestamp":"2025-05-15T12:01:43.947Z","userId":0,"action":"update","resourceType":"Reminder","resourceId":"6825","details":"MongoDB update on Reminder","userIp":"","userAgent":""}
{"timestamp":"2025-05-15T12:01:43.953Z","userId":0,"action":"update","resourceType":"Reminder","resourceId":"6825","details":"MongoDB update on Reminder","userIp":"","userAgent":""}
{"timestamp":"2025-05-15T12:01:43.959Z","userId":0,"action":"update","resourceType":"Reminder","resourceId":"6825","details":"MongoDB update on Reminder","userIp":"","userAgent":""}
{"timestamp":"2025-05-15T12:01:43.964Z","userId":0,"action":"update","resourceType":"Reminder","resourceId":"6825","details":"MongoDB update on Reminder","userIp":"","userAgent":""}
{"timestamp":"2025-05-15T12:01:43.969Z","userId":0,"action":"update","resourceType":"Reminder","resourceId":"6825","details":"MongoDB update on Reminder","userIp":"","userAgent":""}
{"timestamp":"2025-05-15T12:01:43.973Z","userId":0,"action":"update","resourceType":"Reminder","resourceId":"6825","details":"MongoDB update on Reminder","userIp":"","userAgent":""}
{"timestamp":"2025-05-15T12:01:43.977Z","userId":0,"action":"update","resourceType":"Reminder","resourceId":"6825","details":"MongoDB update on Reminder","userIp":"","userAgent":""}
{"timestamp":"2025-05-15T12:01:43.983Z","userId":0,"action":"update","resourceType":"Reminder","resourceId":"6825","details":"MongoDB update on Reminder","userIp":"","userAgent":""}
{"timestamp":"2025-05-15T12:01:43.987Z","userId":0,"action":"update","resourceType":"Reminder","resourceId":"6825","details":"MongoDB update on Reminder","userIp":"","userAgent":""}
{"timestamp":"2025-05-15T12:01:43.991Z","userId":0,"action":"update","resourceType":"Reminder","resourceId":"6825","details":"MongoDB update on Reminder","userIp":"","userAgent":""}
{"timestamp":"2025-05-15T12:01:43.997Z","userId":0,"action":"update","resourceType":"Reminder","resourceId":"6825","details":"MongoDB update on Reminder","userIp":"","userAgent":""}
{"timestamp":"2025-05-15T12:01:44.002Z","userId":0,"action":"update","resourceType":"Reminder","resourceId":"6825","details":"MongoDB update on Reminder","userIp":"","userAgent":""}
{"timestamp":"2025-05-15T12:01:44.007Z","userId":0,"action":"update","resourceType":"Reminder","resourceId":"6825","details":"MongoDB update on Reminder","userIp":"","userAgent":""}
{"timestamp":"2025-05-15T12:01:44.013Z","userId":0,"action":"update","resourceType":"Reminder","resourceId":"6825","details":"MongoDB update on Reminder","userIp":"","userAgent":""}
{"timestamp":"2025-05-15T12:01:44.017Z","userId":0,"action":"update","resourceType":"Reminder","resourceId":"6825","details":"MongoDB update on Reminder","userIp":"","userAgent":""}
{"timestamp":"2025-05-15T12:01:44.022Z","userId":0,"action":"update","resourceType":"Reminder","resourceId":"6825","details":"MongoDB update on Reminder","userIp":"","userAgent":""}
{"timestamp":"2025-05-15T12:01:44.026Z","userId":0,"action":"update","resourceType":"Reminder","resourceId":"6825","details":"MongoDB update on Reminder","userIp":"","userAgent":""}
{"timestamp":"2025-05-15T12:01:44.031Z","userId":0,"action":"update","resourceType":"Reminder","resourceId":"6825","details":"MongoDB update on Reminder","userIp":"","userAgent":""}
{"timestamp":"2025-05-15T12:01:44.035Z","userId":0,"action":"update","resourceType":"Reminder","resourceId":"6825","details":"MongoDB update on Reminder","userIp":"","userAgent":""}
{"timestamp":"2025-05-15T12:01:44.043Z","userId":0,"action":"update","resourceType":"Reminder","resourceId":"6825","details":"MongoDB update on Reminder","userIp":"","userAgent":""}
{"timestamp":"2025-05-15T12:01:44.047Z","userId":0,"action":"update","resourceType":"Reminder","resourceId":"6825","details":"MongoDB update on Reminder","userIp":"","userAgent":""}
{"timestamp":"2025-05-15T12:01:44.053Z","userId":0,"action":"update","resourceType":"Reminder","resourceId":"6825","details":"MongoDB update on Reminder","userIp":"","userAgent":""}
{"timestamp":"2025-05-15T12:01:44.058Z","userId":0,"action":"update","resourceType":"Reminder","resourceId":"6825","details":"MongoDB update on Reminder","userIp":"","userAgent":""}
{"timestamp":"2025-05-15T12:01:44.064Z","userId":0,"action":"update","resourceType":"Reminder","resourceId":"6825","details":"MongoDB update on Reminder","userIp":"","userAgent":""}
{"timestamp":"2025-05-15T12:01:44.069Z","userId":0,"action":"update","resourceType":"Reminder","resourceId":"6825","details":"MongoDB update on Reminder","userIp":"","userAgent":""}
{"timestamp":"2025-05-15T12:01:44.074Z","userId":0,"action":"update","resourceType":"Reminder","resourceId":"6825","details":"MongoDB update on Reminder","userIp":"","userAgent":""}
{"timestamp":"2025-05-15T12:01:44.078Z","userId":0,"action":"update","resourceType":"Reminder","resourceId":"6825","details":"MongoDB update on Reminder","userIp":"","userAgent":""}
{"timestamp":"2025-05-15T12:01:44.085Z","userId":0,"action":"update","resourceType":"Reminder","resourceId":"6825","details":"MongoDB update on Reminder","userIp":"","userAgent":""}
{"timestamp":"2025-05-15T12:01:44.090Z","userId":0,"action":"update","resourceType":"Reminder","resourceId":"6825","details":"MongoDB update on Reminder","userIp":"","userAgent":""}
{"timestamp":"2025-05-15T12:01:44.098Z","userId":0,"action":"update","resourceType":"Reminder","resourceId":"6825","details":"MongoDB update on Reminder","userIp":"","userAgent":""}
{"timestamp":"2025-05-15T12:01:44.103Z","userId":0,"action":"update","resourceType":"Reminder","resourceId":"6825","details":"MongoDB update on Reminder","userIp":"","userAgent":""}
{"timestamp":"2025-05-15T12:01:44.108Z","userId":0,"action":"update","resourceType":"Reminder","resourceId":"6825","details":"MongoDB update on Reminder","userIp":"","userAgent":""}
{"timestamp":"2025-05-15T12:01:44.113Z","userId":0,"action":"update","resourceType":"Reminder","resourceId":"6825","details":"MongoDB update on Reminder","userIp":"","userAgent":""}
{"timestamp":"2025-05-15T12:01:44.119Z","userId":0,"action":"update","resourceType":"Reminder","resourceId":"6825","details":"MongoDB update on Reminder","userIp":"","userAgent":""}
{"timestamp":"2025-05-15T12:01:44.125Z","userId":0,"action":"update","resourceType":"Reminder","resourceId":"6825","details":"MongoDB update on Reminder","userIp":"","userAgent":""}
{"timestamp":"2025-05-15T12:01:44.129Z","userId":0,"action":"update","resourceType":"Reminder","resourceId":"6825","details":"MongoDB update on Reminder","userIp":"","userAgent":""}
{"timestamp":"2025-05-15T12:01:44.136Z","userId":0,"action":"update","resourceType":"Reminder","resourceId":"6825","details":"MongoDB update on Reminder","userIp":"","userAgent":""}
{"timestamp":"2025-05-15T12:01:44.143Z","userId":0,"action":"update","resourceType":"Reminder","resourceId":"6825","details":"MongoDB update on Reminder","userIp":"","userAgent":""}
{"timestamp":"2025-05-15T12:01:44.149Z","userId":0,"action":"update","resourceType":"Reminder","resourceId":"6825","details":"MongoDB update on Reminder","userIp":"","userAgent":""}
{"timestamp":"2025-05-15T12:01:44.156Z","userId":0,"action":"update","resourceType":"Reminder","resourceId":"6825","details":"MongoDB update on Reminder","userIp":"","userAgent":""}
{"timestamp":"2025-05-15T12:01:44.160Z","userId":0,"action":"update","resourceType":"Reminder","resourceId":"6825","details":"MongoDB update on Reminder","userIp":"","userAgent":""}
{"timestamp":"2025-05-15T12:01:44.166Z","userId":0,"action":"update","resourceType":"Reminder","resourceId":"6825","details":"MongoDB update on Reminder","userIp":"","userAgent":""}
{"timestamp":"2025-05-15T12:01:44.170Z","userId":0,"action":"update","resourceType":"Reminder","resourceId":"6825","details":"MongoDB update on Reminder","userIp":"","userAgent":""}
{"timestamp":"2025-05-15T12:01:44.175Z","userId":0,"action":"update","resourceType":"Reminder","resourceId":"6825","details":"MongoDB update on Reminder","userIp":"","userAgent":""}
{"timestamp":"2025-05-15T12:01:44.181Z","userId":0,"action":"update","resourceType":"Reminder","resourceId":"6825","details":"MongoDB update on Reminder","userIp":"","userAgent":""}
{"timestamp":"2025-05-15T12:01:44.186Z","userId":0,"action":"update","resourceType":"Reminder","resourceId":"6825","details":"MongoDB update on Reminder","userIp":"","userAgent":""}
{"timestamp":"2025-05-15T12:01:44.199Z","userId":0,"action":"update","resourceType":"Reminder","resourceId":"6825","details":"MongoDB update on Reminder","userIp":"","userAgent":""}
{"timestamp":"2025-05-15T12:01:44.207Z","userId":0,"action":"update","resourceType":"Reminder","resourceId":"6825","details":"MongoDB update on Reminder","userIp":"","userAgent":""}
{"timestamp":"2025-05-15T12:01:44.214Z","userId":0,"action":"update","resourceType":"Reminder","resourceId":"6825","details":"MongoDB update on Reminder","userIp":"","userAgent":""}
{"timestamp":"2025-05-15T12:01:44.220Z","userId":0,"action":"update","resourceType":"Reminder","resourceId":"6825","details":"MongoDB update on Reminder","userIp":"","userAgent":""}
{"timestamp":"2025-05-15T12:01:44.227Z","userId":0,"action":"update","resourceType":"Reminder","resourceId":"6825","details":"MongoDB update on Reminder","userIp":"","userAgent":""}
{"timestamp":"2025-05-15T12:01:44.234Z","userId":0,"action":"update","resourceType":"Reminder","resourceId":"6825","details":"MongoDB update on Reminder","userIp":"","userAgent":""}
{"timestamp":"2025-05-15T12:01:44.241Z","userId":0,"action":"update","resourceType":"Reminder","resourceId":"6825","details":"MongoDB update on Reminder","userIp":"","userAgent":""}
{"timestamp":"2025-05-15T12:01:44.248Z","userId":0,"action":"update","resourceType":"Reminder","resourceId":"6825","details":"MongoDB update on Reminder","userIp":"","userAgent":""}
{"timestamp":"2025-05-15T12:01:44.255Z","userId":0,"action":"update","resourceType":"Reminder","resourceId":"6825","details":"MongoDB update on Reminder","userIp":"","userAgent":""}
{"timestamp":"2025-05-15T12:01:44.260Z","userId":0,"action":"update","resourceType":"Reminder","resourceId":"6825","details":"MongoDB update on Reminder","userIp":"","userAgent":""}
{"timestamp":"2025-05-15T12:01:44.267Z","userId":0,"action":"update","resourceType":"Reminder","resourceId":"6825","details":"MongoDB update on Reminder","userIp":"","userAgent":""}
{"timestamp":"2025-05-15T12:01:44.273Z","userId":0,"action":"update","resourceType":"Reminder","resourceId":"6825","details":"MongoDB update on Reminder","userIp":"","userAgent":""}
{"timestamp":"2025-05-15T12:01:44.280Z","userId":0,"action":"update","resourceType":"Reminder","resourceId":"6825","details":"MongoDB update on Reminder","userIp":"","userAgent":""}
{"timestamp":"2025-05-15T12:01:44.286Z","userId":0,"action":"update","resourceType":"Reminder","resourceId":"6825","details":"MongoDB update on Reminder","userIp":"","userAgent":""}
{"timestamp":"2025-05-15T12:01:44.291Z","userId":0,"action":"update","resourceType":"Reminder","resourceId":"6825","details":"MongoDB update on Reminder","userIp":"","userAgent":""}
{"timestamp":"2025-05-15T12:01:44.298Z","userId":0,"action":"update","resourceType":"Reminder","resourceId":"6825","details":"MongoDB update on Reminder","userIp":"","userAgent":""}
{"timestamp":"2025-05-15T12:01:44.302Z","userId":0,"action":"update","resourceType":"Reminder","resourceId":"6825","details":"MongoDB update on Reminder","userIp":"","userAgent":""}
{"timestamp":"2025-05-15T12:01:44.306Z","userId":0,"action":"update","resourceType":"Reminder","resourceId":"6825","details":"MongoDB update on Reminder","userIp":"","userAgent":""}
{"timestamp":"2025-05-15T12:01:44.310Z","userId":0,"action":"update","resourceType":"Reminder","resourceId":"6825","details":"MongoDB update on Reminder","userIp":"","userAgent":""}
{"timestamp":"2025-05-15T12:01:44.314Z","userId":0,"action":"update","resourceType":"Reminder","resourceId":"6825","details":"MongoDB update on Reminder","userIp":"","userAgent":""}
{"timestamp":"2025-05-15T12:01:44.318Z","userId":0,"action":"update","resourceType":"Reminder","resourceId":"6825","details":"MongoDB update on Reminder","userIp":"","userAgent":""}
{"timestamp":"2025-05-15T12:01:44.322Z","userId":0,"action":"update","resourceType":"Reminder","resourceId":"6825","details":"MongoDB update on Reminder","userIp":"","userAgent":""}
{"timestamp":"2025-05-15T12:01:44.327Z","userId":0,"action":"update","resourceType":"Reminder","resourceId":"6825","details":"MongoDB update on Reminder","userIp":"","userAgent":""}
{"timestamp":"2025-05-15T12:01:44.332Z","userId":0,"action":"update","resourceType":"Reminder","resourceId":"6825","details":"MongoDB update on Reminder","userIp":"","userAgent":""}
{"timestamp":"2025-05-15T12:01:44.336Z","userId":0,"action":"update","resourceType":"Reminder","resourceId":"6825","details":"MongoDB update on Reminder","userIp":"","userAgent":""}
{"timestamp":"2025-05-15T12:01:44.340Z","userId":0,"action":"update","resourceType":"Reminder","resourceId":"6825","details":"MongoDB update on Reminder","userIp":"","userAgent":""}
{"timestamp":"2025-05-15T12:01:44.344Z","userId":0,"action":"update","resourceType":"Reminder","resourceId":"6825","details":"MongoDB update on Reminder","userIp":"","userAgent":""}
{"timestamp":"2025-05-15T12:01:44.348Z","userId":0,"action":"update","resourceType":"Reminder","resourceId":"6825","details":"MongoDB update on Reminder","userIp":"","userAgent":""}
{"timestamp":"2025-05-15T12:01:44.352Z","userId":0,"action":"update","resourceType":"Reminder","resourceId":"6825","details":"MongoDB update on Reminder","userIp":"","userAgent":""}
{"timestamp":"2025-05-15T12:01:44.355Z","userId":0,"action":"update","resourceType":"Reminder","resourceId":"6825","details":"MongoDB update on Reminder","userIp":"","userAgent":""}
{"timestamp":"2025-05-15T12:01:44.359Z","userId":0,"action":"update","resourceType":"Reminder","resourceId":"6825","details":"MongoDB update on Reminder","userIp":"","userAgent":""}
{"timestamp":"2025-05-15T12:01:44.384Z","userId":0,"action":"update","resourceType":"Reminder","resourceId":"6825","details":"MongoDB update on Reminder","userIp":"","userAgent":""}
{"timestamp":"2025-05-15T12:01:44.390Z","userId":0,"action":"update","resourceType":"Reminder","resourceId":"6825","details":"MongoDB update on Reminder","userIp":"","userAgent":""}
{"timestamp":"2025-05-15T12:01:44.395Z","userId":0,"action":"update","resourceType":"Reminder","resourceId":"6825","details":"MongoDB update on Reminder","userIp":"","userAgent":""}
{"timestamp":"2025-05-15T12:01:44.400Z","userId":0,"action":"update","resourceType":"Reminder","resourceId":"6825","details":"MongoDB update on Reminder","userIp":"","userAgent":""}
{"timestamp":"2025-05-15T12:01:44.406Z","userId":0,"action":"update","resourceType":"Reminder","resourceId":"6825","details":"MongoDB update on Reminder","userIp":"","userAgent":""}
{"timestamp":"2025-05-15T12:01:44.410Z","userId":0,"action":"update","resourceType":"Reminder","resourceId":"6825","details":"MongoDB update on Reminder","userIp":"","userAgent":""}
{"timestamp":"2025-05-15T12:01:44.416Z","userId":0,"action":"update","resourceType":"Reminder","resourceId":"6825","details":"MongoDB update on Reminder","userIp":"","userAgent":""}
{"timestamp":"2025-05-15T12:01:44.421Z","userId":0,"action":"update","resourceType":"Reminder","resourceId":"6825","details":"MongoDB update on Reminder","userIp":"","userAgent":""}
{"timestamp":"2025-05-15T12:01:44.425Z","userId":0,"action":"update","resourceType":"Reminder","resourceId":"6825","details":"MongoDB update on Reminder","userIp":"","userAgent":""}
{"timestamp":"2025-05-15T12:01:44.430Z","userId":0,"action":"update","resourceType":"Reminder","resourceId":"6825","details":"MongoDB update on Reminder","userIp":"","userAgent":""}
{"timestamp":"2025-05-15T12:01:44.434Z","userId":0,"action":"update","resourceType":"Reminder","resourceId":"6825","details":"MongoDB update on Reminder","userIp":"","userAgent":""}
{"timestamp":"2025-05-15T12:01:44.439Z","userId":0,"action":"update","resourceType":"Reminder","resourceId":"6825","details":"MongoDB update on Reminder","userIp":"","userAgent":""}
{"timestamp":"2025-05-15T12:01:44.443Z","userId":0,"action":"update","resourceType":"Reminder","resourceId":"6825","details":"MongoDB update on Reminder","userIp":"","userAgent":""}
{"timestamp":"2025-05-15T12:01:44.448Z","userId":0,"action":"update","resourceType":"Reminder","resourceId":"6825","details":"MongoDB update on Reminder","userIp":"","userAgent":""}
{"timestamp":"2025-05-15T12:01:44.454Z","userId":0,"action":"update","resourceType":"Reminder","resourceId":"6825","details":"MongoDB update on Reminder","userIp":"","userAgent":""}
{"timestamp":"2025-05-15T12:01:44.459Z","userId":0,"action":"update","resourceType":"Reminder","resourceId":"6825","details":"MongoDB update on Reminder","userIp":"","userAgent":""}
{"timestamp":"2025-05-15T12:01:44.465Z","userId":0,"action":"update","resourceType":"Reminder","resourceId":"6825","details":"MongoDB update on Reminder","userIp":"","userAgent":""}
{"timestamp":"2025-05-15T12:01:44.470Z","userId":0,"action":"update","resourceType":"Reminder","resourceId":"6825","details":"MongoDB update on Reminder","userIp":"","userAgent":""}
{"timestamp":"2025-05-15T12:01:44.474Z","userId":0,"action":"update","resourceType":"Reminder","resourceId":"6825","details":"MongoDB update on Reminder","userIp":"","userAgent":""}
{"timestamp":"2025-05-15T12:01:44.478Z","userId":0,"action":"update","resourceType":"Reminder","resourceId":"6825","details":"MongoDB update on Reminder","userIp":"","userAgent":""}
{"timestamp":"2025-05-15T12:01:44.485Z","userId":0,"action":"update","resourceType":"Reminder","resourceId":"6825","details":"MongoDB update on Reminder","userIp":"","userAgent":""}
{"timestamp":"2025-05-15T12:01:44.489Z","userId":0,"action":"update","resourceType":"Reminder","resourceId":"6825","details":"MongoDB update on Reminder","userIp":"","userAgent":""}
{"timestamp":"2025-05-15T12:01:44.492Z","userId":0,"action":"update","resourceType":"Reminder","resourceId":"6825","details":"MongoDB update on Reminder","userIp":"","userAgent":""}
{"timestamp":"2025-05-15T12:01:44.497Z","userId":0,"action":"update","resourceType":"Reminder","resourceId":"6825","details":"MongoDB update on Reminder","userIp":"","userAgent":""}
{"timestamp":"2025-05-15T12:01:44.504Z","userId":0,"action":"update","resourceType":"Reminder","resourceId":"6825","details":"MongoDB update on Reminder","userIp":"","userAgent":""}
{"timestamp":"2025-05-15T12:01:44.508Z","userId":0,"action":"update","resourceType":"Reminder","resourceId":"6825","details":"MongoDB update on Reminder","userIp":"","userAgent":""}
{"timestamp":"2025-05-15T12:01:44.513Z","userId":0,"action":"update","resourceType":"Reminder","resourceId":"6825","details":"MongoDB update on Reminder","userIp":"","userAgent":""}
{"timestamp":"2025-05-15T12:01:44.518Z","userId":0,"action":"update","resourceType":"Reminder","resourceId":"6825","details":"MongoDB update on Reminder","userIp":"","userAgent":""}
{"timestamp":"2025-05-15T12:01:44.523Z","userId":0,"action":"update","resourceType":"Reminder","resourceId":"6825","details":"MongoDB update on Reminder","userIp":"","userAgent":""}
{"timestamp":"2025-05-15T12:01:44.528Z","userId":0,"action":"update","resourceType":"Reminder","resourceId":"6825","details":"MongoDB update on Reminder","userIp":"","userAgent":""}
{"timestamp":"2025-05-15T12:01:44.533Z","userId":0,"action":"update","resourceType":"Reminder","resourceId":"6825","details":"MongoDB update on Reminder","userIp":"","userAgent":""}
{"timestamp":"2025-05-15T12:01:44.538Z","userId":0,"action":"update","resourceType":"Reminder","resourceId":"6825","details":"MongoDB update on Reminder","userIp":"","userAgent":""}
{"timestamp":"2025-05-15T12:01:44.544Z","userId":0,"action":"update","resourceType":"Reminder","resourceId":"6825","details":"MongoDB update on Reminder","userIp":"","userAgent":""}
{"timestamp":"2025-05-15T12:01:44.550Z","userId":0,"action":"update","resourceType":"Reminder","resourceId":"6825","details":"MongoDB update on Reminder","userIp":"","userAgent":""}
{"timestamp":"2025-05-15T12:01:44.554Z","userId":0,"action":"update","resourceType":"Reminder","resourceId":"6825","details":"MongoDB update on Reminder","userIp":"","userAgent":""}
{"timestamp":"2025-05-15T12:01:44.559Z","userId":0,"action":"update","resourceType":"Reminder","resourceId":"6825","details":"MongoDB update on Reminder","userIp":"","userAgent":""}
{"timestamp":"2025-05-15T12:01:44.564Z","userId":0,"action":"update","resourceType":"Reminder","resourceId":"6825","details":"MongoDB update on Reminder","userIp":"","userAgent":""}
{"timestamp":"2025-05-15T12:01:44.569Z","userId":0,"action":"update","resourceType":"Reminder","resourceId":"6825","details":"MongoDB update on Reminder","userIp":"","userAgent":""}
{"timestamp":"2025-05-15T12:01:44.573Z","userId":0,"action":"update","resourceType":"Reminder","resourceId":"6825","details":"MongoDB update on Reminder","userIp":"","userAgent":""}
{"timestamp":"2025-05-15T12:01:44.577Z","userId":0,"action":"update","resourceType":"Reminder","resourceId":"6825","details":"MongoDB update on Reminder","userIp":"","userAgent":""}
{"timestamp":"2025-05-15T12:01:44.582Z","userId":0,"action":"update","resourceType":"Reminder","resourceId":"6825","details":"MongoDB update on Reminder","userIp":"","userAgent":""}
{"timestamp":"2025-05-15T12:01:44.586Z","userId":0,"action":"update","resourceType":"Reminder","resourceId":"6825","details":"MongoDB update on Reminder","userIp":"","userAgent":""}
{"timestamp":"2025-05-15T12:01:44.590Z","userId":0,"action":"update","resourceType":"Reminder","resourceId":"6825","details":"MongoDB update on Reminder","userIp":"","userAgent":""}
{"timestamp":"2025-05-15T12:01:44.595Z","userId":0,"action":"update","resourceType":"Reminder","resourceId":"6825","details":"MongoDB update on Reminder","userIp":"","userAgent":""}
{"timestamp":"2025-05-15T12:01:44.599Z","userId":0,"action":"update","resourceType":"Reminder","resourceId":"6825","details":"MongoDB update on Reminder","userIp":"","userAgent":""}
{"timestamp":"2025-05-15T12:01:44.604Z","userId":0,"action":"update","resourceType":"Reminder","resourceId":"6825","details":"MongoDB update on Reminder","userIp":"","userAgent":""}
{"timestamp":"2025-05-15T12:01:44.609Z","userId":0,"action":"update","resourceType":"Reminder","resourceId":"6825","details":"MongoDB update on Reminder","userIp":"","userAgent":""}
{"timestamp":"2025-05-15T12:01:44.613Z","userId":0,"action":"update","resourceType":"Reminder","resourceId":"6825","details":"MongoDB update on Reminder","userIp":"","userAgent":""}
{"timestamp":"2025-05-15T12:01:44.617Z","userId":0,"action":"update","resourceType":"Reminder","resourceId":"6825","details":"MongoDB update on Reminder","userIp":"","userAgent":""}
{"timestamp":"2025-05-15T12:01:44.622Z","userId":0,"action":"update","resourceType":"Reminder","resourceId":"6825","details":"MongoDB update on Reminder","userIp":"","userAgent":""}
{"timestamp":"2025-05-15T12:01:44.626Z","userId":0,"action":"update","resourceType":"Reminder","resourceId":"6825","details":"MongoDB update on Reminder","userIp":"","userAgent":""}
{"timestamp":"2025-05-15T12:01:44.630Z","userId":0,"action":"update","resourceType":"Reminder","resourceId":"6825","details":"MongoDB update on Reminder","userIp":"","userAgent":""}
{"timestamp":"2025-05-15T12:01:44.634Z","userId":0,"action":"update","resourceType":"Reminder","resourceId":"6825","details":"MongoDB update on Reminder","userIp":"","userAgent":""}
{"timestamp":"2025-05-15T12:01:44.637Z","userId":0,"action":"update","resourceType":"Reminder","resourceId":"6825","details":"MongoDB update on Reminder","userIp":"","userAgent":""}
{"timestamp":"2025-05-15T12:01:44.641Z","userId":0,"action":"update","resourceType":"Reminder","resourceId":"6825","details":"MongoDB update on Reminder","userIp":"","userAgent":""}
{"timestamp":"2025-05-15T12:01:44.645Z","userId":0,"action":"update","resourceType":"Reminder","resourceId":"6825","details":"MongoDB update on Reminder","userIp":"","userAgent":""}
{"timestamp":"2025-05-15T12:01:44.649Z","userId":0,"action":"update","resourceType":"Reminder","resourceId":"6825","details":"MongoDB update on Reminder","userIp":"","userAgent":""}
{"timestamp":"2025-05-15T12:01:44.653Z","userId":0,"action":"update","resourceType":"Reminder","resourceId":"6825","details":"MongoDB update on Reminder","userIp":"","userAgent":""}
{"timestamp":"2025-05-15T12:01:44.658Z","userId":0,"action":"update","resourceType":"Reminder","resourceId":"6825","details":"MongoDB update on Reminder","userIp":"","userAgent":""}
{"timestamp":"2025-05-15T12:01:44.662Z","userId":0,"action":"update","resourceType":"Reminder","resourceId":"6825","details":"MongoDB update on Reminder","userIp":"","userAgent":""}
{"timestamp":"2025-05-15T12:01:44.667Z","userId":0,"action":"update","resourceType":"Reminder","resourceId":"6825","details":"MongoDB update on Reminder","userIp":"","userAgent":""}
{"timestamp":"2025-05-15T12:01:44.670Z","userId":0,"action":"update","resourceType":"Reminder","resourceId":"6825","details":"MongoDB update on Reminder","userIp":"","userAgent":""}
{"timestamp":"2025-05-15T12:01:44.674Z","userId":0,"action":"update","resourceType":"Reminder","resourceId":"6825","details":"MongoDB update on Reminder","userIp":"","userAgent":""}
{"timestamp":"2025-05-15T12:01:44.678Z","userId":0,"action":"update","resourceType":"Reminder","resourceId":"6825","details":"MongoDB update on Reminder","userIp":"","userAgent":""}
{"timestamp":"2025-05-15T12:01:44.682Z","userId":0,"action":"update","resourceType":"Reminder","resourceId":"6825","details":"MongoDB update on Reminder","userIp":"","userAgent":""}
{"timestamp":"2025-05-15T12:01:44.687Z","userId":0,"action":"update","resourceType":"Reminder","resourceId":"6825","details":"MongoDB update on Reminder","userIp":"","userAgent":""}
{"timestamp":"2025-05-15T12:01:44.691Z","userId":0,"action":"update","resourceType":"Reminder","resourceId":"6825","details":"MongoDB update on Reminder","userIp":"","userAgent":""}
{"timestamp":"2025-05-15T12:01:44.695Z","userId":0,"action":"update","resourceType":"Reminder","resourceId":"6825","details":"MongoDB update on Reminder","userIp":"","userAgent":""}
{"timestamp":"2025-05-15T12:01:44.699Z","userId":0,"action":"update","resourceType":"Reminder","resourceId":"6825","details":"MongoDB update on Reminder","userIp":"","userAgent":""}
{"timestamp":"2025-05-15T12:01:44.704Z","userId":0,"action":"update","resourceType":"Reminder","resourceId":"6825","details":"MongoDB update on Reminder","userIp":"","userAgent":""}
{"timestamp":"2025-05-15T12:01:44.707Z","userId":0,"action":"update","resourceType":"Reminder","resourceId":"6825","details":"MongoDB update on Reminder","userIp":"","userAgent":""}
{"timestamp":"2025-05-15T12:01:44.711Z","userId":0,"action":"update","resourceType":"Reminder","resourceId":"6825","details":"MongoDB update on Reminder","userIp":"","userAgent":""}
{"timestamp":"2025-05-15T12:01:44.716Z","userId":0,"action":"update","resourceType":"Reminder","resourceId":"6825","details":"MongoDB update on Reminder","userIp":"","userAgent":""}
{"timestamp":"2025-05-15T12:01:44.720Z","userId":0,"action":"update","resourceType":"Reminder","resourceId":"6825","details":"MongoDB update on Reminder","userIp":"","userAgent":""}
{"timestamp":"2025-05-15T12:01:44.724Z","userId":0,"action":"update","resourceType":"Reminder","resourceId":"6825","details":"MongoDB update on Reminder","userIp":"","userAgent":""}
{"timestamp":"2025-05-15T12:01:44.729Z","userId":0,"action":"update","resourceType":"Reminder","resourceId":"6825","details":"MongoDB update on Reminder","userIp":"","userAgent":""}
{"timestamp":"2025-05-15T12:01:44.732Z","userId":0,"action":"update","resourceType":"Reminder","resourceId":"6825","details":"MongoDB update on Reminder","userIp":"","userAgent":""}
{"timestamp":"2025-05-15T12:01:44.736Z","userId":0,"action":"update","resourceType":"Reminder","resourceId":"6825","details":"MongoDB update on Reminder","userIp":"","userAgent":""}
{"timestamp":"2025-05-15T12:01:44.741Z","userId":0,"action":"update","resourceType":"Reminder","resourceId":"6825","details":"MongoDB update on Reminder","userIp":"","userAgent":""}
{"timestamp":"2025-05-15T12:01:44.745Z","userId":0,"action":"update","resourceType":"Reminder","resourceId":"6825","details":"MongoDB update on Reminder","userIp":"","userAgent":""}
{"timestamp":"2025-05-15T12:01:44.749Z","userId":0,"action":"update","resourceType":"Reminder","resourceId":"6825","details":"MongoDB update on Reminder","userIp":"","userAgent":""}
{"timestamp":"2025-05-15T12:01:44.753Z","userId":0,"action":"update","resourceType":"Reminder","resourceId":"6825","details":"MongoDB update on Reminder","userIp":"","userAgent":""}
{"timestamp":"2025-05-15T12:01:44.757Z","userId":0,"action":"update","resourceType":"Reminder","resourceId":"6825","details":"MongoDB update on Reminder","userIp":"","userAgent":""}
{"timestamp":"2025-05-15T12:01:44.760Z","userId":0,"action":"update","resourceType":"Reminder","resourceId":"6825","details":"MongoDB update on Reminder","userIp":"","userAgent":""}
{"timestamp":"2025-05-15T12:01:44.764Z","userId":0,"action":"update","resourceType":"Reminder","resourceId":"6825","details":"MongoDB update on Reminder","userIp":"","userAgent":""}
{"timestamp":"2025-05-15T12:01:44.769Z","userId":0,"action":"update","resourceType":"Reminder","resourceId":"6825","details":"MongoDB update on Reminder","userIp":"","userAgent":""}
{"timestamp":"2025-05-15T12:01:44.774Z","userId":0,"action":"update","resourceType":"Reminder","resourceId":"6825","details":"MongoDB update on Reminder","userIp":"","userAgent":""}
{"timestamp":"2025-05-15T12:01:44.778Z","userId":0,"action":"update","resourceType":"Reminder","resourceId":"6825","details":"MongoDB update on Reminder","userIp":"","userAgent":""}
{"timestamp":"2025-05-15T12:01:44.783Z","userId":0,"action":"update","resourceType":"Reminder","resourceId":"6825","details":"MongoDB update on Reminder","userIp":"","userAgent":""}
{"timestamp":"2025-05-15T12:01:44.788Z","userId":0,"action":"update","resourceType":"Reminder","resourceId":"6825","details":"MongoDB update on Reminder","userIp":"","userAgent":""}
{"timestamp":"2025-05-15T12:01:44.792Z","userId":0,"action":"update","resourceType":"Reminder","resourceId":"6825","details":"MongoDB update on Reminder","userIp":"","userAgent":""}
{"timestamp":"2025-05-15T12:01:44.796Z","userId":0,"action":"update","resourceType":"Reminder","resourceId":"6825","details":"MongoDB update on Reminder","userIp":"","userAgent":""}
{"timestamp":"2025-05-15T12:01:44.801Z","userId":0,"action":"update","resourceType":"Reminder","resourceId":"6825","details":"MongoDB update on Reminder","userIp":"","userAgent":""}
{"timestamp":"2025-05-15T12:01:44.805Z","userId":0,"action":"update","resourceType":"Reminder","resourceId":"6825","details":"MongoDB update on Reminder","userIp":"","userAgent":""}
{"timestamp":"2025-05-15T12:01:44.809Z","userId":0,"action":"update","resourceType":"Reminder","resourceId":"6825","details":"MongoDB update on Reminder","userIp":"","userAgent":""}
{"timestamp":"2025-05-15T12:01:44.813Z","userId":0,"action":"update","resourceType":"Reminder","resourceId":"6825","details":"MongoDB update on Reminder","userIp":"","userAgent":""}
{"timestamp":"2025-05-15T12:01:44.817Z","userId":0,"action":"update","resourceType":"Reminder","resourceId":"6825","details":"MongoDB update on Reminder","userIp":"","userAgent":""}
{"timestamp":"2025-05-15T12:01:44.822Z","userId":0,"action":"update","resourceType":"Reminder","resourceId":"6825","details":"MongoDB update on Reminder","userIp":"","userAgent":""}
{"timestamp":"2025-05-15T12:01:44.826Z","userId":0,"action":"update","resourceType":"Reminder","resourceId":"6825","details":"MongoDB update on Reminder","userIp":"","userAgent":""}
{"timestamp":"2025-05-15T12:01:44.831Z","userId":0,"action":"update","resourceType":"Reminder","resourceId":"6825","details":"MongoDB update on Reminder","userIp":"","userAgent":""}
{"timestamp":"2025-05-15T12:01:44.836Z","userId":0,"action":"update","resourceType":"Reminder","resourceId":"6825","details":"MongoDB update on Reminder","userIp":"","userAgent":""}
{"timestamp":"2025-05-15T12:01:44.840Z","userId":0,"action":"update","resourceType":"Reminder","resourceId":"6825","details":"MongoDB update on Reminder","userIp":"","userAgent":""}
{"timestamp":"2025-05-15T12:01:44.845Z","userId":0,"action":"update","resourceType":"Reminder","resourceId":"6825","details":"MongoDB update on Reminder","userIp":"","userAgent":""}
{"timestamp":"2025-05-15T12:01:44.850Z","userId":0,"action":"update","resourceType":"Reminder","resourceId":"6825","details":"MongoDB update on Reminder","userIp":"","userAgent":""}
{"timestamp":"2025-05-15T12:01:44.855Z","userId":0,"action":"update","resourceType":"Reminder","resourceId":"6825","details":"MongoDB update on Reminder","userIp":"","userAgent":""}
{"timestamp":"2025-05-15T12:01:44.860Z","userId":0,"action":"update","resourceType":"Reminder","resourceId":"6825","details":"MongoDB update on Reminder","userIp":"","userAgent":""}
{"timestamp":"2025-05-15T12:01:44.865Z","userId":0,"action":"update","resourceType":"Reminder","resourceId":"6825","details":"MongoDB update on Reminder","userIp":"","userAgent":""}
{"timestamp":"2025-05-15T12:01:44.868Z","userId":0,"action":"update","resourceType":"Reminder","resourceId":"6825","details":"MongoDB update on Reminder","userIp":"","userAgent":""}
{"timestamp":"2025-05-15T12:01:44.872Z","userId":0,"action":"update","resourceType":"Reminder","resourceId":"6825","details":"MongoDB update on Reminder","userIp":"","userAgent":""}
{"timestamp":"2025-05-15T12:01:44.876Z","userId":0,"action":"update","resourceType":"Reminder","resourceId":"6825","details":"MongoDB update on Reminder","userIp":"","userAgent":""}
{"timestamp":"2025-05-15T12:01:44.881Z","userId":0,"action":"update","resourceType":"Reminder","resourceId":"6825","details":"MongoDB update on Reminder","userIp":"","userAgent":""}
{"timestamp":"2025-05-15T12:01:44.885Z","userId":0,"action":"update","resourceType":"Reminder","resourceId":"6825","details":"MongoDB update on Reminder","userIp":"","userAgent":""}
{"timestamp":"2025-05-15T12:01:44.889Z","userId":0,"action":"update","resourceType":"Reminder","resourceId":"6825","details":"MongoDB update on Reminder","userIp":"","userAgent":""}
{"timestamp":"2025-05-15T12:01:44.893Z","userId":0,"action":"update","resourceType":"Reminder","resourceId":"6825","details":"MongoDB update on Reminder","userIp":"","userAgent":""}
{"timestamp":"2025-05-15T12:01:44.897Z","userId":0,"action":"update","resourceType":"Reminder","resourceId":"6825","details":"MongoDB update on Reminder","userIp":"","userAgent":""}
{"timestamp":"2025-05-15T12:01:44.901Z","userId":0,"action":"update","resourceType":"Reminder","resourceId":"6825","details":"MongoDB update on Reminder","userIp":"","userAgent":""}
{"timestamp":"2025-05-15T12:01:44.906Z","userId":0,"action":"update","resourceType":"Reminder","resourceId":"6825","details":"MongoDB update on Reminder","userIp":"","userAgent":""}
{"timestamp":"2025-05-15T12:01:44.910Z","userId":0,"action":"update","resourceType":"Reminder","resourceId":"6825","details":"MongoDB update on Reminder","userIp":"","userAgent":""}
{"timestamp":"2025-05-15T12:01:44.914Z","userId":0,"action":"update","resourceType":"Reminder","resourceId":"6825","details":"MongoDB update on Reminder","userIp":"","userAgent":""}
{"timestamp":"2025-05-15T12:01:44.919Z","userId":0,"action":"update","resourceType":"Reminder","resourceId":"6825","details":"MongoDB update on Reminder","userIp":"","userAgent":""}
{"timestamp":"2025-05-15T12:01:44.923Z","userId":0,"action":"update","resourceType":"Reminder","resourceId":"6825","details":"MongoDB update on Reminder","userIp":"","userAgent":""}
{"timestamp":"2025-05-15T12:01:44.928Z","userId":0,"action":"update","resourceType":"Reminder","resourceId":"6825","details":"MongoDB update on Reminder","userIp":"","userAgent":""}
{"timestamp":"2025-05-15T12:01:44.932Z","userId":0,"action":"update","resourceType":"Reminder","resourceId":"6825","details":"MongoDB update on Reminder","userIp":"","userAgent":""}
{"timestamp":"2025-05-15T12:01:44.936Z","userId":0,"action":"update","resourceType":"Reminder","resourceId":"6825","details":"MongoDB update on Reminder","userIp":"","userAgent":""}
{"timestamp":"2025-05-15T12:01:44.939Z","userId":0,"action":"update","resourceType":"Reminder","resourceId":"6825","details":"MongoDB update on Reminder","userIp":"","userAgent":""}
{"timestamp":"2025-05-15T12:01:44.943Z","userId":0,"action":"update","resourceType":"Reminder","resourceId":"6825","details":"MongoDB update on Reminder","userIp":"","userAgent":""}
{"timestamp":"2025-05-15T12:01:44.948Z","userId":0,"action":"update","resourceType":"Reminder","resourceId":"6825","details":"MongoDB update on Reminder","userIp":"","userAgent":""}
{"timestamp":"2025-05-15T12:01:44.954Z","userId":0,"action":"update","resourceType":"Reminder","resourceId":"6825","details":"MongoDB update on Reminder","userIp":"","userAgent":""}
{"timestamp":"2025-05-15T12:01:44.960Z","userId":0,"action":"update","resourceType":"Reminder","resourceId":"6825","details":"MongoDB update on Reminder","userIp":"","userAgent":""}
{"timestamp":"2025-05-15T12:01:44.964Z","userId":0,"action":"update","resourceType":"Reminder","resourceId":"6825","details":"MongoDB update on Reminder","userIp":"","userAgent":""}
{"timestamp":"2025-05-15T12:01:44.969Z","userId":0,"action":"update","resourceType":"Reminder","resourceId":"6825","details":"MongoDB update on Reminder","userIp":"","userAgent":""}
{"timestamp":"2025-05-15T12:01:44.975Z","userId":0,"action":"update","resourceType":"Reminder","resourceId":"6825","details":"MongoDB update on Reminder","userIp":"","userAgent":""}
{"timestamp":"2025-05-15T12:01:44.980Z","userId":0,"action":"update","resourceType":"Reminder","resourceId":"6825","details":"MongoDB update on Reminder","userIp":"","userAgent":""}
{"timestamp":"2025-05-15T12:01:44.985Z","userId":0,"action":"update","resourceType":"Reminder","resourceId":"6825","details":"MongoDB update on Reminder","userIp":"","userAgent":""}
{"timestamp":"2025-05-15T12:01:44.990Z","userId":0,"action":"update","resourceType":"Reminder","resourceId":"6825","details":"MongoDB update on Reminder","userIp":"","userAgent":""}
{"timestamp":"2025-05-15T12:01:44.994Z","userId":0,"action":"update","resourceType":"Reminder","resourceId":"6825","details":"MongoDB update on Reminder","userIp":"","userAgent":""}
{"timestamp":"2025-05-15T12:01:44.998Z","userId":0,"action":"update","resourceType":"Reminder","resourceId":"6825","details":"MongoDB update on Reminder","userIp":"","userAgent":""}
{"timestamp":"2025-05-15T12:01:45.003Z","userId":0,"action":"update","resourceType":"Reminder","resourceId":"6825","details":"MongoDB update on Reminder","userIp":"","userAgent":""}
{"timestamp":"2025-05-15T12:01:45.008Z","userId":0,"action":"update","resourceType":"Reminder","resourceId":"6825","details":"MongoDB update on Reminder","userIp":"","userAgent":""}
{"timestamp":"2025-05-15T12:01:45.013Z","userId":0,"action":"update","resourceType":"Reminder","resourceId":"6825","details":"MongoDB update on Reminder","userIp":"","userAgent":""}
{"timestamp":"2025-05-15T12:01:45.018Z","userId":0,"action":"update","resourceType":"Reminder","resourceId":"6825","details":"MongoDB update on Reminder","userIp":"","userAgent":""}
{"timestamp":"2025-05-15T12:01:45.023Z","userId":0,"action":"update","resourceType":"Reminder","resourceId":"6825","details":"MongoDB update on Reminder","userIp":"","userAgent":""}
{"timestamp":"2025-05-15T12:01:45.028Z","userId":0,"action":"update","resourceType":"Reminder","resourceId":"6825","details":"MongoDB update on Reminder","userIp":"","userAgent":""}
{"timestamp":"2025-05-15T12:01:45.033Z","userId":0,"action":"update","resourceType":"Reminder","resourceId":"6825","details":"MongoDB update on Reminder","userIp":"","userAgent":""}
{"timestamp":"2025-05-15T12:01:45.037Z","userId":0,"action":"update","resourceType":"Reminder","resourceId":"6825","details":"MongoDB update on Reminder","userIp":"","userAgent":""}
{"timestamp":"2025-05-15T12:01:45.042Z","userId":0,"action":"update","resourceType":"Reminder","resourceId":"6825","details":"MongoDB update on Reminder","userIp":"","userAgent":""}
{"timestamp":"2025-05-15T12:01:45.047Z","userId":0,"action":"update","resourceType":"Reminder","resourceId":"6825","details":"MongoDB update on Reminder","userIp":"","userAgent":""}
{"timestamp":"2025-05-15T12:01:45.051Z","userId":0,"action":"update","resourceType":"Reminder","resourceId":"6825","details":"MongoDB update on Reminder","userIp":"","userAgent":""}
{"timestamp":"2025-05-15T12:01:45.056Z","userId":0,"action":"update","resourceType":"Reminder","resourceId":"6825","details":"MongoDB update on Reminder","userIp":"","userAgent":""}
{"timestamp":"2025-05-15T12:01:45.061Z","userId":0,"action":"update","resourceType":"Reminder","resourceId":"6825","details":"MongoDB update on Reminder","userIp":"","userAgent":""}
{"timestamp":"2025-05-15T12:01:45.066Z","userId":0,"action":"update","resourceType":"Reminder","resourceId":"6825","details":"MongoDB update on Reminder","userIp":"","userAgent":""}
{"timestamp":"2025-05-15T12:01:45.070Z","userId":0,"action":"update","resourceType":"Reminder","resourceId":"6825","details":"MongoDB update on Reminder","userIp":"","userAgent":""}
{"timestamp":"2025-05-15T12:01:45.076Z","userId":0,"action":"update","resourceType":"Reminder","resourceId":"6825","details":"MongoDB update on Reminder","userIp":"","userAgent":""}
{"timestamp":"2025-05-15T12:01:45.080Z","userId":0,"action":"update","resourceType":"Reminder","resourceId":"6825","details":"MongoDB update on Reminder","userIp":"","userAgent":""}
{"timestamp":"2025-05-15T12:01:45.086Z","userId":0,"action":"update","resourceType":"Reminder","resourceId":"6825","details":"MongoDB update on Reminder","userIp":"","userAgent":""}
{"timestamp":"2025-05-15T12:01:45.091Z","userId":0,"action":"update","resourceType":"Reminder","resourceId":"6825","details":"MongoDB update on Reminder","userIp":"","userAgent":""}
{"timestamp":"2025-05-15T12:01:45.096Z","userId":0,"action":"update","resourceType":"Reminder","resourceId":"6825","details":"MongoDB update on Reminder","userIp":"","userAgent":""}
{"timestamp":"2025-05-15T12:01:45.100Z","userId":0,"action":"update","resourceType":"Reminder","resourceId":"6825","details":"MongoDB update on Reminder","userIp":"","userAgent":""}
{"timestamp":"2025-05-15T12:01:45.105Z","userId":0,"action":"update","resourceType":"Reminder","resourceId":"6825","details":"MongoDB update on Reminder","userIp":"","userAgent":""}
{"timestamp":"2025-05-15T12:01:45.110Z","userId":0,"action":"update","resourceType":"Reminder","resourceId":"6825","details":"MongoDB update on Reminder","userIp":"","userAgent":""}
{"timestamp":"2025-05-15T12:01:45.114Z","userId":0,"action":"update","resourceType":"Reminder","resourceId":"6825","details":"MongoDB update on Reminder","userIp":"","userAgent":""}
{"timestamp":"2025-05-15T12:01:45.117Z","userId":0,"action":"update","resourceType":"Reminder","resourceId":"6825","details":"MongoDB update on Reminder","userIp":"","userAgent":""}
{"timestamp":"2025-05-15T12:01:45.122Z","userId":0,"action":"update","resourceType":"Reminder","resourceId":"6825","details":"MongoDB update on Reminder","userIp":"","userAgent":""}
{"timestamp":"2025-05-15T12:01:45.125Z","userId":0,"action":"update","resourceType":"Reminder","resourceId":"6825","details":"MongoDB update on Reminder","userIp":"","userAgent":""}
{"timestamp":"2025-05-15T12:01:45.129Z","userId":0,"action":"update","resourceType":"Reminder","resourceId":"6825","details":"MongoDB update on Reminder","userIp":"","userAgent":""}
{"timestamp":"2025-05-15T12:01:45.133Z","userId":0,"action":"update","resourceType":"Reminder","resourceId":"6825","details":"MongoDB update on Reminder","userIp":"","userAgent":""}
{"timestamp":"2025-05-15T12:01:45.137Z","userId":0,"action":"update","resourceType":"Reminder","resourceId":"6825","details":"MongoDB update on Reminder","userIp":"","userAgent":""}
{"timestamp":"2025-05-15T12:01:45.141Z","userId":0,"action":"update","resourceType":"Reminder","resourceId":"6825","details":"MongoDB update on Reminder","userIp":"","userAgent":""}
{"timestamp":"2025-05-15T12:01:45.145Z","userId":0,"action":"update","resourceType":"Reminder","resourceId":"6825","details":"MongoDB update on Reminder","userIp":"","userAgent":""}
{"timestamp":"2025-05-15T12:01:45.149Z","userId":0,"action":"update","resourceType":"Reminder","resourceId":"6825","details":"MongoDB update on Reminder","userIp":"","userAgent":""}
{"timestamp":"2025-05-15T12:01:45.153Z","userId":0,"action":"update","resourceType":"Reminder","resourceId":"6825","details":"MongoDB update on Reminder","userIp":"","userAgent":""}
{"timestamp":"2025-05-15T12:01:45.157Z","userId":0,"action":"update","resourceType":"Reminder","resourceId":"6825","details":"MongoDB update on Reminder","userIp":"","userAgent":""}
{"timestamp":"2025-05-15T12:01:45.162Z","userId":0,"action":"update","resourceType":"Reminder","resourceId":"6825","details":"MongoDB update on Reminder","userIp":"","userAgent":""}
{"timestamp":"2025-05-15T12:01:45.165Z","userId":0,"action":"update","resourceType":"Reminder","resourceId":"6825","details":"MongoDB update on Reminder","userIp":"","userAgent":""}
{"timestamp":"2025-05-15T12:01:45.170Z","userId":0,"action":"update","resourceType":"Reminder","resourceId":"6825","details":"MongoDB update on Reminder","userIp":"","userAgent":""}
{"timestamp":"2025-05-15T12:01:45.174Z","userId":0,"action":"update","resourceType":"Reminder","resourceId":"6825","details":"MongoDB update on Reminder","userIp":"","userAgent":""}
{"timestamp":"2025-05-15T12:01:45.178Z","userId":0,"action":"update","resourceType":"Reminder","resourceId":"6825","details":"MongoDB update on Reminder","userIp":"","userAgent":""}
{"timestamp":"2025-05-15T12:01:45.182Z","userId":0,"action":"update","resourceType":"Reminder","resourceId":"6825","details":"MongoDB update on Reminder","userIp":"","userAgent":""}
{"timestamp":"2025-05-15T12:01:45.186Z","userId":0,"action":"update","resourceType":"Reminder","resourceId":"6825","details":"MongoDB update on Reminder","userIp":"","userAgent":""}
{"timestamp":"2025-05-15T12:01:45.189Z","userId":0,"action":"update","resourceType":"Reminder","resourceId":"6825","details":"MongoDB update on Reminder","userIp":"","userAgent":""}
{"timestamp":"2025-05-15T12:01:45.194Z","userId":0,"action":"update","resourceType":"Reminder","resourceId":"6825","details":"MongoDB update on Reminder","userIp":"","userAgent":""}
{"timestamp":"2025-05-15T12:01:45.198Z","userId":0,"action":"update","resourceType":"Reminder","resourceId":"6825","details":"MongoDB update on Reminder","userIp":"","userAgent":""}
{"timestamp":"2025-05-15T12:01:45.202Z","userId":0,"action":"update","resourceType":"Reminder","resourceId":"6825","details":"MongoDB update on Reminder","userIp":"","userAgent":""}
{"timestamp":"2025-05-15T12:01:45.206Z","userId":0,"action":"update","resourceType":"Reminder","resourceId":"6825","details":"MongoDB update on Reminder","userIp":"","userAgent":""}
{"timestamp":"2025-05-15T12:01:45.210Z","userId":0,"action":"update","resourceType":"Reminder","resourceId":"6825","details":"MongoDB update on Reminder","userIp":"","userAgent":""}
{"timestamp":"2025-05-15T12:01:45.214Z","userId":0,"action":"update","resourceType":"Reminder","resourceId":"6825","details":"MongoDB update on Reminder","userIp":"","userAgent":""}
{"timestamp":"2025-05-15T12:01:45.217Z","userId":0,"action":"update","resourceType":"Reminder","resourceId":"6825","details":"MongoDB update on Reminder","userIp":"","userAgent":""}
{"timestamp":"2025-05-15T12:01:45.222Z","userId":0,"action":"update","resourceType":"Reminder","resourceId":"6825","details":"MongoDB update on Reminder","userIp":"","userAgent":""}
{"timestamp":"2025-05-15T12:01:45.226Z","userId":0,"action":"update","resourceType":"Reminder","resourceId":"6825","details":"MongoDB update on Reminder","userIp":"","userAgent":""}
{"timestamp":"2025-05-15T12:01:45.230Z","userId":0,"action":"update","resourceType":"Reminder","resourceId":"6825","details":"MongoDB update on Reminder","userIp":"","userAgent":""}
{"timestamp":"2025-05-15T12:01:45.234Z","userId":0,"action":"update","resourceType":"Reminder","resourceId":"6825","details":"MongoDB update on Reminder","userIp":"","userAgent":""}
{"timestamp":"2025-05-15T12:01:45.238Z","userId":0,"action":"update","resourceType":"Reminder","resourceId":"6825","details":"MongoDB update on Reminder","userIp":"","userAgent":""}
{"timestamp":"2025-05-15T12:01:45.243Z","userId":0,"action":"update","resourceType":"Reminder","resourceId":"6825","details":"MongoDB update on Reminder","userIp":"","userAgent":""}
{"timestamp":"2025-05-15T12:01:45.248Z","userId":0,"action":"update","resourceType":"Reminder","resourceId":"6825","details":"MongoDB update on Reminder","userIp":"","userAgent":""}
{"timestamp":"2025-05-15T12:01:45.252Z","userId":0,"action":"update","resourceType":"Reminder","resourceId":"6825","details":"MongoDB update on Reminder","userIp":"","userAgent":""}
{"timestamp":"2025-05-15T12:01:45.256Z","userId":0,"action":"update","resourceType":"Reminder","resourceId":"6825","details":"MongoDB update on Reminder","userIp":"","userAgent":""}
{"timestamp":"2025-05-15T12:01:45.260Z","userId":0,"action":"update","resourceType":"Reminder","resourceId":"6825","details":"MongoDB update on Reminder","userIp":"","userAgent":""}
{"timestamp":"2025-05-15T12:01:45.264Z","userId":0,"action":"update","resourceType":"Reminder","resourceId":"6825","details":"MongoDB update on Reminder","userIp":"","userAgent":""}
{"timestamp":"2025-05-15T12:01:45.268Z","userId":0,"action":"update","resourceType":"Reminder","resourceId":"6825","details":"MongoDB update on Reminder","userIp":"","userAgent":""}
{"timestamp":"2025-05-15T12:01:45.272Z","userId":0,"action":"update","resourceType":"Reminder","resourceId":"6825","details":"MongoDB update on Reminder","userIp":"","userAgent":""}
{"timestamp":"2025-05-15T12:01:45.276Z","userId":0,"action":"update","resourceType":"Reminder","resourceId":"6825","details":"MongoDB update on Reminder","userIp":"","userAgent":""}
{"timestamp":"2025-05-15T12:01:45.280Z","userId":0,"action":"update","resourceType":"Reminder","resourceId":"6825","details":"MongoDB update on Reminder","userIp":"","userAgent":""}
{"timestamp":"2025-05-15T12:01:45.284Z","userId":0,"action":"update","resourceType":"Reminder","resourceId":"6825","details":"MongoDB update on Reminder","userIp":"","userAgent":""}
{"timestamp":"2025-05-15T12:01:45.288Z","userId":0,"action":"update","resourceType":"Reminder","resourceId":"6825","details":"MongoDB update on Reminder","userIp":"","userAgent":""}
{"timestamp":"2025-05-15T12:01:45.292Z","userId":0,"action":"update","resourceType":"Reminder","resourceId":"6825","details":"MongoDB update on Reminder","userIp":"","userAgent":""}
{"timestamp":"2025-05-15T12:01:45.296Z","userId":0,"action":"update","resourceType":"Reminder","resourceId":"6825","details":"MongoDB update on Reminder","userIp":"","userAgent":""}
{"timestamp":"2025-05-15T12:01:45.300Z","userId":0,"action":"update","resourceType":"Reminder","resourceId":"6825","details":"MongoDB update on Reminder","userIp":"","userAgent":""}
{"timestamp":"2025-05-15T12:01:45.305Z","userId":0,"action":"update","resourceType":"Reminder","resourceId":"6825","details":"MongoDB update on Reminder","userIp":"","userAgent":""}
{"timestamp":"2025-05-15T12:01:45.309Z","userId":0,"action":"update","resourceType":"Reminder","resourceId":"6825","details":"MongoDB update on Reminder","userIp":"","userAgent":""}
{"timestamp":"2025-05-15T12:01:45.313Z","userId":0,"action":"update","resourceType":"Reminder","resourceId":"6825","details":"MongoDB update on Reminder","userIp":"","userAgent":""}
{"timestamp":"2025-05-15T12:01:45.317Z","userId":0,"action":"update","resourceType":"Reminder","resourceId":"6825","details":"MongoDB update on Reminder","userIp":"","userAgent":""}
{"timestamp":"2025-05-15T12:01:45.321Z","userId":0,"action":"update","resourceType":"Reminder","resourceId":"6825","details":"MongoDB update on Reminder","userIp":"","userAgent":""}
{"timestamp":"2025-05-15T12:01:45.325Z","userId":0,"action":"update","resourceType":"Reminder","resourceId":"6825","details":"MongoDB update on Reminder","userIp":"","userAgent":""}
{"timestamp":"2025-05-15T12:01:45.329Z","userId":0,"action":"update","resourceType":"Reminder","resourceId":"6825","details":"MongoDB update on Reminder","userIp":"","userAgent":""}
{"timestamp":"2025-05-15T12:01:45.333Z","userId":0,"action":"update","resourceType":"Reminder","resourceId":"6825","details":"MongoDB update on Reminder","userIp":"","userAgent":""}
{"timestamp":"2025-05-15T12:01:45.338Z","userId":0,"action":"update","resourceType":"Reminder","resourceId":"6825","details":"MongoDB update on Reminder","userIp":"","userAgent":""}
{"timestamp":"2025-05-15T12:01:45.341Z","userId":0,"action":"update","resourceType":"Reminder","resourceId":"6825","details":"MongoDB update on Reminder","userIp":"","userAgent":""}
{"timestamp":"2025-05-15T12:01:45.346Z","userId":0,"action":"update","resourceType":"Reminder","resourceId":"6825","details":"MongoDB update on Reminder","userIp":"","userAgent":""}
{"timestamp":"2025-05-15T12:01:45.349Z","userId":0,"action":"update","resourceType":"Reminder","resourceId":"6825","details":"MongoDB update on Reminder","userIp":"","userAgent":""}
{"timestamp":"2025-05-15T12:01:45.353Z","userId":0,"action":"update","resourceType":"Reminder","resourceId":"6825","details":"MongoDB update on Reminder","userIp":"","userAgent":""}
{"timestamp":"2025-05-15T12:01:45.358Z","userId":0,"action":"update","resourceType":"Reminder","resourceId":"6825","details":"MongoDB update on Reminder","userIp":"","userAgent":""}
{"timestamp":"2025-05-15T12:01:45.362Z","userId":0,"action":"update","resourceType":"Reminder","resourceId":"6825","details":"MongoDB update on Reminder","userIp":"","userAgent":""}
{"timestamp":"2025-05-15T12:01:45.367Z","userId":0,"action":"update","resourceType":"Reminder","resourceId":"6825","details":"MongoDB update on Reminder","userIp":"","userAgent":""}
{"timestamp":"2025-05-15T12:01:45.372Z","userId":0,"action":"update","resourceType":"Reminder","resourceId":"6825","details":"MongoDB update on Reminder","userIp":"","userAgent":""}
{"timestamp":"2025-05-15T12:01:45.375Z","userId":0,"action":"update","resourceType":"Reminder","resourceId":"6825","details":"MongoDB update on Reminder","userIp":"","userAgent":""}
{"timestamp":"2025-05-15T12:01:45.380Z","userId":0,"action":"update","resourceType":"Reminder","resourceId":"6825","details":"MongoDB update on Reminder","userIp":"","userAgent":""}
{"timestamp":"2025-05-15T12:01:45.384Z","userId":0,"action":"update","resourceType":"Reminder","resourceId":"6825","details":"MongoDB update on Reminder","userIp":"","userAgent":""}
{"timestamp":"2025-05-15T12:01:45.388Z","userId":0,"action":"update","resourceType":"Reminder","resourceId":"6825","details":"MongoDB update on Reminder","userIp":"","userAgent":""}
{"timestamp":"2025-05-15T12:01:45.392Z","userId":0,"action":"update","resourceType":"Reminder","resourceId":"6825","details":"MongoDB update on Reminder","userIp":"","userAgent":""}
{"timestamp":"2025-05-15T12:01:45.395Z","userId":0,"action":"update","resourceType":"Reminder","resourceId":"6825","details":"MongoDB update on Reminder","userIp":"","userAgent":""}
{"timestamp":"2025-05-15T12:01:45.400Z","userId":0,"action":"update","resourceType":"Reminder","resourceId":"6825","details":"MongoDB update on Reminder","userIp":"","userAgent":""}
{"timestamp":"2025-05-15T12:01:45.405Z","userId":0,"action":"update","resourceType":"Reminder","resourceId":"6825","details":"MongoDB update on Reminder","userIp":"","userAgent":""}
{"timestamp":"2025-05-15T12:01:45.409Z","userId":0,"action":"update","resourceType":"Reminder","resourceId":"6825","details":"MongoDB update on Reminder","userIp":"","userAgent":""}
{"timestamp":"2025-05-15T12:01:45.412Z","userId":0,"action":"update","resourceType":"Reminder","resourceId":"6825","details":"MongoDB update on Reminder","userIp":"","userAgent":""}
{"timestamp":"2025-05-15T12:01:45.417Z","userId":0,"action":"update","resourceType":"Reminder","resourceId":"6825","details":"MongoDB update on Reminder","userIp":"","userAgent":""}
{"timestamp":"2025-05-15T12:01:45.421Z","userId":0,"action":"update","resourceType":"Reminder","resourceId":"6825","details":"MongoDB update on Reminder","userIp":"","userAgent":""}
{"timestamp":"2025-05-15T12:01:45.426Z","userId":0,"action":"update","resourceType":"Reminder","resourceId":"6825","details":"MongoDB update on Reminder","userIp":"","userAgent":""}
{"timestamp":"2025-05-15T12:01:45.430Z","userId":0,"action":"update","resourceType":"Reminder","resourceId":"6825","details":"MongoDB update on Reminder","userIp":"","userAgent":""}
{"timestamp":"2025-05-15T12:01:45.435Z","userId":0,"action":"update","resourceType":"Reminder","resourceId":"6825","details":"MongoDB update on Reminder","userIp":"","userAgent":""}
{"timestamp":"2025-05-15T12:01:45.439Z","userId":0,"action":"update","resourceType":"Reminder","resourceId":"6825","details":"MongoDB update on Reminder","userIp":"","userAgent":""}
{"timestamp":"2025-05-15T12:01:45.443Z","userId":0,"action":"update","resourceType":"Reminder","resourceId":"6825","details":"MongoDB update on Reminder","userIp":"","userAgent":""}
{"timestamp":"2025-05-15T12:01:45.449Z","userId":0,"action":"update","resourceType":"Reminder","resourceId":"6825","details":"MongoDB update on Reminder","userIp":"","userAgent":""}
{"timestamp":"2025-05-15T12:01:45.454Z","userId":0,"action":"update","resourceType":"Reminder","resourceId":"6825","details":"MongoDB update on Reminder","userIp":"","userAgent":""}
{"timestamp":"2025-05-15T12:01:45.460Z","userId":0,"action":"update","resourceType":"Reminder","resourceId":"6825","details":"MongoDB update on Reminder","userIp":"","userAgent":""}
{"timestamp":"2025-05-15T12:01:45.466Z","userId":0,"action":"update","resourceType":"Reminder","resourceId":"6825","details":"MongoDB update on Reminder","userIp":"","userAgent":""}
{"timestamp":"2025-05-15T12:01:45.470Z","userId":0,"action":"update","resourceType":"Reminder","resourceId":"6825","details":"MongoDB update on Reminder","userIp":"","userAgent":""}
{"timestamp":"2025-05-15T12:01:45.474Z","userId":0,"action":"update","resourceType":"Reminder","resourceId":"6825","details":"MongoDB update on Reminder","userIp":"","userAgent":""}
{"timestamp":"2025-05-15T12:01:45.479Z","userId":0,"action":"update","resourceType":"Reminder","resourceId":"6825","details":"MongoDB update on Reminder","userIp":"","userAgent":""}
{"timestamp":"2025-05-15T12:01:45.486Z","userId":0,"action":"update","resourceType":"Reminder","resourceId":"6825","details":"MongoDB update on Reminder","userIp":"","userAgent":""}
{"timestamp":"2025-05-15T12:01:45.498Z","userId":0,"action":"update","resourceType":"Reminder","resourceId":"6825","details":"MongoDB update on Reminder","userIp":"","userAgent":""}
{"timestamp":"2025-05-15T12:01:45.503Z","userId":0,"action":"update","resourceType":"Reminder","resourceId":"6825","details":"MongoDB update on Reminder","userIp":"","userAgent":""}
{"timestamp":"2025-05-15T12:01:45.508Z","userId":0,"action":"update","resourceType":"Reminder","resourceId":"6825","details":"MongoDB update on Reminder","userIp":"","userAgent":""}
{"timestamp":"2025-05-15T12:01:45.513Z","userId":0,"action":"update","resourceType":"Reminder","resourceId":"6825","details":"MongoDB update on Reminder","userIp":"","userAgent":""}
{"timestamp":"2025-05-15T12:01:45.518Z","userId":0,"action":"update","resourceType":"Reminder","resourceId":"6825","details":"MongoDB update on Reminder","userIp":"","userAgent":""}
{"timestamp":"2025-05-15T12:01:45.522Z","userId":0,"action":"update","resourceType":"Reminder","resourceId":"6825","details":"MongoDB update on Reminder","userIp":"","userAgent":""}
{"timestamp":"2025-05-15T12:01:45.527Z","userId":0,"action":"update","resourceType":"Reminder","resourceId":"6825","details":"MongoDB update on Reminder","userIp":"","userAgent":""}
{"timestamp":"2025-05-15T12:01:45.532Z","userId":0,"action":"update","resourceType":"Reminder","resourceId":"6825","details":"MongoDB update on Reminder","userIp":"","userAgent":""}
{"timestamp":"2025-05-15T12:01:45.537Z","userId":0,"action":"update","resourceType":"Reminder","resourceId":"6825","details":"MongoDB update on Reminder","userIp":"","userAgent":""}
{"timestamp":"2025-05-15T12:01:45.542Z","userId":0,"action":"update","resourceType":"Reminder","resourceId":"6825","details":"MongoDB update on Reminder","userIp":"","userAgent":""}
{"timestamp":"2025-05-15T12:01:45.546Z","userId":0,"action":"update","resourceType":"Reminder","resourceId":"6825","details":"MongoDB update on Reminder","userIp":"","userAgent":""}
{"timestamp":"2025-05-15T12:01:45.550Z","userId":0,"action":"update","resourceType":"Reminder","resourceId":"6825","details":"MongoDB update on Reminder","userIp":"","userAgent":""}
{"timestamp":"2025-05-15T12:01:45.553Z","userId":0,"action":"update","resourceType":"Reminder","resourceId":"6825","details":"MongoDB update on Reminder","userIp":"","userAgent":""}
{"timestamp":"2025-05-15T12:01:45.558Z","userId":0,"action":"update","resourceType":"Reminder","resourceId":"6825","details":"MongoDB update on Reminder","userIp":"","userAgent":""}
{"timestamp":"2025-05-15T12:01:45.562Z","userId":0,"action":"update","resourceType":"Reminder","resourceId":"6825","details":"MongoDB update on Reminder","userIp":"","userAgent":""}
{"timestamp":"2025-05-15T12:01:45.565Z","userId":0,"action":"update","resourceType":"Reminder","resourceId":"6825","details":"MongoDB update on Reminder","userIp":"","userAgent":""}
{"timestamp":"2025-05-15T12:01:45.569Z","userId":0,"action":"update","resourceType":"Reminder","resourceId":"6825","details":"MongoDB update on Reminder","userIp":"","userAgent":""}
{"timestamp":"2025-05-15T12:01:45.574Z","userId":0,"action":"update","resourceType":"Reminder","resourceId":"6825","details":"MongoDB update on Reminder","userIp":"","userAgent":""}
{"timestamp":"2025-05-15T12:01:45.578Z","userId":0,"action":"update","resourceType":"Reminder","resourceId":"6825","details":"MongoDB update on Reminder","userIp":"","userAgent":""}
{"timestamp":"2025-05-15T12:01:45.583Z","userId":0,"action":"update","resourceType":"Reminder","resourceId":"6825","details":"MongoDB update on Reminder","userIp":"","userAgent":""}
{"timestamp":"2025-05-15T12:01:45.587Z","userId":0,"action":"update","resourceType":"Reminder","resourceId":"6825","details":"MongoDB update on Reminder","userIp":"","userAgent":""}
{"timestamp":"2025-05-15T12:01:45.591Z","userId":0,"action":"update","resourceType":"Reminder","resourceId":"6825","details":"MongoDB update on Reminder","userIp":"","userAgent":""}
{"timestamp":"2025-05-15T12:01:45.595Z","userId":0,"action":"update","resourceType":"Reminder","resourceId":"6825","details":"MongoDB update on Reminder","userIp":"","userAgent":""}
{"timestamp":"2025-05-15T12:01:45.599Z","userId":0,"action":"update","resourceType":"Reminder","resourceId":"6825","details":"MongoDB update on Reminder","userIp":"","userAgent":""}
{"timestamp":"2025-05-15T12:01:45.603Z","userId":0,"action":"update","resourceType":"Reminder","resourceId":"6825","details":"MongoDB update on Reminder","userIp":"","userAgent":""}
{"timestamp":"2025-05-15T12:01:45.607Z","userId":0,"action":"update","resourceType":"Reminder","resourceId":"6825","details":"MongoDB update on Reminder","userIp":"","userAgent":""}
{"timestamp":"2025-05-15T12:01:45.612Z","userId":0,"action":"update","resourceType":"Reminder","resourceId":"6825","details":"MongoDB update on Reminder","userIp":"","userAgent":""}
{"timestamp":"2025-05-15T12:01:45.617Z","userId":0,"action":"update","resourceType":"Reminder","resourceId":"6825","details":"MongoDB update on Reminder","userIp":"","userAgent":""}
{"timestamp":"2025-05-15T12:01:45.623Z","userId":0,"action":"update","resourceType":"Reminder","resourceId":"6825","details":"MongoDB update on Reminder","userIp":"","userAgent":""}
{"timestamp":"2025-05-15T12:01:45.627Z","userId":0,"action":"update","resourceType":"Reminder","resourceId":"6825","details":"MongoDB update on Reminder","userIp":"","userAgent":""}
{"timestamp":"2025-05-15T12:01:45.631Z","userId":0,"action":"update","resourceType":"Reminder","resourceId":"6825","details":"MongoDB update on Reminder","userIp":"","userAgent":""}
{"timestamp":"2025-05-15T12:01:45.636Z","userId":0,"action":"update","resourceType":"Reminder","resourceId":"6825","details":"MongoDB update on Reminder","userIp":"","userAgent":""}
{"timestamp":"2025-05-15T12:01:45.641Z","userId":0,"action":"update","resourceType":"Reminder","resourceId":"6825","details":"MongoDB update on Reminder","userIp":"","userAgent":""}
{"timestamp":"2025-05-15T12:01:45.646Z","userId":0,"action":"update","resourceType":"Reminder","resourceId":"6825","details":"MongoDB update on Reminder","userIp":"","userAgent":""}
{"timestamp":"2025-05-15T12:01:45.651Z","userId":0,"action":"update","resourceType":"Reminder","resourceId":"6825","details":"MongoDB update on Reminder","userIp":"","userAgent":""}
{"timestamp":"2025-05-15T12:01:45.654Z","userId":0,"action":"update","resourceType":"Reminder","resourceId":"6825","details":"MongoDB update on Reminder","userIp":"","userAgent":""}
{"timestamp":"2025-05-15T12:01:45.677Z","userId":0,"action":"update","resourceType":"Reminder","resourceId":"6825","details":"MongoDB update on Reminder","userIp":"","userAgent":""}
{"timestamp":"2025-05-15T12:01:45.683Z","userId":0,"action":"update","resourceType":"Reminder","resourceId":"6825","details":"MongoDB update on Reminder","userIp":"","userAgent":""}
{"timestamp":"2025-05-15T12:01:45.688Z","userId":0,"action":"update","resourceType":"Reminder","resourceId":"6825","details":"MongoDB update on Reminder","userIp":"","userAgent":""}
{"timestamp":"2025-05-15T12:01:45.693Z","userId":0,"action":"update","resourceType":"Reminder","resourceId":"6825","details":"MongoDB update on Reminder","userIp":"","userAgent":""}
{"timestamp":"2025-05-15T12:01:45.699Z","userId":0,"action":"update","resourceType":"Reminder","resourceId":"6825","details":"MongoDB update on Reminder","userIp":"","userAgent":""}
{"timestamp":"2025-05-15T12:01:45.704Z","userId":0,"action":"update","resourceType":"Reminder","resourceId":"6825","details":"MongoDB update on Reminder","userIp":"","userAgent":""}
{"timestamp":"2025-05-15T12:01:45.707Z","userId":0,"action":"update","resourceType":"Reminder","resourceId":"6825","details":"MongoDB update on Reminder","userIp":"","userAgent":""}
{"timestamp":"2025-05-15T12:01:45.711Z","userId":0,"action":"update","resourceType":"Reminder","resourceId":"6825","details":"MongoDB update on Reminder","userIp":"","userAgent":""}
{"timestamp":"2025-05-15T12:01:45.716Z","userId":0,"action":"update","resourceType":"Reminder","resourceId":"6825","details":"MongoDB update on Reminder","userIp":"","userAgent":""}
{"timestamp":"2025-05-15T12:01:45.721Z","userId":0,"action":"update","resourceType":"Reminder","resourceId":"6825","details":"MongoDB update on Reminder","userIp":"","userAgent":""}
{"timestamp":"2025-05-15T12:01:45.725Z","userId":0,"action":"update","resourceType":"Reminder","resourceId":"6825","details":"MongoDB update on Reminder","userIp":"","userAgent":""}
{"timestamp":"2025-05-15T12:01:45.728Z","userId":0,"action":"update","resourceType":"Reminder","resourceId":"6825","details":"MongoDB update on Reminder","userIp":"","userAgent":""}
{"timestamp":"2025-05-15T12:01:45.749Z","userId":0,"action":"update","resourceType":"Reminder","resourceId":"6825","details":"MongoDB update on Reminder","userIp":"","userAgent":""}
{"timestamp":"2025-05-15T12:01:45.755Z","userId":0,"action":"update","resourceType":"Reminder","resourceId":"6825","details":"MongoDB update on Reminder","userIp":"","userAgent":""}
{"timestamp":"2025-05-15T12:01:45.760Z","userId":0,"action":"update","resourceType":"Reminder","resourceId":"6825","details":"MongoDB update on Reminder","userIp":"","userAgent":""}
{"timestamp":"2025-05-15T12:01:45.764Z","userId":0,"action":"update","resourceType":"Reminder","resourceId":"6825","details":"MongoDB update on Reminder","userIp":"","userAgent":""}
{"timestamp":"2025-05-15T12:01:45.769Z","userId":0,"action":"update","resourceType":"Reminder","resourceId":"6825","details":"MongoDB update on Reminder","userIp":"","userAgent":""}
{"timestamp":"2025-05-15T12:01:45.774Z","userId":0,"action":"update","resourceType":"Reminder","resourceId":"6825","details":"MongoDB update on Reminder","userIp":"","userAgent":""}
{"timestamp":"2025-05-15T12:01:45.778Z","userId":0,"action":"update","resourceType":"Reminder","resourceId":"6825","details":"MongoDB update on Reminder","userIp":"","userAgent":""}
{"timestamp":"2025-05-15T12:01:45.782Z","userId":0,"action":"update","resourceType":"Reminder","resourceId":"6825","details":"MongoDB update on Reminder","userIp":"","userAgent":""}
{"timestamp":"2025-05-15T12:01:45.786Z","userId":0,"action":"update","resourceType":"Reminder","resourceId":"6825","details":"MongoDB update on Reminder","userIp":"","userAgent":""}
{"timestamp":"2025-05-15T12:01:45.791Z","userId":0,"action":"update","resourceType":"Reminder","resourceId":"6825","details":"MongoDB update on Reminder","userIp":"","userAgent":""}
{"timestamp":"2025-05-15T12:01:45.794Z","userId":0,"action":"update","resourceType":"Reminder","resourceId":"6825","details":"MongoDB update on Reminder","userIp":"","userAgent":""}
{"timestamp":"2025-05-15T12:01:45.798Z","userId":0,"action":"update","resourceType":"Reminder","resourceId":"6825","details":"MongoDB update on Reminder","userIp":"","userAgent":""}
{"timestamp":"2025-05-15T12:01:45.802Z","userId":0,"action":"update","resourceType":"Reminder","resourceId":"6825","details":"MongoDB update on Reminder","userIp":"","userAgent":""}
{"timestamp":"2025-05-15T12:01:45.806Z","userId":0,"action":"update","resourceType":"Reminder","resourceId":"6825","details":"MongoDB update on Reminder","userIp":"","userAgent":""}
{"timestamp":"2025-05-15T12:01:45.810Z","userId":0,"action":"update","resourceType":"Reminder","resourceId":"6825","details":"MongoDB update on Reminder","userIp":"","userAgent":""}
{"timestamp":"2025-05-15T12:01:45.814Z","userId":0,"action":"update","resourceType":"Reminder","resourceId":"6825","details":"MongoDB update on Reminder","userIp":"","userAgent":""}
{"timestamp":"2025-05-15T12:01:45.818Z","userId":0,"action":"update","resourceType":"Reminder","resourceId":"6825","details":"MongoDB update on Reminder","userIp":"","userAgent":""}
{"timestamp":"2025-05-15T12:01:45.822Z","userId":0,"action":"update","resourceType":"Reminder","resourceId":"6825","details":"MongoDB update on Reminder","userIp":"","userAgent":""}
{"timestamp":"2025-05-15T12:01:45.827Z","userId":0,"action":"update","resourceType":"Reminder","resourceId":"6825","details":"MongoDB update on Reminder","userIp":"","userAgent":""}
{"timestamp":"2025-05-15T12:01:45.832Z","userId":0,"action":"update","resourceType":"Reminder","resourceId":"6825","details":"MongoDB update on Reminder","userIp":"","userAgent":""}
{"timestamp":"2025-05-15T12:01:45.836Z","userId":0,"action":"update","resourceType":"Reminder","resourceId":"6825","details":"MongoDB update on Reminder","userIp":"","userAgent":""}
{"timestamp":"2025-05-15T12:01:45.840Z","userId":0,"action":"update","resourceType":"Reminder","resourceId":"6825","details":"MongoDB update on Reminder","userIp":"","userAgent":""}
{"timestamp":"2025-05-15T12:01:45.845Z","userId":0,"action":"update","resourceType":"Reminder","resourceId":"6825","details":"MongoDB update on Reminder","userIp":"","userAgent":""}
{"timestamp":"2025-05-15T12:01:45.850Z","userId":0,"action":"update","resourceType":"Reminder","resourceId":"6825","details":"MongoDB update on Reminder","userIp":"","userAgent":""}
{"timestamp":"2025-05-15T12:01:45.855Z","userId":0,"action":"update","resourceType":"Reminder","resourceId":"6825","details":"MongoDB update on Reminder","userIp":"","userAgent":""}
{"timestamp":"2025-05-15T12:01:45.864Z","userId":0,"action":"update","resourceType":"Reminder","resourceId":"6825","details":"MongoDB update on Reminder","userIp":"","userAgent":""}
{"timestamp":"2025-05-15T12:01:45.869Z","userId":0,"action":"update","resourceType":"Reminder","resourceId":"6825","details":"MongoDB update on Reminder","userIp":"","userAgent":""}
{"timestamp":"2025-05-15T12:01:45.873Z","userId":0,"action":"update","resourceType":"Reminder","resourceId":"6825","details":"MongoDB update on Reminder","userIp":"","userAgent":""}
{"timestamp":"2025-05-15T12:01:45.877Z","userId":0,"action":"update","resourceType":"Reminder","resourceId":"6825","details":"MongoDB update on Reminder","userIp":"","userAgent":""}
{"timestamp":"2025-05-15T12:01:45.881Z","userId":0,"action":"update","resourceType":"Reminder","resourceId":"6825","details":"MongoDB update on Reminder","userIp":"","userAgent":""}
{"timestamp":"2025-05-15T12:01:45.885Z","userId":0,"action":"update","resourceType":"Reminder","resourceId":"6825","details":"MongoDB update on Reminder","userIp":"","userAgent":""}
{"timestamp":"2025-05-15T12:01:45.890Z","userId":0,"action":"update","resourceType":"Reminder","resourceId":"6825","details":"MongoDB update on Reminder","userIp":"","userAgent":""}
{"timestamp":"2025-05-15T12:01:45.895Z","userId":0,"action":"update","resourceType":"Reminder","resourceId":"6825","details":"MongoDB update on Reminder","userIp":"","userAgent":""}
{"timestamp":"2025-05-15T12:01:45.899Z","userId":0,"action":"update","resourceType":"Reminder","resourceId":"6825","details":"MongoDB update on Reminder","userIp":"","userAgent":""}
{"timestamp":"2025-05-15T12:01:45.904Z","userId":0,"action":"update","resourceType":"Reminder","resourceId":"6825","details":"MongoDB update on Reminder","userIp":"","userAgent":""}
{"timestamp":"2025-05-15T12:01:45.908Z","userId":0,"action":"update","resourceType":"Reminder","resourceId":"6825","details":"MongoDB update on Reminder","userIp":"","userAgent":""}
{"timestamp":"2025-05-15T12:01:45.912Z","userId":0,"action":"update","resourceType":"Reminder","resourceId":"6825","details":"MongoDB update on Reminder","userIp":"","userAgent":""}
{"timestamp":"2025-05-15T12:01:45.916Z","userId":0,"action":"update","resourceType":"Reminder","resourceId":"6825","details":"MongoDB update on Reminder","userIp":"","userAgent":""}
{"timestamp":"2025-05-15T12:01:45.921Z","userId":0,"action":"update","resourceType":"Reminder","resourceId":"6825","details":"MongoDB update on Reminder","userIp":"","userAgent":""}
{"timestamp":"2025-05-15T12:01:45.925Z","userId":0,"action":"update","resourceType":"Reminder","resourceId":"6825","details":"MongoDB update on Reminder","userIp":"","userAgent":""}
{"timestamp":"2025-05-15T12:01:45.930Z","userId":0,"action":"update","resourceType":"Reminder","resourceId":"6825","details":"MongoDB update on Reminder","userIp":"","userAgent":""}
{"timestamp":"2025-05-15T12:01:45.934Z","userId":0,"action":"update","resourceType":"Reminder","resourceId":"6825","details":"MongoDB update on Reminder","userIp":"","userAgent":""}
{"timestamp":"2025-05-15T12:01:45.939Z","userId":0,"action":"update","resourceType":"Reminder","resourceId":"6825","details":"MongoDB update on Reminder","userIp":"","userAgent":""}
{"timestamp":"2025-05-15T12:01:45.943Z","userId":0,"action":"update","resourceType":"Reminder","resourceId":"6825","details":"MongoDB update on Reminder","userIp":"","userAgent":""}
{"timestamp":"2025-05-15T12:01:45.946Z","userId":0,"action":"update","resourceType":"Reminder","resourceId":"6825","details":"MongoDB update on Reminder","userIp":"","userAgent":""}
{"timestamp":"2025-05-15T12:01:45.950Z","userId":0,"action":"update","resourceType":"Reminder","resourceId":"6825","details":"MongoDB update on Reminder","userIp":"","userAgent":""}
{"timestamp":"2025-05-15T12:01:45.954Z","userId":0,"action":"update","resourceType":"Reminder","resourceId":"6825","details":"MongoDB update on Reminder","userIp":"","userAgent":""}
{"timestamp":"2025-05-15T12:01:45.958Z","userId":0,"action":"update","resourceType":"Reminder","resourceId":"6825","details":"MongoDB update on Reminder","userIp":"","userAgent":""}
{"timestamp":"2025-05-15T12:01:45.961Z","userId":0,"action":"update","resourceType":"Reminder","resourceId":"6825","details":"MongoDB update on Reminder","userIp":"","userAgent":""}
{"timestamp":"2025-05-15T12:01:45.965Z","userId":0,"action":"update","resourceType":"Reminder","resourceId":"6825","details":"MongoDB update on Reminder","userIp":"","userAgent":""}
{"timestamp":"2025-05-15T12:01:45.968Z","userId":0,"action":"update","resourceType":"Reminder","resourceId":"6825","details":"MongoDB update on Reminder","userIp":"","userAgent":""}
{"timestamp":"2025-05-15T12:01:45.973Z","userId":0,"action":"update","resourceType":"Reminder","resourceId":"6825","details":"MongoDB update on Reminder","userIp":"","userAgent":""}
{"timestamp":"2025-05-15T12:01:45.977Z","userId":0,"action":"update","resourceType":"Reminder","resourceId":"6825","details":"MongoDB update on Reminder","userIp":"","userAgent":""}
{"timestamp":"2025-05-15T12:01:45.982Z","userId":0,"action":"update","resourceType":"Reminder","resourceId":"6825","details":"MongoDB update on Reminder","userIp":"","userAgent":""}
{"timestamp":"2025-05-15T12:01:45.985Z","userId":0,"action":"update","resourceType":"Reminder","resourceId":"6825","details":"MongoDB update on Reminder","userIp":"","userAgent":""}
{"timestamp":"2025-05-15T12:01:45.989Z","userId":0,"action":"update","resourceType":"Reminder","resourceId":"6825","details":"MongoDB update on Reminder","userIp":"","userAgent":""}
{"timestamp":"2025-05-15T12:01:45.993Z","userId":0,"action":"update","resourceType":"Reminder","resourceId":"6825","details":"MongoDB update on Reminder","userIp":"","userAgent":""}
{"timestamp":"2025-05-15T12:01:45.996Z","userId":0,"action":"update","resourceType":"Reminder","resourceId":"6825","details":"MongoDB update on Reminder","userIp":"","userAgent":""}
{"timestamp":"2025-05-15T12:01:46.000Z","userId":0,"action":"update","resourceType":"Reminder","resourceId":"6825","details":"MongoDB update on Reminder","userIp":"","userAgent":""}
{"timestamp":"2025-05-15T12:01:46.004Z","userId":0,"action":"update","resourceType":"Reminder","resourceId":"6825","details":"MongoDB update on Reminder","userIp":"","userAgent":""}
{"timestamp":"2025-05-15T12:01:46.009Z","userId":0,"action":"update","resourceType":"Reminder","resourceId":"6825","details":"MongoDB update on Reminder","userIp":"","userAgent":""}
{"timestamp":"2025-05-15T12:01:46.039Z","userId":0,"action":"update","resourceType":"Reminder","resourceId":"6825","details":"MongoDB update on Reminder","userIp":"","userAgent":""}
{"timestamp":"2025-05-15T12:01:46.044Z","userId":0,"action":"update","resourceType":"Reminder","resourceId":"6825","details":"MongoDB update on Reminder","userIp":"","userAgent":""}
{"timestamp":"2025-05-15T12:01:46.047Z","userId":0,"action":"update","resourceType":"Reminder","resourceId":"6825","details":"MongoDB update on Reminder","userIp":"","userAgent":""}
{"timestamp":"2025-05-15T12:01:46.050Z","userId":0,"action":"update","resourceType":"Reminder","resourceId":"6825","details":"MongoDB update on Reminder","userIp":"","userAgent":""}
{"timestamp":"2025-05-15T12:01:46.054Z","userId":0,"action":"update","resourceType":"Reminder","resourceId":"6825","details":"MongoDB update on Reminder","userIp":"","userAgent":""}
{"timestamp":"2025-05-15T12:01:46.057Z","userId":0,"action":"update","resourceType":"Reminder","resourceId":"6825","details":"MongoDB update on Reminder","userIp":"","userAgent":""}
{"timestamp":"2025-05-15T12:01:46.060Z","userId":0,"action":"update","resourceType":"Reminder","resourceId":"6825","details":"MongoDB update on Reminder","userIp":"","userAgent":""}
{"timestamp":"2025-05-15T12:01:46.065Z","userId":0,"action":"update","resourceType":"Reminder","resourceId":"6825","details":"MongoDB update on Reminder","userIp":"","userAgent":""}
{"timestamp":"2025-05-15T12:01:46.068Z","userId":0,"action":"update","resourceType":"Reminder","resourceId":"6825","details":"MongoDB update on Reminder","userIp":"","userAgent":""}
{"timestamp":"2025-05-15T12:01:46.075Z","userId":0,"action":"update","resourceType":"Reminder","resourceId":"6825","details":"MongoDB update on Reminder","userIp":"","userAgent":""}
{"timestamp":"2025-05-15T12:01:46.079Z","userId":0,"action":"update","resourceType":"Reminder","resourceId":"6825","details":"MongoDB update on Reminder","userIp":"","userAgent":""}
{"timestamp":"2025-05-15T12:01:46.083Z","userId":0,"action":"update","resourceType":"Reminder","resourceId":"6825","details":"MongoDB update on Reminder","userIp":"","userAgent":""}
{"timestamp":"2025-05-15T12:01:46.087Z","userId":0,"action":"update","resourceType":"Reminder","resourceId":"6825","details":"MongoDB update on Reminder","userIp":"","userAgent":""}
{"timestamp":"2025-05-15T12:01:46.091Z","userId":0,"action":"update","resourceType":"Reminder","resourceId":"6825","details":"MongoDB update on Reminder","userIp":"","userAgent":""}
{"timestamp":"2025-05-15T12:01:46.095Z","userId":0,"action":"update","resourceType":"Reminder","resourceId":"6825","details":"MongoDB update on Reminder","userIp":"","userAgent":""}
{"timestamp":"2025-05-15T12:01:46.098Z","userId":0,"action":"update","resourceType":"Reminder","resourceId":"6825","details":"MongoDB update on Reminder","userIp":"","userAgent":""}
{"timestamp":"2025-05-15T12:01:46.103Z","userId":0,"action":"update","resourceType":"Reminder","resourceId":"6825","details":"MongoDB update on Reminder","userIp":"","userAgent":""}
{"timestamp":"2025-05-15T12:01:46.106Z","userId":0,"action":"update","resourceType":"Reminder","resourceId":"6825","details":"MongoDB update on Reminder","userIp":"","userAgent":""}
{"timestamp":"2025-05-15T12:01:46.113Z","userId":0,"action":"update","resourceType":"Reminder","resourceId":"6825","details":"MongoDB update on Reminder","userIp":"","userAgent":""}
{"timestamp":"2025-05-15T12:01:46.116Z","userId":0,"action":"update","resourceType":"Reminder","resourceId":"6825","details":"MongoDB update on Reminder","userIp":"","userAgent":""}
{"timestamp":"2025-05-15T12:01:46.119Z","userId":0,"action":"update","resourceType":"Reminder","resourceId":"6825","details":"MongoDB update on Reminder","userIp":"","userAgent":""}
{"timestamp":"2025-05-15T12:01:46.123Z","userId":0,"action":"update","resourceType":"Reminder","resourceId":"6825","details":"MongoDB update on Reminder","userIp":"","userAgent":""}
{"timestamp":"2025-05-15T12:01:46.126Z","userId":0,"action":"update","resourceType":"Reminder","resourceId":"6825","details":"MongoDB update on Reminder","userIp":"","userAgent":""}
{"timestamp":"2025-05-15T12:01:46.129Z","userId":0,"action":"update","resourceType":"Reminder","resourceId":"6825","details":"MongoDB update on Reminder","userIp":"","userAgent":""}
{"timestamp":"2025-05-15T12:01:46.133Z","userId":0,"action":"update","resourceType":"Reminder","resourceId":"6825","details":"MongoDB update on Reminder","userIp":"","userAgent":""}
{"timestamp":"2025-05-15T12:01:46.138Z","userId":0,"action":"update","resourceType":"Reminder","resourceId":"6825","details":"MongoDB update on Reminder","userIp":"","userAgent":""}
{"timestamp":"2025-05-15T12:01:46.142Z","userId":0,"action":"update","resourceType":"Reminder","resourceId":"6825","details":"MongoDB update on Reminder","userIp":"","userAgent":""}
{"timestamp":"2025-05-15T12:01:46.151Z","userId":0,"action":"update","resourceType":"Reminder","resourceId":"6825","details":"MongoDB update on Reminder","userIp":"","userAgent":""}
{"timestamp":"2025-05-15T12:01:46.155Z","userId":0,"action":"update","resourceType":"Reminder","resourceId":"6825","details":"MongoDB update on Reminder","userIp":"","userAgent":""}
{"timestamp":"2025-05-15T12:01:46.159Z","userId":0,"action":"update","resourceType":"Reminder","resourceId":"6825","details":"MongoDB update on Reminder","userIp":"","userAgent":""}
{"timestamp":"2025-05-15T12:01:46.162Z","userId":0,"action":"update","resourceType":"Reminder","resourceId":"6825","details":"MongoDB update on Reminder","userIp":"","userAgent":""}
{"timestamp":"2025-05-15T12:01:46.166Z","userId":0,"action":"update","resourceType":"Reminder","resourceId":"6825","details":"MongoDB update on Reminder","userIp":"","userAgent":""}
{"timestamp":"2025-05-15T12:01:46.169Z","userId":0,"action":"update","resourceType":"Reminder","resourceId":"6825","details":"MongoDB update on Reminder","userIp":"","userAgent":""}
{"timestamp":"2025-05-15T12:01:46.172Z","userId":0,"action":"update","resourceType":"Reminder","resourceId":"6825","details":"MongoDB update on Reminder","userIp":"","userAgent":""}
{"timestamp":"2025-05-15T12:01:46.175Z","userId":0,"action":"update","resourceType":"Reminder","resourceId":"6825","details":"MongoDB update on Reminder","userIp":"","userAgent":""}
{"timestamp":"2025-05-15T12:01:46.179Z","userId":0,"action":"update","resourceType":"Reminder","resourceId":"6825","details":"MongoDB update on Reminder","userIp":"","userAgent":""}
{"timestamp":"2025-05-15T12:01:46.208Z","userId":0,"action":"update","resourceType":"Reminder","resourceId":"6825","details":"MongoDB update on Reminder","userIp":"","userAgent":""}
{"timestamp":"2025-05-15T12:01:46.212Z","userId":0,"action":"update","resourceType":"Reminder","resourceId":"6825","details":"MongoDB update on Reminder","userIp":"","userAgent":""}
{"timestamp":"2025-05-15T12:01:46.216Z","userId":0,"action":"update","resourceType":"Reminder","resourceId":"6825","details":"MongoDB update on Reminder","userIp":"","userAgent":""}
{"timestamp":"2025-05-15T12:01:46.220Z","userId":0,"action":"update","resourceType":"Reminder","resourceId":"6825","details":"MongoDB update on Reminder","userIp":"","userAgent":""}
{"timestamp":"2025-05-15T12:01:46.223Z","userId":0,"action":"update","resourceType":"Reminder","resourceId":"6825","details":"MongoDB update on Reminder","userIp":"","userAgent":""}
{"timestamp":"2025-05-15T12:01:46.227Z","userId":0,"action":"update","resourceType":"Reminder","resourceId":"6825","details":"MongoDB update on Reminder","userIp":"","userAgent":""}
{"timestamp":"2025-05-15T12:01:46.230Z","userId":0,"action":"update","resourceType":"Reminder","resourceId":"6825","details":"MongoDB update on Reminder","userIp":"","userAgent":""}
{"timestamp":"2025-05-15T12:01:46.233Z","userId":0,"action":"update","resourceType":"Reminder","resourceId":"6825","details":"MongoDB update on Reminder","userIp":"","userAgent":""}
{"timestamp":"2025-05-15T12:01:46.236Z","userId":0,"action":"update","resourceType":"Reminder","resourceId":"6825","details":"MongoDB update on Reminder","userIp":"","userAgent":""}
{"timestamp":"2025-05-15T12:01:46.245Z","userId":0,"action":"update","resourceType":"Reminder","resourceId":"6825","details":"MongoDB update on Reminder","userIp":"","userAgent":""}
{"timestamp":"2025-05-15T12:01:46.249Z","userId":0,"action":"update","resourceType":"Reminder","resourceId":"6825","details":"MongoDB update on Reminder","userIp":"","userAgent":""}
{"timestamp":"2025-05-15T12:01:46.252Z","userId":0,"action":"update","resourceType":"Reminder","resourceId":"6825","details":"MongoDB update on Reminder","userIp":"","userAgent":""}
{"timestamp":"2025-05-15T12:01:46.255Z","userId":0,"action":"update","resourceType":"Reminder","resourceId":"6825","details":"MongoDB update on Reminder","userIp":"","userAgent":""}
{"timestamp":"2025-05-15T12:01:46.258Z","userId":0,"action":"update","resourceType":"Reminder","resourceId":"6825","details":"MongoDB update on Reminder","userIp":"","userAgent":""}
{"timestamp":"2025-05-15T12:01:46.263Z","userId":0,"action":"update","resourceType":"Reminder","resourceId":"6825","details":"MongoDB update on Reminder","userIp":"","userAgent":""}
{"timestamp":"2025-05-15T12:01:46.266Z","userId":0,"action":"update","resourceType":"Reminder","resourceId":"6825","details":"MongoDB update on Reminder","userIp":"","userAgent":""}
{"timestamp":"2025-05-15T12:01:46.270Z","userId":0,"action":"update","resourceType":"Reminder","resourceId":"6825","details":"MongoDB update on Reminder","userIp":"","userAgent":""}
{"timestamp":"2025-05-15T12:01:46.273Z","userId":0,"action":"update","resourceType":"Reminder","resourceId":"6825","details":"MongoDB update on Reminder","userIp":"","userAgent":""}
{"timestamp":"2025-05-15T12:01:46.281Z","userId":0,"action":"update","resourceType":"Reminder","resourceId":"6825","details":"MongoDB update on Reminder","userIp":"","userAgent":""}
{"timestamp":"2025-05-15T12:01:46.284Z","userId":0,"action":"update","resourceType":"Reminder","resourceId":"6825","details":"MongoDB update on Reminder","userIp":"","userAgent":""}
{"timestamp":"2025-05-15T12:01:46.287Z","userId":0,"action":"update","resourceType":"Reminder","resourceId":"6825","details":"MongoDB update on Reminder","userIp":"","userAgent":""}
{"timestamp":"2025-05-15T12:01:46.291Z","userId":0,"action":"update","resourceType":"Reminder","resourceId":"6825","details":"MongoDB update on Reminder","userIp":"","userAgent":""}
{"timestamp":"2025-05-15T12:01:46.294Z","userId":0,"action":"update","resourceType":"Reminder","resourceId":"6825","details":"MongoDB update on Reminder","userIp":"","userAgent":""}
{"timestamp":"2025-05-15T12:01:46.298Z","userId":0,"action":"update","resourceType":"Reminder","resourceId":"6825","details":"MongoDB update on Reminder","userIp":"","userAgent":""}
{"timestamp":"2025-05-15T12:01:46.301Z","userId":0,"action":"update","resourceType":"Reminder","resourceId":"6825","details":"MongoDB update on Reminder","userIp":"","userAgent":""}
{"timestamp":"2025-05-15T12:01:46.305Z","userId":0,"action":"update","resourceType":"Reminder","resourceId":"6825","details":"MongoDB update on Reminder","userIp":"","userAgent":""}
{"timestamp":"2025-05-15T12:01:46.309Z","userId":0,"action":"update","resourceType":"Reminder","resourceId":"6825","details":"MongoDB update on Reminder","userIp":"","userAgent":""}
{"timestamp":"2025-05-15T12:01:46.317Z","userId":0,"action":"update","resourceType":"Reminder","resourceId":"6825","details":"MongoDB update on Reminder","userIp":"","userAgent":""}
{"timestamp":"2025-05-15T12:01:46.321Z","userId":0,"action":"update","resourceType":"Reminder","resourceId":"6825","details":"MongoDB update on Reminder","userIp":"","userAgent":""}
{"timestamp":"2025-05-15T12:01:46.324Z","userId":0,"action":"update","resourceType":"Reminder","resourceId":"6825","details":"MongoDB update on Reminder","userIp":"","userAgent":""}
{"timestamp":"2025-05-15T12:01:46.328Z","userId":0,"action":"update","resourceType":"Reminder","resourceId":"6825","details":"MongoDB update on Reminder","userIp":"","userAgent":""}
{"timestamp":"2025-05-15T12:01:46.332Z","userId":0,"action":"update","resourceType":"Reminder","resourceId":"6825","details":"MongoDB update on Reminder","userIp":"","userAgent":""}
{"timestamp":"2025-05-15T12:01:46.335Z","userId":0,"action":"update","resourceType":"Reminder","resourceId":"6825","details":"MongoDB update on Reminder","userIp":"","userAgent":""}
{"timestamp":"2025-05-15T12:01:46.338Z","userId":0,"action":"update","resourceType":"Reminder","resourceId":"6825","details":"MongoDB update on Reminder","userIp":"","userAgent":""}
{"timestamp":"2025-05-15T12:01:46.342Z","userId":0,"action":"update","resourceType":"Reminder","resourceId":"6825","details":"MongoDB update on Reminder","userIp":"","userAgent":""}
{"timestamp":"2025-05-15T12:01:46.345Z","userId":0,"action":"update","resourceType":"Reminder","resourceId":"6825","details":"MongoDB update on Reminder","userIp":"","userAgent":""}
{"timestamp":"2025-05-15T12:01:46.356Z","userId":0,"action":"update","resourceType":"Reminder","resourceId":"6825","details":"MongoDB update on Reminder","userIp":"","userAgent":""}
{"timestamp":"2025-05-15T12:01:46.360Z","userId":0,"action":"update","resourceType":"Reminder","resourceId":"6825","details":"MongoDB update on Reminder","userIp":"","userAgent":""}
{"timestamp":"2025-05-15T12:01:46.364Z","userId":0,"action":"update","resourceType":"Reminder","resourceId":"6825","details":"MongoDB update on Reminder","userIp":"","userAgent":""}
{"timestamp":"2025-05-15T12:01:46.368Z","userId":0,"action":"update","resourceType":"Reminder","resourceId":"6825","details":"MongoDB update on Reminder","userIp":"","userAgent":""}
{"timestamp":"2025-05-15T12:01:46.372Z","userId":0,"action":"update","resourceType":"Reminder","resourceId":"6825","details":"MongoDB update on Reminder","userIp":"","userAgent":""}
{"timestamp":"2025-05-15T12:01:46.375Z","userId":0,"action":"update","resourceType":"Reminder","resourceId":"6825","details":"MongoDB update on Reminder","userIp":"","userAgent":""}
{"timestamp":"2025-05-15T12:01:46.379Z","userId":0,"action":"update","resourceType":"Reminder","resourceId":"6825","details":"MongoDB update on Reminder","userIp":"","userAgent":""}
{"timestamp":"2025-05-15T12:01:46.383Z","userId":0,"action":"update","resourceType":"Reminder","resourceId":"6825","details":"MongoDB update on Reminder","userIp":"","userAgent":""}
{"timestamp":"2025-05-15T12:01:46.386Z","userId":0,"action":"update","resourceType":"Reminder","resourceId":"6825","details":"MongoDB update on Reminder","userIp":"","userAgent":""}
{"timestamp":"2025-05-15T12:01:46.393Z","userId":0,"action":"update","resourceType":"Reminder","resourceId":"6825","details":"MongoDB update on Reminder","userIp":"","userAgent":""}
{"timestamp":"2025-05-15T12:01:46.397Z","userId":0,"action":"update","resourceType":"Reminder","resourceId":"6825","details":"MongoDB update on Reminder","userIp":"","userAgent":""}
{"timestamp":"2025-05-15T12:01:46.401Z","userId":0,"action":"update","resourceType":"Reminder","resourceId":"6825","details":"MongoDB update on Reminder","userIp":"","userAgent":""}
{"timestamp":"2025-05-15T12:01:46.405Z","userId":0,"action":"update","resourceType":"Reminder","resourceId":"6825","details":"MongoDB update on Reminder","userIp":"","userAgent":""}
{"timestamp":"2025-05-15T12:01:46.408Z","userId":0,"action":"update","resourceType":"Reminder","resourceId":"6825","details":"MongoDB update on Reminder","userIp":"","userAgent":""}
{"timestamp":"2025-05-15T12:01:46.411Z","userId":0,"action":"update","resourceType":"Reminder","resourceId":"6825","details":"MongoDB update on Reminder","userIp":"","userAgent":""}
{"timestamp":"2025-05-15T12:01:46.415Z","userId":0,"action":"update","resourceType":"Reminder","resourceId":"6825","details":"MongoDB update on Reminder","userIp":"","userAgent":""}
{"timestamp":"2025-05-15T12:01:46.419Z","userId":0,"action":"update","resourceType":"Reminder","resourceId":"6825","details":"MongoDB update on Reminder","userIp":"","userAgent":""}
{"timestamp":"2025-05-15T12:01:46.422Z","userId":0,"action":"update","resourceType":"Reminder","resourceId":"6825","details":"MongoDB update on Reminder","userIp":"","userAgent":""}
{"timestamp":"2025-05-15T12:01:46.430Z","userId":0,"action":"update","resourceType":"Reminder","resourceId":"6825","details":"MongoDB update on Reminder","userIp":"","userAgent":""}
{"timestamp":"2025-05-15T12:01:46.434Z","userId":0,"action":"update","resourceType":"Reminder","resourceId":"6825","details":"MongoDB update on Reminder","userIp":"","userAgent":""}
{"timestamp":"2025-05-15T12:01:46.438Z","userId":0,"action":"update","resourceType":"Reminder","resourceId":"6825","details":"MongoDB update on Reminder","userIp":"","userAgent":""}
{"timestamp":"2025-05-15T12:01:46.442Z","userId":0,"action":"update","resourceType":"Reminder","resourceId":"6825","details":"MongoDB update on Reminder","userIp":"","userAgent":""}
{"timestamp":"2025-05-15T12:01:46.445Z","userId":0,"action":"update","resourceType":"Reminder","resourceId":"6825","details":"MongoDB update on Reminder","userIp":"","userAgent":""}
{"timestamp":"2025-05-15T12:01:46.450Z","userId":0,"action":"update","resourceType":"Reminder","resourceId":"6825","details":"MongoDB update on Reminder","userIp":"","userAgent":""}
{"timestamp":"2025-05-15T12:01:46.454Z","userId":0,"action":"update","resourceType":"Reminder","resourceId":"6825","details":"MongoDB update on Reminder","userIp":"","userAgent":""}
{"timestamp":"2025-05-15T12:01:46.458Z","userId":0,"action":"update","resourceType":"Reminder","resourceId":"6825","details":"MongoDB update on Reminder","userIp":"","userAgent":""}
{"timestamp":"2025-05-15T12:01:46.462Z","userId":0,"action":"update","resourceType":"Reminder","resourceId":"6825","details":"MongoDB update on Reminder","userIp":"","userAgent":""}
{"timestamp":"2025-05-15T12:01:46.468Z","userId":0,"action":"update","resourceType":"Reminder","resourceId":"6825","details":"MongoDB update on Reminder","userIp":"","userAgent":""}
{"timestamp":"2025-05-15T12:01:46.471Z","userId":0,"action":"update","resourceType":"Reminder","resourceId":"6825","details":"MongoDB update on Reminder","userIp":"","userAgent":""}
{"timestamp":"2025-05-15T12:01:46.475Z","userId":0,"action":"update","resourceType":"Reminder","resourceId":"6825","details":"MongoDB update on Reminder","userIp":"","userAgent":""}
{"timestamp":"2025-05-15T12:01:46.479Z","userId":0,"action":"update","resourceType":"Reminder","resourceId":"6825","details":"MongoDB update on Reminder","userIp":"","userAgent":""}
{"timestamp":"2025-05-15T12:01:46.483Z","userId":0,"action":"update","resourceType":"Reminder","resourceId":"6825","details":"MongoDB update on Reminder","userIp":"","userAgent":""}
{"timestamp":"2025-05-15T12:01:46.487Z","userId":0,"action":"update","resourceType":"Reminder","resourceId":"6825","details":"MongoDB update on Reminder","userIp":"","userAgent":""}
{"timestamp":"2025-05-15T12:01:46.490Z","userId":0,"action":"update","resourceType":"Reminder","resourceId":"6825","details":"MongoDB update on Reminder","userIp":"","userAgent":""}
{"timestamp":"2025-05-15T12:01:46.494Z","userId":0,"action":"update","resourceType":"Reminder","resourceId":"6825","details":"MongoDB update on Reminder","userIp":"","userAgent":""}
{"timestamp":"2025-05-15T12:01:46.497Z","userId":0,"action":"update","resourceType":"Reminder","resourceId":"6825","details":"MongoDB update on Reminder","userIp":"","userAgent":""}
{"timestamp":"2025-05-15T12:01:46.506Z","userId":0,"action":"update","resourceType":"Reminder","resourceId":"6825","details":"MongoDB update on Reminder","userIp":"","userAgent":""}
{"timestamp":"2025-05-15T12:01:46.510Z","userId":0,"action":"update","resourceType":"Reminder","resourceId":"6825","details":"MongoDB update on Reminder","userIp":"","userAgent":""}
{"timestamp":"2025-05-15T12:01:46.514Z","userId":0,"action":"update","resourceType":"Reminder","resourceId":"6825","details":"MongoDB update on Reminder","userIp":"","userAgent":""}
{"timestamp":"2025-05-15T12:01:46.518Z","userId":0,"action":"update","resourceType":"Reminder","resourceId":"6825","details":"MongoDB update on Reminder","userIp":"","userAgent":""}
{"timestamp":"2025-05-15T12:01:46.524Z","userId":0,"action":"update","resourceType":"Reminder","resourceId":"6825","details":"MongoDB update on Reminder","userIp":"","userAgent":""}
{"timestamp":"2025-05-15T12:01:46.528Z","userId":0,"action":"update","resourceType":"Reminder","resourceId":"6825","details":"MongoDB update on Reminder","userIp":"","userAgent":""}
{"timestamp":"2025-05-15T12:01:46.533Z","userId":0,"action":"update","resourceType":"Reminder","resourceId":"6825","details":"MongoDB update on Reminder","userIp":"","userAgent":""}
{"timestamp":"2025-05-15T12:01:46.537Z","userId":0,"action":"update","resourceType":"Reminder","resourceId":"6825","details":"MongoDB update on Reminder","userIp":"","userAgent":""}
{"timestamp":"2025-05-15T12:01:46.541Z","userId":0,"action":"update","resourceType":"Reminder","resourceId":"6825","details":"MongoDB update on Reminder","userIp":"","userAgent":""}
{"timestamp":"2025-05-15T12:01:46.563Z","userId":0,"action":"update","resourceType":"Reminder","resourceId":"6825","details":"MongoDB update on Reminder","userIp":"","userAgent":""}
{"timestamp":"2025-05-15T12:01:46.567Z","userId":0,"action":"update","resourceType":"Reminder","resourceId":"6825","details":"MongoDB update on Reminder","userIp":"","userAgent":""}
{"timestamp":"2025-05-15T12:01:46.571Z","userId":0,"action":"update","resourceType":"Reminder","resourceId":"6825","details":"MongoDB update on Reminder","userIp":"","userAgent":""}
{"timestamp":"2025-05-15T12:01:46.575Z","userId":0,"action":"update","resourceType":"Reminder","resourceId":"6825","details":"MongoDB update on Reminder","userIp":"","userAgent":""}
{"timestamp":"2025-05-15T12:01:46.579Z","userId":0,"action":"update","resourceType":"Reminder","resourceId":"6825","details":"MongoDB update on Reminder","userIp":"","userAgent":""}
{"timestamp":"2025-05-15T12:01:46.582Z","userId":0,"action":"update","resourceType":"Reminder","resourceId":"6825","details":"MongoDB update on Reminder","userIp":"","userAgent":""}
{"timestamp":"2025-05-15T12:01:46.586Z","userId":0,"action":"update","resourceType":"Reminder","resourceId":"6825","details":"MongoDB update on Reminder","userIp":"","userAgent":""}
{"timestamp":"2025-05-15T12:01:46.590Z","userId":0,"action":"update","resourceType":"Reminder","resourceId":"6825","details":"MongoDB update on Reminder","userIp":"","userAgent":""}
{"timestamp":"2025-05-15T12:01:46.595Z","userId":0,"action":"update","resourceType":"Reminder","resourceId":"6825","details":"MongoDB update on Reminder","userIp":"","userAgent":""}
{"timestamp":"2025-05-15T12:01:46.601Z","userId":0,"action":"update","resourceType":"Reminder","resourceId":"6825","details":"MongoDB update on Reminder","userIp":"","userAgent":""}
{"timestamp":"2025-05-15T12:01:46.605Z","userId":0,"action":"update","resourceType":"Reminder","resourceId":"6825","details":"MongoDB update on Reminder","userIp":"","userAgent":""}
{"timestamp":"2025-05-15T12:01:46.609Z","userId":0,"action":"update","resourceType":"Reminder","resourceId":"6825","details":"MongoDB update on Reminder","userIp":"","userAgent":""}
{"timestamp":"2025-05-15T12:01:46.614Z","userId":0,"action":"update","resourceType":"Reminder","resourceId":"6825","details":"MongoDB update on Reminder","userIp":"","userAgent":""}
{"timestamp":"2025-05-15T12:01:46.618Z","userId":0,"action":"update","resourceType":"Reminder","resourceId":"6825","details":"MongoDB update on Reminder","userIp":"","userAgent":""}
{"timestamp":"2025-05-15T12:01:46.622Z","userId":0,"action":"update","resourceType":"Reminder","resourceId":"6825","details":"MongoDB update on Reminder","userIp":"","userAgent":""}
{"timestamp":"2025-05-15T12:01:46.626Z","userId":0,"action":"update","resourceType":"Reminder","resourceId":"6825","details":"MongoDB update on Reminder","userIp":"","userAgent":""}
{"timestamp":"2025-05-15T12:01:46.630Z","userId":0,"action":"update","resourceType":"Reminder","resourceId":"6825","details":"MongoDB update on Reminder","userIp":"","userAgent":""}
{"timestamp":"2025-05-15T12:01:46.635Z","userId":0,"action":"update","resourceType":"Reminder","resourceId":"6825","details":"MongoDB update on Reminder","userIp":"","userAgent":""}
{"timestamp":"2025-05-15T12:01:46.638Z","userId":0,"action":"update","resourceType":"Reminder","resourceId":"6825","details":"MongoDB update on Reminder","userIp":"","userAgent":""}
{"timestamp":"2025-05-15T12:01:46.642Z","userId":0,"action":"update","resourceType":"Reminder","resourceId":"6825","details":"MongoDB update on Reminder","userIp":"","userAgent":""}
{"timestamp":"2025-05-15T12:01:46.646Z","userId":0,"action":"update","resourceType":"Reminder","resourceId":"6825","details":"MongoDB update on Reminder","userIp":"","userAgent":""}
{"timestamp":"2025-05-15T12:01:46.649Z","userId":0,"action":"update","resourceType":"Reminder","resourceId":"6825","details":"MongoDB update on Reminder","userIp":"","userAgent":""}
{"timestamp":"2025-05-15T12:01:46.653Z","userId":0,"action":"update","resourceType":"Reminder","resourceId":"6825","details":"MongoDB update on Reminder","userIp":"","userAgent":""}
{"timestamp":"2025-05-15T12:01:46.657Z","userId":0,"action":"update","resourceType":"Reminder","resourceId":"6825","details":"MongoDB update on Reminder","userIp":"","userAgent":""}
{"timestamp":"2025-05-15T12:01:46.661Z","userId":0,"action":"update","resourceType":"Reminder","resourceId":"6825","details":"MongoDB update on Reminder","userIp":"","userAgent":""}
{"timestamp":"2025-05-15T12:01:46.664Z","userId":0,"action":"update","resourceType":"Reminder","resourceId":"6825","details":"MongoDB update on Reminder","userIp":"","userAgent":""}
{"timestamp":"2025-05-15T12:01:46.668Z","userId":0,"action":"update","resourceType":"Reminder","resourceId":"6825","details":"MongoDB update on Reminder","userIp":"","userAgent":""}
{"timestamp":"2025-05-15T12:01:46.674Z","userId":0,"action":"update","resourceType":"Reminder","resourceId":"6825","details":"MongoDB update on Reminder","userIp":"","userAgent":""}
{"timestamp":"2025-05-15T12:01:46.678Z","userId":0,"action":"update","resourceType":"Reminder","resourceId":"6825","details":"MongoDB update on Reminder","userIp":"","userAgent":""}
{"timestamp":"2025-05-15T12:01:46.683Z","userId":0,"action":"update","resourceType":"Reminder","resourceId":"6825","details":"MongoDB update on Reminder","userIp":"","userAgent":""}
{"timestamp":"2025-05-15T12:01:46.687Z","userId":0,"action":"update","resourceType":"Reminder","resourceId":"6825","details":"MongoDB update on Reminder","userIp":"","userAgent":""}
{"timestamp":"2025-05-15T12:01:46.691Z","userId":0,"action":"update","resourceType":"Reminder","resourceId":"6825","details":"MongoDB update on Reminder","userIp":"","userAgent":""}
{"timestamp":"2025-05-15T12:01:46.694Z","userId":0,"action":"update","resourceType":"Reminder","resourceId":"6825","details":"MongoDB update on Reminder","userIp":"","userAgent":""}
{"timestamp":"2025-05-15T12:01:46.699Z","userId":0,"action":"update","resourceType":"Reminder","resourceId":"6825","details":"MongoDB update on Reminder","userIp":"","userAgent":""}
{"timestamp":"2025-05-15T12:01:46.703Z","userId":0,"action":"update","resourceType":"Reminder","resourceId":"6825","details":"MongoDB update on Reminder","userIp":"","userAgent":""}
{"timestamp":"2025-05-15T12:01:46.706Z","userId":0,"action":"update","resourceType":"Reminder","resourceId":"6825","details":"MongoDB update on Reminder","userIp":"","userAgent":""}
{"timestamp":"2025-05-15T12:01:46.713Z","userId":0,"action":"update","resourceType":"Reminder","resourceId":"6825","details":"MongoDB update on Reminder","userIp":"","userAgent":""}
{"timestamp":"2025-05-15T12:01:46.716Z","userId":0,"action":"update","resourceType":"Reminder","resourceId":"6825","details":"MongoDB update on Reminder","userIp":"","userAgent":""}
{"timestamp":"2025-05-15T12:01:46.720Z","userId":0,"action":"update","resourceType":"Reminder","resourceId":"6825","details":"MongoDB update on Reminder","userIp":"","userAgent":""}
{"timestamp":"2025-05-15T12:01:46.724Z","userId":0,"action":"update","resourceType":"Reminder","resourceId":"6825","details":"MongoDB update on Reminder","userIp":"","userAgent":""}
{"timestamp":"2025-05-15T12:01:46.728Z","userId":0,"action":"update","resourceType":"Reminder","resourceId":"6825","details":"MongoDB update on Reminder","userIp":"","userAgent":""}
{"timestamp":"2025-05-15T12:01:46.732Z","userId":0,"action":"update","resourceType":"Reminder","resourceId":"6825","details":"MongoDB update on Reminder","userIp":"","userAgent":""}
{"timestamp":"2025-05-15T12:01:46.737Z","userId":0,"action":"update","resourceType":"Reminder","resourceId":"6825","details":"MongoDB update on Reminder","userIp":"","userAgent":""}
{"timestamp":"2025-05-15T12:01:46.741Z","userId":0,"action":"update","resourceType":"Reminder","resourceId":"6825","details":"MongoDB update on Reminder","userIp":"","userAgent":""}
{"timestamp":"2025-05-15T12:01:46.745Z","userId":0,"action":"update","resourceType":"Reminder","resourceId":"6825","details":"MongoDB update on Reminder","userIp":"","userAgent":""}
{"timestamp":"2025-05-15T12:01:46.777Z","userId":0,"action":"update","resourceType":"Reminder","resourceId":"6825","details":"MongoDB update on Reminder","userIp":"","userAgent":""}
{"timestamp":"2025-05-15T12:01:46.780Z","userId":0,"action":"update","resourceType":"Reminder","resourceId":"6825","details":"MongoDB update on Reminder","userIp":"","userAgent":""}
{"timestamp":"2025-05-15T12:01:46.784Z","userId":0,"action":"update","resourceType":"Reminder","resourceId":"6825","details":"MongoDB update on Reminder","userIp":"","userAgent":""}
{"timestamp":"2025-05-15T12:01:46.787Z","userId":0,"action":"update","resourceType":"Reminder","resourceId":"6825","details":"MongoDB update on Reminder","userIp":"","userAgent":""}
{"timestamp":"2025-05-15T12:01:46.790Z","userId":0,"action":"update","resourceType":"Reminder","resourceId":"6825","details":"MongoDB update on Reminder","userIp":"","userAgent":""}
{"timestamp":"2025-05-15T12:01:46.794Z","userId":0,"action":"update","resourceType":"Reminder","resourceId":"6825","details":"MongoDB update on Reminder","userIp":"","userAgent":""}
{"timestamp":"2025-05-15T12:01:46.797Z","userId":0,"action":"update","resourceType":"Reminder","resourceId":"6825","details":"MongoDB update on Reminder","userIp":"","userAgent":""}
{"timestamp":"2025-05-15T12:01:46.800Z","userId":0,"action":"update","resourceType":"Reminder","resourceId":"6825","details":"MongoDB update on Reminder","userIp":"","userAgent":""}
{"timestamp":"2025-05-15T12:01:46.804Z","userId":0,"action":"update","resourceType":"Reminder","resourceId":"6825","details":"MongoDB update on Reminder","userIp":"","userAgent":""}
{"timestamp":"2025-05-15T12:01:46.811Z","userId":0,"action":"update","resourceType":"Reminder","resourceId":"6825","details":"MongoDB update on Reminder","userIp":"","userAgent":""}
{"timestamp":"2025-05-15T12:01:46.814Z","userId":0,"action":"update","resourceType":"Reminder","resourceId":"6825","details":"MongoDB update on Reminder","userIp":"","userAgent":""}
{"timestamp":"2025-05-15T12:01:46.817Z","userId":0,"action":"update","resourceType":"Reminder","resourceId":"6825","details":"MongoDB update on Reminder","userIp":"","userAgent":""}
{"timestamp":"2025-05-15T12:01:46.820Z","userId":0,"action":"update","resourceType":"Reminder","resourceId":"6825","details":"MongoDB update on Reminder","userIp":"","userAgent":""}
{"timestamp":"2025-05-15T12:01:46.824Z","userId":0,"action":"update","resourceType":"Reminder","resourceId":"6825","details":"MongoDB update on Reminder","userIp":"","userAgent":""}
{"timestamp":"2025-05-15T12:01:46.827Z","userId":0,"action":"update","resourceType":"Reminder","resourceId":"6825","details":"MongoDB update on Reminder","userIp":"","userAgent":""}
{"timestamp":"2025-05-15T12:01:46.830Z","userId":0,"action":"update","resourceType":"Reminder","resourceId":"6825","details":"MongoDB update on Reminder","userIp":"","userAgent":""}
{"timestamp":"2025-05-15T12:01:46.833Z","userId":0,"action":"update","resourceType":"Reminder","resourceId":"6825","details":"MongoDB update on Reminder","userIp":"","userAgent":""}
{"timestamp":"2025-05-15T12:01:46.837Z","userId":0,"action":"update","resourceType":"Reminder","resourceId":"6825","details":"MongoDB update on Reminder","userIp":"","userAgent":""}
{"timestamp":"2025-05-15T12:01:46.847Z","userId":0,"action":"update","resourceType":"Reminder","resourceId":"6825","details":"MongoDB update on Reminder","userIp":"","userAgent":""}
{"timestamp":"2025-05-15T12:01:46.850Z","userId":0,"action":"update","resourceType":"Reminder","resourceId":"6825","details":"MongoDB update on Reminder","userIp":"","userAgent":""}
{"timestamp":"2025-05-15T12:01:46.853Z","userId":0,"action":"update","resourceType":"Reminder","resourceId":"6825","details":"MongoDB update on Reminder","userIp":"","userAgent":""}
{"timestamp":"2025-05-15T12:01:46.857Z","userId":0,"action":"update","resourceType":"Reminder","resourceId":"6825","details":"MongoDB update on Reminder","userIp":"","userAgent":""}
{"timestamp":"2025-05-15T12:01:46.860Z","userId":0,"action":"update","resourceType":"Reminder","resourceId":"6825","details":"MongoDB update on Reminder","userIp":"","userAgent":""}
{"timestamp":"2025-05-15T12:01:46.864Z","userId":0,"action":"update","resourceType":"Reminder","resourceId":"6825","details":"MongoDB update on Reminder","userIp":"","userAgent":""}
{"timestamp":"2025-05-15T12:01:46.867Z","userId":0,"action":"update","resourceType":"Reminder","resourceId":"6825","details":"MongoDB update on Reminder","userIp":"","userAgent":""}
{"timestamp":"2025-05-15T12:01:46.871Z","userId":0,"action":"update","resourceType":"Reminder","resourceId":"6825","details":"MongoDB update on Reminder","userIp":"","userAgent":""}
{"timestamp":"2025-05-15T12:01:46.875Z","userId":0,"action":"update","resourceType":"Reminder","resourceId":"6825","details":"MongoDB update on Reminder","userIp":"","userAgent":""}
{"timestamp":"2025-05-15T12:01:46.884Z","userId":0,"action":"update","resourceType":"Reminder","resourceId":"6825","details":"MongoDB update on Reminder","userIp":"","userAgent":""}
{"timestamp":"2025-05-15T12:01:46.887Z","userId":0,"action":"update","resourceType":"Reminder","resourceId":"6825","details":"MongoDB update on Reminder","userIp":"","userAgent":""}
{"timestamp":"2025-05-15T12:01:46.891Z","userId":0,"action":"update","resourceType":"Reminder","resourceId":"6825","details":"MongoDB update on Reminder","userIp":"","userAgent":""}
{"timestamp":"2025-05-15T12:01:46.894Z","userId":0,"action":"update","resourceType":"Reminder","resourceId":"6825","details":"MongoDB update on Reminder","userIp":"","userAgent":""}
{"timestamp":"2025-05-15T12:01:46.897Z","userId":0,"action":"update","resourceType":"Reminder","resourceId":"6825","details":"MongoDB update on Reminder","userIp":"","userAgent":""}
{"timestamp":"2025-05-15T12:01:46.900Z","userId":0,"action":"update","resourceType":"Reminder","resourceId":"6825","details":"MongoDB update on Reminder","userIp":"","userAgent":""}
{"timestamp":"2025-05-15T12:01:46.904Z","userId":0,"action":"update","resourceType":"Reminder","resourceId":"6825","details":"MongoDB update on Reminder","userIp":"","userAgent":""}
{"timestamp":"2025-05-15T12:01:46.908Z","userId":0,"action":"update","resourceType":"Reminder","resourceId":"6825","details":"MongoDB update on Reminder","userIp":"","userAgent":""}
{"timestamp":"2025-05-15T12:01:46.912Z","userId":0,"action":"update","resourceType":"Reminder","resourceId":"6825","details":"MongoDB update on Reminder","userIp":"","userAgent":""}
{"timestamp":"2025-05-15T12:01:46.938Z","userId":0,"action":"update","resourceType":"Reminder","resourceId":"6825","details":"MongoDB update on Reminder","userIp":"","userAgent":""}
{"timestamp":"2025-05-15T12:01:46.942Z","userId":0,"action":"update","resourceType":"Reminder","resourceId":"6825","details":"MongoDB update on Reminder","userIp":"","userAgent":""}
{"timestamp":"2025-05-15T12:01:46.945Z","userId":0,"action":"update","resourceType":"Reminder","resourceId":"6825","details":"MongoDB update on Reminder","userIp":"","userAgent":""}
{"timestamp":"2025-05-15T12:01:46.951Z","userId":0,"action":"update","resourceType":"Reminder","resourceId":"6825","details":"MongoDB update on Reminder","userIp":"","userAgent":""}
{"timestamp":"2025-05-15T12:01:46.955Z","userId":0,"action":"update","resourceType":"Reminder","resourceId":"6825","details":"MongoDB update on Reminder","userIp":"","userAgent":""}
{"timestamp":"2025-05-15T12:01:46.959Z","userId":0,"action":"update","resourceType":"Reminder","resourceId":"6825","details":"MongoDB update on Reminder","userIp":"","userAgent":""}
{"timestamp":"2025-05-15T12:01:46.963Z","userId":0,"action":"update","resourceType":"Reminder","resourceId":"6825","details":"MongoDB update on Reminder","userIp":"","userAgent":""}
{"timestamp":"2025-05-15T12:01:46.967Z","userId":0,"action":"update","resourceType":"Reminder","resourceId":"6825","details":"MongoDB update on Reminder","userIp":"","userAgent":""}
{"timestamp":"2025-05-15T12:01:46.972Z","userId":0,"action":"update","resourceType":"Reminder","resourceId":"6825","details":"MongoDB update on Reminder","userIp":"","userAgent":""}
{"timestamp":"2025-05-15T12:01:46.977Z","userId":0,"action":"update","resourceType":"Reminder","resourceId":"6825","details":"MongoDB update on Reminder","userIp":"","userAgent":""}
{"timestamp":"2025-05-15T12:01:46.982Z","userId":0,"action":"update","resourceType":"Reminder","resourceId":"6825","details":"MongoDB update on Reminder","userIp":"","userAgent":""}
{"timestamp":"2025-05-15T12:01:46.987Z","userId":0,"action":"update","resourceType":"Reminder","resourceId":"6825","details":"MongoDB update on Reminder","userIp":"","userAgent":""}
{"timestamp":"2025-05-15T12:01:46.994Z","userId":0,"action":"update","resourceType":"Reminder","resourceId":"6825","details":"MongoDB update on Reminder","userIp":"","userAgent":""}
{"timestamp":"2025-05-15T12:01:46.999Z","userId":0,"action":"update","resourceType":"Reminder","resourceId":"6825","details":"MongoDB update on Reminder","userIp":"","userAgent":""}
{"timestamp":"2025-05-15T12:01:47.005Z","userId":0,"action":"update","resourceType":"Reminder","resourceId":"6825","details":"MongoDB update on Reminder","userIp":"","userAgent":""}
{"timestamp":"2025-05-15T12:01:47.010Z","userId":0,"action":"update","resourceType":"Reminder","resourceId":"6825","details":"MongoDB update on Reminder","userIp":"","userAgent":""}
{"timestamp":"2025-05-15T12:01:47.015Z","userId":0,"action":"update","resourceType":"Reminder","resourceId":"6825","details":"MongoDB update on Reminder","userIp":"","userAgent":""}
{"timestamp":"2025-05-15T12:01:47.020Z","userId":0,"action":"update","resourceType":"Reminder","resourceId":"6825","details":"MongoDB update on Reminder","userIp":"","userAgent":""}
{"timestamp":"2025-05-15T12:01:47.026Z","userId":0,"action":"update","resourceType":"Reminder","resourceId":"6825","details":"MongoDB update on Reminder","userIp":"","userAgent":""}
{"timestamp":"2025-05-15T12:01:47.030Z","userId":0,"action":"update","resourceType":"Reminder","resourceId":"6825","details":"MongoDB update on Reminder","userIp":"","userAgent":""}
{"timestamp":"2025-05-15T12:01:47.034Z","userId":0,"action":"update","resourceType":"Reminder","resourceId":"6825","details":"MongoDB update on Reminder","userIp":"","userAgent":""}
{"timestamp":"2025-05-15T12:01:47.040Z","userId":0,"action":"update","resourceType":"Reminder","resourceId":"6825","details":"MongoDB update on Reminder","userIp":"","userAgent":""}
{"timestamp":"2025-05-15T12:01:47.045Z","userId":0,"action":"update","resourceType":"Reminder","resourceId":"6825","details":"MongoDB update on Reminder","userIp":"","userAgent":""}
{"timestamp":"2025-05-15T12:01:47.050Z","userId":0,"action":"update","resourceType":"Reminder","resourceId":"6825","details":"MongoDB update on Reminder","userIp":"","userAgent":""}
{"timestamp":"2025-05-15T12:01:47.056Z","userId":0,"action":"update","resourceType":"Reminder","resourceId":"6825","details":"MongoDB update on Reminder","userIp":"","userAgent":""}
{"timestamp":"2025-05-15T12:01:47.062Z","userId":0,"action":"update","resourceType":"Reminder","resourceId":"6825","details":"MongoDB update on Reminder","userIp":"","userAgent":""}
{"timestamp":"2025-05-15T12:01:47.067Z","userId":0,"action":"update","resourceType":"Reminder","resourceId":"6825","details":"MongoDB update on Reminder","userIp":"","userAgent":""}
{"timestamp":"2025-05-15T12:01:47.072Z","userId":0,"action":"update","resourceType":"Reminder","resourceId":"6825","details":"MongoDB update on Reminder","userIp":"","userAgent":""}
{"timestamp":"2025-05-15T12:01:47.078Z","userId":0,"action":"update","resourceType":"Reminder","resourceId":"6825","details":"MongoDB update on Reminder","userIp":"","userAgent":""}
{"timestamp":"2025-05-15T12:01:47.084Z","userId":0,"action":"update","resourceType":"Reminder","resourceId":"6825","details":"MongoDB update on Reminder","userIp":"","userAgent":""}
{"timestamp":"2025-05-15T12:01:47.090Z","userId":0,"action":"update","resourceType":"Reminder","resourceId":"6825","details":"MongoDB update on Reminder","userIp":"","userAgent":""}
{"timestamp":"2025-05-15T12:01:47.099Z","userId":0,"action":"update","resourceType":"Reminder","resourceId":"6825","details":"MongoDB update on Reminder","userIp":"","userAgent":""}
{"timestamp":"2025-05-15T12:01:47.105Z","userId":0,"action":"update","resourceType":"Reminder","resourceId":"6825","details":"MongoDB update on Reminder","userIp":"","userAgent":""}
{"timestamp":"2025-05-15T12:01:47.111Z","userId":0,"action":"update","resourceType":"Reminder","resourceId":"6825","details":"MongoDB update on Reminder","userIp":"","userAgent":""}
{"timestamp":"2025-05-15T12:01:47.117Z","userId":0,"action":"update","resourceType":"Reminder","resourceId":"6825","details":"MongoDB update on Reminder","userIp":"","userAgent":""}
{"timestamp":"2025-05-15T12:01:47.123Z","userId":0,"action":"update","resourceType":"Reminder","resourceId":"6825","details":"MongoDB update on Reminder","userIp":"","userAgent":""}
{"timestamp":"2025-05-15T12:01:47.129Z","userId":0,"action":"update","resourceType":"Reminder","resourceId":"6825","details":"MongoDB update on Reminder","userIp":"","userAgent":""}
{"timestamp":"2025-05-15T12:01:47.136Z","userId":0,"action":"update","resourceType":"Reminder","resourceId":"6825","details":"MongoDB update on Reminder","userIp":"","userAgent":""}
{"timestamp":"2025-05-15T12:01:47.141Z","userId":0,"action":"update","resourceType":"Reminder","resourceId":"6825","details":"MongoDB update on Reminder","userIp":"","userAgent":""}
{"timestamp":"2025-05-15T12:01:47.148Z","userId":0,"action":"update","resourceType":"Reminder","resourceId":"6825","details":"MongoDB update on Reminder","userIp":"","userAgent":""}
{"timestamp":"2025-05-15T12:01:47.157Z","userId":0,"action":"update","resourceType":"Reminder","resourceId":"6825","details":"MongoDB update on Reminder","userIp":"","userAgent":""}
{"timestamp":"2025-05-15T12:01:47.164Z","userId":0,"action":"update","resourceType":"Reminder","resourceId":"6825","details":"MongoDB update on Reminder","userIp":"","userAgent":""}
{"timestamp":"2025-05-15T12:01:47.170Z","userId":0,"action":"update","resourceType":"Reminder","resourceId":"6825","details":"MongoDB update on Reminder","userIp":"","userAgent":""}
{"timestamp":"2025-05-15T12:01:47.176Z","userId":0,"action":"update","resourceType":"Reminder","resourceId":"6825","details":"MongoDB update on Reminder","userIp":"","userAgent":""}
{"timestamp":"2025-05-15T12:01:47.183Z","userId":0,"action":"update","resourceType":"Reminder","resourceId":"6825","details":"MongoDB update on Reminder","userIp":"","userAgent":""}
{"timestamp":"2025-05-15T12:01:47.189Z","userId":0,"action":"update","resourceType":"Reminder","resourceId":"6825","details":"MongoDB update on Reminder","userIp":"","userAgent":""}
{"timestamp":"2025-05-15T12:01:47.199Z","userId":0,"action":"update","resourceType":"Reminder","resourceId":"6825","details":"MongoDB update on Reminder","userIp":"","userAgent":""}
{"timestamp":"2025-05-15T12:01:47.206Z","userId":0,"action":"update","resourceType":"Reminder","resourceId":"6825","details":"MongoDB update on Reminder","userIp":"","userAgent":""}
{"timestamp":"2025-05-15T12:01:47.211Z","userId":0,"action":"update","resourceType":"Reminder","resourceId":"6825","details":"MongoDB update on Reminder","userIp":"","userAgent":""}
{"timestamp":"2025-05-15T12:01:47.217Z","userId":0,"action":"update","resourceType":"Reminder","resourceId":"6825","details":"MongoDB update on Reminder","userIp":"","userAgent":""}
{"timestamp":"2025-05-15T12:01:47.223Z","userId":0,"action":"update","resourceType":"Reminder","resourceId":"6825","details":"MongoDB update on Reminder","userIp":"","userAgent":""}
{"timestamp":"2025-05-15T12:01:47.229Z","userId":0,"action":"update","resourceType":"Reminder","resourceId":"6825","details":"MongoDB update on Reminder","userIp":"","userAgent":""}
{"timestamp":"2025-05-15T12:01:47.235Z","userId":0,"action":"update","resourceType":"Reminder","resourceId":"6825","details":"MongoDB update on Reminder","userIp":"","userAgent":""}
{"timestamp":"2025-05-15T12:01:47.242Z","userId":0,"action":"update","resourceType":"Reminder","resourceId":"6825","details":"MongoDB update on Reminder","userIp":"","userAgent":""}
{"timestamp":"2025-05-15T12:01:47.248Z","userId":0,"action":"update","resourceType":"Reminder","resourceId":"6825","details":"MongoDB update on Reminder","userIp":"","userAgent":""}
{"timestamp":"2025-05-15T12:01:47.253Z","userId":0,"action":"update","resourceType":"Reminder","resourceId":"6825","details":"MongoDB update on Reminder","userIp":"","userAgent":""}
{"timestamp":"2025-05-15T12:01:47.260Z","userId":0,"action":"update","resourceType":"Reminder","resourceId":"6825","details":"MongoDB update on Reminder","userIp":"","userAgent":""}
{"timestamp":"2025-05-15T12:01:47.265Z","userId":0,"action":"update","resourceType":"Reminder","resourceId":"6825","details":"MongoDB update on Reminder","userIp":"","userAgent":""}
{"timestamp":"2025-05-15T12:01:47.270Z","userId":0,"action":"update","resourceType":"Reminder","resourceId":"6825","details":"MongoDB update on Reminder","userIp":"","userAgent":""}
{"timestamp":"2025-05-15T12:01:47.275Z","userId":0,"action":"update","resourceType":"Reminder","resourceId":"6825","details":"MongoDB update on Reminder","userIp":"","userAgent":""}
{"timestamp":"2025-05-15T12:01:47.281Z","userId":0,"action":"update","resourceType":"Reminder","resourceId":"6825","details":"MongoDB update on Reminder","userIp":"","userAgent":""}
{"timestamp":"2025-05-15T12:01:47.287Z","userId":0,"action":"update","resourceType":"Reminder","resourceId":"6825","details":"MongoDB update on Reminder","userIp":"","userAgent":""}
{"timestamp":"2025-05-15T12:01:47.293Z","userId":0,"action":"update","resourceType":"Reminder","resourceId":"6825","details":"MongoDB update on Reminder","userIp":"","userAgent":""}
{"timestamp":"2025-05-15T12:01:47.300Z","userId":0,"action":"update","resourceType":"Reminder","resourceId":"6825","details":"MongoDB update on Reminder","userIp":"","userAgent":""}
{"timestamp":"2025-05-15T12:01:47.307Z","userId":0,"action":"update","resourceType":"Reminder","resourceId":"6825","details":"MongoDB update on Reminder","userIp":"","userAgent":""}
{"timestamp":"2025-05-15T12:01:47.313Z","userId":0,"action":"update","resourceType":"Reminder","resourceId":"6825","details":"MongoDB update on Reminder","userIp":"","userAgent":""}
{"timestamp":"2025-05-15T12:01:47.319Z","userId":0,"action":"update","resourceType":"Reminder","resourceId":"6825","details":"MongoDB update on Reminder","userIp":"","userAgent":""}
{"timestamp":"2025-05-15T12:01:47.325Z","userId":0,"action":"update","resourceType":"Reminder","resourceId":"6825","details":"MongoDB update on Reminder","userIp":"","userAgent":""}
{"timestamp":"2025-05-15T12:01:47.330Z","userId":0,"action":"update","resourceType":"Reminder","resourceId":"6825","details":"MongoDB update on Reminder","userIp":"","userAgent":""}
{"timestamp":"2025-05-15T12:01:47.336Z","userId":0,"action":"update","resourceType":"Reminder","resourceId":"6825","details":"MongoDB update on Reminder","userIp":"","userAgent":""}
{"timestamp":"2025-05-15T12:01:47.342Z","userId":0,"action":"update","resourceType":"Reminder","resourceId":"6825","details":"MongoDB update on Reminder","userIp":"","userAgent":""}
{"timestamp":"2025-05-15T12:01:47.349Z","userId":0,"action":"update","resourceType":"Reminder","resourceId":"6825","details":"MongoDB update on Reminder","userIp":"","userAgent":""}
{"timestamp":"2025-05-15T12:01:47.355Z","userId":0,"action":"update","resourceType":"Reminder","resourceId":"6825","details":"MongoDB update on Reminder","userIp":"","userAgent":""}
{"timestamp":"2025-05-15T12:01:47.361Z","userId":0,"action":"update","resourceType":"Reminder","resourceId":"6825","details":"MongoDB update on Reminder","userIp":"","userAgent":""}
{"timestamp":"2025-05-15T12:01:47.366Z","userId":0,"action":"update","resourceType":"Reminder","resourceId":"6825","details":"MongoDB update on Reminder","userIp":"","userAgent":""}
{"timestamp":"2025-05-15T12:01:47.372Z","userId":0,"action":"update","resourceType":"Reminder","resourceId":"6825","details":"MongoDB update on Reminder","userIp":"","userAgent":""}
{"timestamp":"2025-05-15T12:01:47.378Z","userId":0,"action":"update","resourceType":"Reminder","resourceId":"6825","details":"MongoDB update on Reminder","userIp":"","userAgent":""}
{"timestamp":"2025-05-15T12:01:47.386Z","userId":0,"action":"update","resourceType":"Reminder","resourceId":"6825","details":"MongoDB update on Reminder","userIp":"","userAgent":""}
{"timestamp":"2025-05-15T12:01:47.392Z","userId":0,"action":"update","resourceType":"Reminder","resourceId":"6825","details":"MongoDB update on Reminder","userIp":"","userAgent":""}
{"timestamp":"2025-05-15T12:01:47.396Z","userId":0,"action":"update","resourceType":"Reminder","resourceId":"6825","details":"MongoDB update on Reminder","userIp":"","userAgent":""}
{"timestamp":"2025-05-15T12:01:47.402Z","userId":0,"action":"update","resourceType":"Reminder","resourceId":"6825","details":"MongoDB update on Reminder","userIp":"","userAgent":""}
{"timestamp":"2025-05-15T12:01:47.408Z","userId":0,"action":"update","resourceType":"Reminder","resourceId":"6825","details":"MongoDB update on Reminder","userIp":"","userAgent":""}
{"timestamp":"2025-05-15T12:01:47.413Z","userId":0,"action":"update","resourceType":"Reminder","resourceId":"6825","details":"MongoDB update on Reminder","userIp":"","userAgent":""}
{"timestamp":"2025-05-15T12:01:47.418Z","userId":0,"action":"update","resourceType":"Reminder","resourceId":"6825","details":"MongoDB update on Reminder","userIp":"","userAgent":""}
{"timestamp":"2025-05-15T12:01:47.423Z","userId":0,"action":"update","resourceType":"Reminder","resourceId":"6825","details":"MongoDB update on Reminder","userIp":"","userAgent":""}
{"timestamp":"2025-05-15T12:01:47.430Z","userId":0,"action":"update","resourceType":"Reminder","resourceId":"6825","details":"MongoDB update on Reminder","userIp":"","userAgent":""}
{"timestamp":"2025-05-15T12:01:47.437Z","userId":0,"action":"update","resourceType":"Reminder","resourceId":"6825","details":"MongoDB update on Reminder","userIp":"","userAgent":""}
{"timestamp":"2025-05-15T12:01:47.442Z","userId":0,"action":"update","resourceType":"Reminder","resourceId":"6825","details":"MongoDB update on Reminder","userIp":"","userAgent":""}
{"timestamp":"2025-05-15T12:01:47.448Z","userId":0,"action":"update","resourceType":"Reminder","resourceId":"6825","details":"MongoDB update on Reminder","userIp":"","userAgent":""}
{"timestamp":"2025-05-15T12:01:47.453Z","userId":0,"action":"update","resourceType":"Reminder","resourceId":"6825","details":"MongoDB update on Reminder","userIp":"","userAgent":""}
{"timestamp":"2025-05-15T12:01:47.458Z","userId":0,"action":"update","resourceType":"Reminder","resourceId":"6825","details":"MongoDB update on Reminder","userIp":"","userAgent":""}
{"timestamp":"2025-05-15T12:01:47.465Z","userId":0,"action":"update","resourceType":"Reminder","resourceId":"6825","details":"MongoDB update on Reminder","userIp":"","userAgent":""}
{"timestamp":"2025-05-15T12:01:47.470Z","userId":0,"action":"update","resourceType":"Reminder","resourceId":"6825","details":"MongoDB update on Reminder","userIp":"","userAgent":""}
{"timestamp":"2025-05-15T12:01:47.474Z","userId":0,"action":"update","resourceType":"Reminder","resourceId":"6825","details":"MongoDB update on Reminder","userIp":"","userAgent":""}
{"timestamp":"2025-05-15T12:01:47.479Z","userId":0,"action":"update","resourceType":"Reminder","resourceId":"6825","details":"MongoDB update on Reminder","userIp":"","userAgent":""}
{"timestamp":"2025-05-15T12:01:47.484Z","userId":0,"action":"update","resourceType":"Reminder","resourceId":"6825","details":"MongoDB update on Reminder","userIp":"","userAgent":""}
{"timestamp":"2025-05-15T12:01:47.490Z","userId":0,"action":"update","resourceType":"Reminder","resourceId":"6825","details":"MongoDB update on Reminder","userIp":"","userAgent":""}
{"timestamp":"2025-05-15T12:01:47.496Z","userId":0,"action":"update","resourceType":"Reminder","resourceId":"6825","details":"MongoDB update on Reminder","userIp":"","userAgent":""}
{"timestamp":"2025-05-15T12:01:47.502Z","userId":0,"action":"update","resourceType":"Reminder","resourceId":"6825","details":"MongoDB update on Reminder","userIp":"","userAgent":""}
{"timestamp":"2025-05-15T12:01:47.507Z","userId":0,"action":"update","resourceType":"Reminder","resourceId":"6825","details":"MongoDB update on Reminder","userIp":"","userAgent":""}
{"timestamp":"2025-05-15T12:01:47.511Z","userId":0,"action":"update","resourceType":"Reminder","resourceId":"6825","details":"MongoDB update on Reminder","userIp":"","userAgent":""}
{"timestamp":"2025-05-15T12:01:47.517Z","userId":0,"action":"update","resourceType":"Reminder","resourceId":"6825","details":"MongoDB update on Reminder","userIp":"","userAgent":""}
{"timestamp":"2025-05-15T12:01:47.523Z","userId":0,"action":"update","resourceType":"Reminder","resourceId":"6825","details":"MongoDB update on Reminder","userIp":"","userAgent":""}
{"timestamp":"2025-05-15T12:01:47.528Z","userId":0,"action":"update","resourceType":"Reminder","resourceId":"6825","details":"MongoDB update on Reminder","userIp":"","userAgent":""}
{"timestamp":"2025-05-15T12:01:47.534Z","userId":0,"action":"update","resourceType":"Reminder","resourceId":"6825","details":"MongoDB update on Reminder","userIp":"","userAgent":""}
{"timestamp":"2025-05-15T12:01:47.539Z","userId":0,"action":"update","resourceType":"Reminder","resourceId":"6825","details":"MongoDB update on Reminder","userIp":"","userAgent":""}
{"timestamp":"2025-05-15T12:01:47.545Z","userId":0,"action":"update","resourceType":"Reminder","resourceId":"6825","details":"MongoDB update on Reminder","userIp":"","userAgent":""}
{"timestamp":"2025-05-15T12:01:47.550Z","userId":0,"action":"update","resourceType":"Reminder","resourceId":"6825","details":"MongoDB update on Reminder","userIp":"","userAgent":""}
{"timestamp":"2025-05-15T12:01:47.554Z","userId":0,"action":"update","resourceType":"Reminder","resourceId":"6825","details":"MongoDB update on Reminder","userIp":"","userAgent":""}
{"timestamp":"2025-05-15T12:01:47.560Z","userId":0,"action":"update","resourceType":"Reminder","resourceId":"6825","details":"MongoDB update on Reminder","userIp":"","userAgent":""}
{"timestamp":"2025-05-15T12:01:47.566Z","userId":0,"action":"update","resourceType":"Reminder","resourceId":"6825","details":"MongoDB update on Reminder","userIp":"","userAgent":""}
{"timestamp":"2025-05-15T12:01:47.571Z","userId":0,"action":"update","resourceType":"Reminder","resourceId":"6825","details":"MongoDB update on Reminder","userIp":"","userAgent":""}
{"timestamp":"2025-05-15T12:01:47.577Z","userId":0,"action":"update","resourceType":"Reminder","resourceId":"6825","details":"MongoDB update on Reminder","userIp":"","userAgent":""}
{"timestamp":"2025-05-15T12:01:47.582Z","userId":0,"action":"update","resourceType":"Reminder","resourceId":"6825","details":"MongoDB update on Reminder","userIp":"","userAgent":""}
{"timestamp":"2025-05-15T12:01:47.587Z","userId":0,"action":"update","resourceType":"Reminder","resourceId":"6825","details":"MongoDB update on Reminder","userIp":"","userAgent":""}
{"timestamp":"2025-05-15T12:01:47.593Z","userId":0,"action":"update","resourceType":"Reminder","resourceId":"6825","details":"MongoDB update on Reminder","userIp":"","userAgent":""}
{"timestamp":"2025-05-15T12:01:47.599Z","userId":0,"action":"update","resourceType":"Reminder","resourceId":"6825","details":"MongoDB update on Reminder","userIp":"","userAgent":""}
{"timestamp":"2025-05-15T12:01:47.604Z","userId":0,"action":"update","resourceType":"Reminder","resourceId":"6825","details":"MongoDB update on Reminder","userIp":"","userAgent":""}
{"timestamp":"2025-05-15T12:01:47.609Z","userId":0,"action":"update","resourceType":"Reminder","resourceId":"6825","details":"MongoDB update on Reminder","userIp":"","userAgent":""}
{"timestamp":"2025-05-15T12:01:47.615Z","userId":0,"action":"update","resourceType":"Reminder","resourceId":"6825","details":"MongoDB update on Reminder","userIp":"","userAgent":""}
{"timestamp":"2025-05-15T12:01:47.620Z","userId":0,"action":"update","resourceType":"Reminder","resourceId":"6825","details":"MongoDB update on Reminder","userIp":"","userAgent":""}
{"timestamp":"2025-05-15T12:01:47.625Z","userId":0,"action":"update","resourceType":"Reminder","resourceId":"6825","details":"MongoDB update on Reminder","userIp":"","userAgent":""}
{"timestamp":"2025-05-15T12:01:47.631Z","userId":0,"action":"update","resourceType":"Reminder","resourceId":"6825","details":"MongoDB update on Reminder","userIp":"","userAgent":""}
{"timestamp":"2025-05-15T12:01:47.637Z","userId":0,"action":"update","resourceType":"Reminder","resourceId":"6825","details":"MongoDB update on Reminder","userIp":"","userAgent":""}
{"timestamp":"2025-05-15T12:01:47.643Z","userId":0,"action":"update","resourceType":"Reminder","resourceId":"6825","details":"MongoDB update on Reminder","userIp":"","userAgent":""}
{"timestamp":"2025-05-15T12:01:47.649Z","userId":0,"action":"update","resourceType":"Reminder","resourceId":"6825","details":"MongoDB update on Reminder","userIp":"","userAgent":""}
{"timestamp":"2025-05-15T12:01:47.654Z","userId":0,"action":"update","resourceType":"Reminder","resourceId":"6825","details":"MongoDB update on Reminder","userIp":"","userAgent":""}
{"timestamp":"2025-05-15T12:01:47.659Z","userId":0,"action":"update","resourceType":"Reminder","resourceId":"6825","details":"MongoDB update on Reminder","userIp":"","userAgent":""}
{"timestamp":"2025-05-15T12:01:47.664Z","userId":0,"action":"update","resourceType":"Reminder","resourceId":"6825","details":"MongoDB update on Reminder","userIp":"","userAgent":""}
{"timestamp":"2025-05-15T12:01:47.669Z","userId":0,"action":"update","resourceType":"Reminder","resourceId":"6825","details":"MongoDB update on Reminder","userIp":"","userAgent":""}
{"timestamp":"2025-05-15T12:01:47.674Z","userId":0,"action":"update","resourceType":"Reminder","resourceId":"6825","details":"MongoDB update on Reminder","userIp":"","userAgent":""}
{"timestamp":"2025-05-15T12:01:47.681Z","userId":0,"action":"update","resourceType":"Reminder","resourceId":"6825","details":"MongoDB update on Reminder","userIp":"","userAgent":""}
{"timestamp":"2025-05-15T12:01:47.686Z","userId":0,"action":"update","resourceType":"Reminder","resourceId":"6825","details":"MongoDB update on Reminder","userIp":"","userAgent":""}
{"timestamp":"2025-05-15T12:01:47.691Z","userId":0,"action":"update","resourceType":"Reminder","resourceId":"6825","details":"MongoDB update on Reminder","userIp":"","userAgent":""}
{"timestamp":"2025-05-15T12:01:47.696Z","userId":0,"action":"update","resourceType":"Reminder","resourceId":"6825","details":"MongoDB update on Reminder","userIp":"","userAgent":""}
{"timestamp":"2025-05-15T12:01:47.702Z","userId":0,"action":"update","resourceType":"Reminder","resourceId":"6825","details":"MongoDB update on Reminder","userIp":"","userAgent":""}
{"timestamp":"2025-05-15T12:01:47.709Z","userId":0,"action":"update","resourceType":"Reminder","resourceId":"6825","details":"MongoDB update on Reminder","userIp":"","userAgent":""}
{"timestamp":"2025-05-15T12:01:47.715Z","userId":0,"action":"update","resourceType":"Reminder","resourceId":"6825","details":"MongoDB update on Reminder","userIp":"","userAgent":""}
{"timestamp":"2025-05-15T12:01:47.721Z","userId":0,"action":"update","resourceType":"Reminder","resourceId":"6825","details":"MongoDB update on Reminder","userIp":"","userAgent":""}
{"timestamp":"2025-05-15T12:01:47.726Z","userId":0,"action":"update","resourceType":"Reminder","resourceId":"6825","details":"MongoDB update on Reminder","userIp":"","userAgent":""}
{"timestamp":"2025-05-15T12:01:47.732Z","userId":0,"action":"update","resourceType":"Reminder","resourceId":"6825","details":"MongoDB update on Reminder","userIp":"","userAgent":""}
{"timestamp":"2025-05-15T12:01:47.738Z","userId":0,"action":"update","resourceType":"Reminder","resourceId":"6825","details":"MongoDB update on Reminder","userIp":"","userAgent":""}
{"timestamp":"2025-05-15T12:01:47.744Z","userId":0,"action":"update","resourceType":"Reminder","resourceId":"6825","details":"MongoDB update on Reminder","userIp":"","userAgent":""}
{"timestamp":"2025-05-15T12:01:47.749Z","userId":0,"action":"update","resourceType":"Reminder","resourceId":"6825","details":"MongoDB update on Reminder","userIp":"","userAgent":""}
{"timestamp":"2025-05-15T12:01:47.756Z","userId":0,"action":"update","resourceType":"Reminder","resourceId":"6825","details":"MongoDB update on Reminder","userIp":"","userAgent":""}
{"timestamp":"2025-05-15T12:01:47.763Z","userId":0,"action":"update","resourceType":"Reminder","resourceId":"6825","details":"MongoDB update on Reminder","userIp":"","userAgent":""}
{"timestamp":"2025-05-15T12:01:47.769Z","userId":0,"action":"update","resourceType":"Reminder","resourceId":"6825","details":"MongoDB update on Reminder","userIp":"","userAgent":""}
{"timestamp":"2025-05-15T12:01:47.776Z","userId":0,"action":"update","resourceType":"Reminder","resourceId":"6825","details":"MongoDB update on Reminder","userIp":"","userAgent":""}
{"timestamp":"2025-05-15T12:01:47.781Z","userId":0,"action":"update","resourceType":"Reminder","resourceId":"6825","details":"MongoDB update on Reminder","userIp":"","userAgent":""}
{"timestamp":"2025-05-15T12:01:47.786Z","userId":0,"action":"update","resourceType":"Reminder","resourceId":"6825","details":"MongoDB update on Reminder","userIp":"","userAgent":""}
{"timestamp":"2025-05-15T12:01:47.791Z","userId":0,"action":"update","resourceType":"Reminder","resourceId":"6825","details":"MongoDB update on Reminder","userIp":"","userAgent":""}
{"timestamp":"2025-05-15T12:01:47.798Z","userId":0,"action":"update","resourceType":"Reminder","resourceId":"6825","details":"MongoDB update on Reminder","userIp":"","userAgent":""}
{"timestamp":"2025-05-15T12:01:47.804Z","userId":0,"action":"update","resourceType":"Reminder","resourceId":"6825","details":"MongoDB update on Reminder","userIp":"","userAgent":""}
{"timestamp":"2025-05-15T12:01:47.812Z","userId":0,"action":"update","resourceType":"Reminder","resourceId":"6825","details":"MongoDB update on Reminder","userIp":"","userAgent":""}
{"timestamp":"2025-05-15T12:01:47.817Z","userId":0,"action":"update","resourceType":"Reminder","resourceId":"6825","details":"MongoDB update on Reminder","userIp":"","userAgent":""}
{"timestamp":"2025-05-15T12:01:47.823Z","userId":0,"action":"update","resourceType":"Reminder","resourceId":"6825","details":"MongoDB update on Reminder","userIp":"","userAgent":""}
{"timestamp":"2025-05-15T12:01:47.830Z","userId":0,"action":"update","resourceType":"Reminder","resourceId":"6825","details":"MongoDB update on Reminder","userIp":"","userAgent":""}
{"timestamp":"2025-05-15T12:01:47.835Z","userId":0,"action":"update","resourceType":"Reminder","resourceId":"6825","details":"MongoDB update on Reminder","userIp":"","userAgent":""}
{"timestamp":"2025-05-15T12:01:47.839Z","userId":0,"action":"update","resourceType":"Reminder","resourceId":"6825","details":"MongoDB update on Reminder","userIp":"","userAgent":""}
{"timestamp":"2025-05-15T12:01:47.845Z","userId":0,"action":"update","resourceType":"Reminder","resourceId":"6825","details":"MongoDB update on Reminder","userIp":"","userAgent":""}
{"timestamp":"2025-05-15T12:01:47.853Z","userId":0,"action":"update","resourceType":"Reminder","resourceId":"6825","details":"MongoDB update on Reminder","userIp":"","userAgent":""}
{"timestamp":"2025-05-15T12:01:47.859Z","userId":0,"action":"update","resourceType":"Reminder","resourceId":"6825","details":"MongoDB update on Reminder","userIp":"","userAgent":""}
{"timestamp":"2025-05-15T12:01:47.866Z","userId":0,"action":"update","resourceType":"Reminder","resourceId":"6825","details":"MongoDB update on Reminder","userIp":"","userAgent":""}
{"timestamp":"2025-05-15T12:01:47.873Z","userId":0,"action":"update","resourceType":"Reminder","resourceId":"6825","details":"MongoDB update on Reminder","userIp":"","userAgent":""}
{"timestamp":"2025-05-15T12:01:47.880Z","userId":0,"action":"update","resourceType":"Reminder","resourceId":"6825","details":"MongoDB update on Reminder","userIp":"","userAgent":""}
{"timestamp":"2025-05-15T12:01:47.886Z","userId":0,"action":"update","resourceType":"Reminder","resourceId":"6825","details":"MongoDB update on Reminder","userIp":"","userAgent":""}
{"timestamp":"2025-05-15T12:01:47.892Z","userId":0,"action":"update","resourceType":"Reminder","resourceId":"6825","details":"MongoDB update on Reminder","userIp":"","userAgent":""}
{"timestamp":"2025-05-15T12:01:47.898Z","userId":0,"action":"update","resourceType":"Reminder","resourceId":"6825","details":"MongoDB update on Reminder","userIp":"","userAgent":""}
{"timestamp":"2025-05-15T12:01:47.906Z","userId":0,"action":"update","resourceType":"Reminder","resourceId":"6825","details":"MongoDB update on Reminder","userIp":"","userAgent":""}
{"timestamp":"2025-05-15T12:01:47.913Z","userId":0,"action":"update","resourceType":"Reminder","resourceId":"6825","details":"MongoDB update on Reminder","userIp":"","userAgent":""}
{"timestamp":"2025-05-15T12:01:47.921Z","userId":0,"action":"update","resourceType":"Reminder","resourceId":"6825","details":"MongoDB update on Reminder","userIp":"","userAgent":""}
{"timestamp":"2025-05-15T12:01:47.929Z","userId":0,"action":"update","resourceType":"Reminder","resourceId":"6825","details":"MongoDB update on Reminder","userIp":"","userAgent":""}
{"timestamp":"2025-05-15T12:01:47.939Z","userId":0,"action":"update","resourceType":"Reminder","resourceId":"6825","details":"MongoDB update on Reminder","userIp":"","userAgent":""}
{"timestamp":"2025-05-15T12:01:47.947Z","userId":0,"action":"update","resourceType":"Reminder","resourceId":"6825","details":"MongoDB update on Reminder","userIp":"","userAgent":""}
{"timestamp":"2025-05-15T12:01:47.959Z","userId":0,"action":"update","resourceType":"Reminder","resourceId":"6825","details":"MongoDB update on Reminder","userIp":"","userAgent":""}
{"timestamp":"2025-05-15T12:01:47.972Z","userId":0,"action":"update","resourceType":"Reminder","resourceId":"6825","details":"MongoDB update on Reminder","userIp":"","userAgent":""}
{"timestamp":"2025-05-15T12:01:47.980Z","userId":0,"action":"update","resourceType":"Reminder","resourceId":"6825","details":"MongoDB update on Reminder","userIp":"","userAgent":""}
{"timestamp":"2025-05-15T12:01:47.987Z","userId":0,"action":"update","resourceType":"Reminder","resourceId":"6825","details":"MongoDB update on Reminder","userIp":"","userAgent":""}
{"timestamp":"2025-05-15T12:01:47.994Z","userId":0,"action":"update","resourceType":"Reminder","resourceId":"6825","details":"MongoDB update on Reminder","userIp":"","userAgent":""}
{"timestamp":"2025-05-15T12:01:48.000Z","userId":0,"action":"update","resourceType":"Reminder","resourceId":"6825","details":"MongoDB update on Reminder","userIp":"","userAgent":""}
{"timestamp":"2025-05-15T12:01:48.006Z","userId":0,"action":"update","resourceType":"Reminder","resourceId":"6825","details":"MongoDB update on Reminder","userIp":"","userAgent":""}
{"timestamp":"2025-05-15T12:01:48.012Z","userId":0,"action":"update","resourceType":"Reminder","resourceId":"6825","details":"MongoDB update on Reminder","userIp":"","userAgent":""}
{"timestamp":"2025-05-15T12:01:48.018Z","userId":0,"action":"update","resourceType":"Reminder","resourceId":"6825","details":"MongoDB update on Reminder","userIp":"","userAgent":""}
{"timestamp":"2025-05-15T12:01:48.025Z","userId":0,"action":"update","resourceType":"Reminder","resourceId":"6825","details":"MongoDB update on Reminder","userIp":"","userAgent":""}
{"timestamp":"2025-05-15T12:01:48.031Z","userId":0,"action":"update","resourceType":"Reminder","resourceId":"6825","details":"MongoDB update on Reminder","userIp":"","userAgent":""}
{"timestamp":"2025-05-15T12:01:48.037Z","userId":0,"action":"update","resourceType":"Reminder","resourceId":"6825","details":"MongoDB update on Reminder","userIp":"","userAgent":""}
{"timestamp":"2025-05-15T12:01:48.044Z","userId":0,"action":"update","resourceType":"Reminder","resourceId":"6825","details":"MongoDB update on Reminder","userIp":"","userAgent":""}
{"timestamp":"2025-05-15T12:01:48.050Z","userId":0,"action":"update","resourceType":"Reminder","resourceId":"6825","details":"MongoDB update on Reminder","userIp":"","userAgent":""}
{"timestamp":"2025-05-15T12:01:48.056Z","userId":0,"action":"update","resourceType":"Reminder","resourceId":"6825","details":"MongoDB update on Reminder","userIp":"","userAgent":""}
{"timestamp":"2025-05-15T12:01:48.063Z","userId":0,"action":"update","resourceType":"Reminder","resourceId":"6825","details":"MongoDB update on Reminder","userIp":"","userAgent":""}
{"timestamp":"2025-05-15T12:01:48.069Z","userId":0,"action":"update","resourceType":"Reminder","resourceId":"6825","details":"MongoDB update on Reminder","userIp":"","userAgent":""}
{"timestamp":"2025-05-15T12:01:48.076Z","userId":0,"action":"update","resourceType":"Reminder","resourceId":"6825","details":"MongoDB update on Reminder","userIp":"","userAgent":""}
{"timestamp":"2025-05-15T12:01:48.082Z","userId":0,"action":"update","resourceType":"Reminder","resourceId":"6825","details":"MongoDB update on Reminder","userIp":"","userAgent":""}
{"timestamp":"2025-05-15T12:01:48.088Z","userId":0,"action":"update","resourceType":"Reminder","resourceId":"6825","details":"MongoDB update on Reminder","userIp":"","userAgent":""}
{"timestamp":"2025-05-15T12:01:48.095Z","userId":0,"action":"update","resourceType":"Reminder","resourceId":"6825","details":"MongoDB update on Reminder","userIp":"","userAgent":""}
{"timestamp":"2025-05-15T12:01:48.102Z","userId":0,"action":"update","resourceType":"Reminder","resourceId":"6825","details":"MongoDB update on Reminder","userIp":"","userAgent":""}
{"timestamp":"2025-05-15T12:01:48.108Z","userId":0,"action":"update","resourceType":"Reminder","resourceId":"6825","details":"MongoDB update on Reminder","userIp":"","userAgent":""}
{"timestamp":"2025-05-15T12:01:48.115Z","userId":0,"action":"update","resourceType":"Reminder","resourceId":"6825","details":"MongoDB update on Reminder","userIp":"","userAgent":""}
{"timestamp":"2025-05-15T12:01:48.121Z","userId":0,"action":"update","resourceType":"Reminder","resourceId":"6825","details":"MongoDB update on Reminder","userIp":"","userAgent":""}
{"timestamp":"2025-05-15T12:01:48.127Z","userId":0,"action":"update","resourceType":"Reminder","resourceId":"6825","details":"MongoDB update on Reminder","userIp":"","userAgent":""}
{"timestamp":"2025-05-15T12:01:48.134Z","userId":0,"action":"update","resourceType":"Reminder","resourceId":"6825","details":"MongoDB update on Reminder","userIp":"","userAgent":""}
{"timestamp":"2025-05-15T12:01:48.141Z","userId":0,"action":"update","resourceType":"Reminder","resourceId":"6825","details":"MongoDB update on Reminder","userIp":"","userAgent":""}
{"timestamp":"2025-05-15T12:01:48.147Z","userId":0,"action":"update","resourceType":"Reminder","resourceId":"6825","details":"MongoDB update on Reminder","userIp":"","userAgent":""}
{"timestamp":"2025-05-15T12:01:48.152Z","userId":0,"action":"update","resourceType":"Reminder","resourceId":"6825","details":"MongoDB update on Reminder","userIp":"","userAgent":""}
{"timestamp":"2025-05-15T12:01:48.159Z","userId":0,"action":"update","resourceType":"Reminder","resourceId":"6825","details":"MongoDB update on Reminder","userIp":"","userAgent":""}
{"timestamp":"2025-05-15T12:01:48.166Z","userId":0,"action":"update","resourceType":"Reminder","resourceId":"6825","details":"MongoDB update on Reminder","userIp":"","userAgent":""}
{"timestamp":"2025-05-15T12:01:48.176Z","userId":0,"action":"update","resourceType":"Reminder","resourceId":"6825","details":"MongoDB update on Reminder","userIp":"","userAgent":""}
{"timestamp":"2025-05-15T12:01:48.183Z","userId":0,"action":"update","resourceType":"Reminder","resourceId":"6825","details":"MongoDB update on Reminder","userIp":"","userAgent":""}
{"timestamp":"2025-05-15T12:01:48.190Z","userId":0,"action":"update","resourceType":"Reminder","resourceId":"6825","details":"MongoDB update on Reminder","userIp":"","userAgent":""}
{"timestamp":"2025-05-15T12:01:48.196Z","userId":0,"action":"update","resourceType":"Reminder","resourceId":"6825","details":"MongoDB update on Reminder","userIp":"","userAgent":""}
{"timestamp":"2025-05-15T12:01:48.203Z","userId":0,"action":"update","resourceType":"Reminder","resourceId":"6825","details":"MongoDB update on Reminder","userIp":"","userAgent":""}
{"timestamp":"2025-05-15T12:01:48.209Z","userId":0,"action":"update","resourceType":"Reminder","resourceId":"6825","details":"MongoDB update on Reminder","userIp":"","userAgent":""}
{"timestamp":"2025-05-15T12:01:48.216Z","userId":0,"action":"update","resourceType":"Reminder","resourceId":"6825","details":"MongoDB update on Reminder","userIp":"","userAgent":""}
{"timestamp":"2025-05-15T12:01:48.224Z","userId":0,"action":"update","resourceType":"Reminder","resourceId":"6825","details":"MongoDB update on Reminder","userIp":"","userAgent":""}
{"timestamp":"2025-05-15T12:01:48.230Z","userId":0,"action":"update","resourceType":"Reminder","resourceId":"6825","details":"MongoDB update on Reminder","userIp":"","userAgent":""}
{"timestamp":"2025-05-15T12:01:48.239Z","userId":0,"action":"update","resourceType":"Reminder","resourceId":"6825","details":"MongoDB update on Reminder","userIp":"","userAgent":""}
{"timestamp":"2025-05-15T12:01:48.248Z","userId":0,"action":"update","resourceType":"Reminder","resourceId":"6825","details":"MongoDB update on Reminder","userIp":"","userAgent":""}
{"timestamp":"2025-05-15T12:01:48.256Z","userId":0,"action":"update","resourceType":"Reminder","resourceId":"6825","details":"MongoDB update on Reminder","userIp":"","userAgent":""}
{"timestamp":"2025-05-15T12:01:48.264Z","userId":0,"action":"update","resourceType":"Reminder","resourceId":"6825","details":"MongoDB update on Reminder","userIp":"","userAgent":""}
{"timestamp":"2025-05-15T12:01:48.273Z","userId":0,"action":"update","resourceType":"Reminder","resourceId":"6825","details":"MongoDB update on Reminder","userIp":"","userAgent":""}
{"timestamp":"2025-05-15T12:01:48.279Z","userId":0,"action":"update","resourceType":"Reminder","resourceId":"6825","details":"MongoDB update on Reminder","userIp":"","userAgent":""}
{"timestamp":"2025-05-15T12:01:48.288Z","userId":0,"action":"update","resourceType":"Reminder","resourceId":"6825","details":"MongoDB update on Reminder","userIp":"","userAgent":""}
{"timestamp":"2025-05-15T12:01:48.294Z","userId":0,"action":"update","resourceType":"Reminder","resourceId":"6825","details":"MongoDB update on Reminder","userIp":"","userAgent":""}
{"timestamp":"2025-05-15T12:01:48.302Z","userId":0,"action":"update","resourceType":"Reminder","resourceId":"6825","details":"MongoDB update on Reminder","userIp":"","userAgent":""}
{"timestamp":"2025-05-15T12:01:48.308Z","userId":0,"action":"update","resourceType":"Reminder","resourceId":"6825","details":"MongoDB update on Reminder","userIp":"","userAgent":""}
{"timestamp":"2025-05-15T12:01:48.315Z","userId":0,"action":"update","resourceType":"Reminder","resourceId":"6825","details":"MongoDB update on Reminder","userIp":"","userAgent":""}
{"timestamp":"2025-05-15T12:01:48.322Z","userId":0,"action":"update","resourceType":"Reminder","resourceId":"6825","details":"MongoDB update on Reminder","userIp":"","userAgent":""}
{"timestamp":"2025-05-15T12:01:48.329Z","userId":0,"action":"update","resourceType":"Reminder","resourceId":"6825","details":"MongoDB update on Reminder","userIp":"","userAgent":""}
{"timestamp":"2025-05-15T12:01:48.335Z","userId":0,"action":"update","resourceType":"Reminder","resourceId":"6825","details":"MongoDB update on Reminder","userIp":"","userAgent":""}
{"timestamp":"2025-05-15T12:01:48.341Z","userId":0,"action":"update","resourceType":"Reminder","resourceId":"6825","details":"MongoDB update on Reminder","userIp":"","userAgent":""}
{"timestamp":"2025-05-15T12:01:48.348Z","userId":0,"action":"update","resourceType":"Reminder","resourceId":"6825","details":"MongoDB update on Reminder","userIp":"","userAgent":""}
{"timestamp":"2025-05-15T12:01:48.354Z","userId":0,"action":"update","resourceType":"Reminder","resourceId":"6825","details":"MongoDB update on Reminder","userIp":"","userAgent":""}
{"timestamp":"2025-05-15T12:01:48.361Z","userId":0,"action":"update","resourceType":"Reminder","resourceId":"6825","details":"MongoDB update on Reminder","userIp":"","userAgent":""}
{"timestamp":"2025-05-15T12:01:48.367Z","userId":0,"action":"update","resourceType":"Reminder","resourceId":"6825","details":"MongoDB update on Reminder","userIp":"","userAgent":""}
{"timestamp":"2025-05-15T12:01:48.372Z","userId":0,"action":"update","resourceType":"Reminder","resourceId":"6825","details":"MongoDB update on Reminder","userIp":"","userAgent":""}
{"timestamp":"2025-05-15T12:01:48.379Z","userId":0,"action":"update","resourceType":"Reminder","resourceId":"6825","details":"MongoDB update on Reminder","userIp":"","userAgent":""}
{"timestamp":"2025-05-15T12:01:48.386Z","userId":0,"action":"update","resourceType":"Reminder","resourceId":"6825","details":"MongoDB update on Reminder","userIp":"","userAgent":""}
{"timestamp":"2025-05-15T12:01:48.392Z","userId":0,"action":"update","resourceType":"Reminder","resourceId":"6825","details":"MongoDB update on Reminder","userIp":"","userAgent":""}
{"timestamp":"2025-05-15T12:01:48.398Z","userId":0,"action":"update","resourceType":"Reminder","resourceId":"6825","details":"MongoDB update on Reminder","userIp":"","userAgent":""}
{"timestamp":"2025-05-15T12:01:48.406Z","userId":0,"action":"update","resourceType":"Reminder","resourceId":"6825","details":"MongoDB update on Reminder","userIp":"","userAgent":""}
{"timestamp":"2025-05-15T12:01:48.412Z","userId":0,"action":"update","resourceType":"Reminder","resourceId":"6825","details":"MongoDB update on Reminder","userIp":"","userAgent":""}
{"timestamp":"2025-05-15T12:01:48.419Z","userId":0,"action":"update","resourceType":"Reminder","resourceId":"6825","details":"MongoDB update on Reminder","userIp":"","userAgent":""}
{"timestamp":"2025-05-15T12:01:48.425Z","userId":0,"action":"update","resourceType":"Reminder","resourceId":"6825","details":"MongoDB update on Reminder","userIp":"","userAgent":""}
{"timestamp":"2025-05-15T12:01:48.432Z","userId":0,"action":"update","resourceType":"Reminder","resourceId":"6825","details":"MongoDB update on Reminder","userIp":"","userAgent":""}
{"timestamp":"2025-05-15T12:01:48.438Z","userId":0,"action":"update","resourceType":"Reminder","resourceId":"6825","details":"MongoDB update on Reminder","userIp":"","userAgent":""}
{"timestamp":"2025-05-15T12:01:48.444Z","userId":0,"action":"update","resourceType":"Reminder","resourceId":"6825","details":"MongoDB update on Reminder","userIp":"","userAgent":""}
{"timestamp":"2025-05-15T12:01:48.450Z","userId":0,"action":"update","resourceType":"Reminder","resourceId":"6825","details":"MongoDB update on Reminder","userIp":"","userAgent":""}
{"timestamp":"2025-05-15T12:01:48.458Z","userId":0,"action":"update","resourceType":"Reminder","resourceId":"6825","details":"MongoDB update on Reminder","userIp":"","userAgent":""}
{"timestamp":"2025-05-15T12:01:48.464Z","userId":0,"action":"update","resourceType":"Reminder","resourceId":"6825","details":"MongoDB update on Reminder","userIp":"","userAgent":""}
{"timestamp":"2025-05-15T12:01:48.470Z","userId":0,"action":"update","resourceType":"Reminder","resourceId":"6825","details":"MongoDB update on Reminder","userIp":"","userAgent":""}
{"timestamp":"2025-05-15T12:01:48.478Z","userId":0,"action":"update","resourceType":"Reminder","resourceId":"6825","details":"MongoDB update on Reminder","userIp":"","userAgent":""}
{"timestamp":"2025-05-15T12:01:48.484Z","userId":0,"action":"update","resourceType":"Reminder","resourceId":"6825","details":"MongoDB update on Reminder","userIp":"","userAgent":""}
{"timestamp":"2025-05-15T12:01:48.491Z","userId":0,"action":"update","resourceType":"Reminder","resourceId":"6825","details":"MongoDB update on Reminder","userIp":"","userAgent":""}
{"timestamp":"2025-05-15T12:01:48.498Z","userId":0,"action":"update","resourceType":"Reminder","resourceId":"6825","details":"MongoDB update on Reminder","userIp":"","userAgent":""}
{"timestamp":"2025-05-15T12:01:48.506Z","userId":0,"action":"update","resourceType":"Reminder","resourceId":"6825","details":"MongoDB update on Reminder","userIp":"","userAgent":""}
{"timestamp":"2025-05-15T12:01:48.511Z","userId":0,"action":"update","resourceType":"Reminder","resourceId":"6825","details":"MongoDB update on Reminder","userIp":"","userAgent":""}
{"timestamp":"2025-05-15T12:01:48.519Z","userId":0,"action":"update","resourceType":"Reminder","resourceId":"6825","details":"MongoDB update on Reminder","userIp":"","userAgent":""}
{"timestamp":"2025-05-15T12:01:48.525Z","userId":0,"action":"update","resourceType":"Reminder","resourceId":"6825","details":"MongoDB update on Reminder","userIp":"","userAgent":""}
{"timestamp":"2025-05-15T12:01:48.532Z","userId":0,"action":"update","resourceType":"Reminder","resourceId":"6825","details":"MongoDB update on Reminder","userIp":"","userAgent":""}
{"timestamp":"2025-05-15T12:01:48.539Z","userId":0,"action":"update","resourceType":"Reminder","resourceId":"6825","details":"MongoDB update on Reminder","userIp":"","userAgent":""}
{"timestamp":"2025-05-15T12:01:48.545Z","userId":0,"action":"update","resourceType":"Reminder","resourceId":"6825","details":"MongoDB update on Reminder","userIp":"","userAgent":""}
{"timestamp":"2025-05-15T12:01:48.551Z","userId":0,"action":"update","resourceType":"Reminder","resourceId":"6825","details":"MongoDB update on Reminder","userIp":"","userAgent":""}
{"timestamp":"2025-05-15T12:01:48.557Z","userId":0,"action":"update","resourceType":"Reminder","resourceId":"6825","details":"MongoDB update on Reminder","userIp":"","userAgent":""}
{"timestamp":"2025-05-15T12:01:48.563Z","userId":0,"action":"update","resourceType":"Reminder","resourceId":"6825","details":"MongoDB update on Reminder","userIp":"","userAgent":""}
{"timestamp":"2025-05-15T12:01:48.570Z","userId":0,"action":"update","resourceType":"Reminder","resourceId":"6825","details":"MongoDB update on Reminder","userIp":"","userAgent":""}
{"timestamp":"2025-05-15T12:01:48.577Z","userId":0,"action":"update","resourceType":"Reminder","resourceId":"6825","details":"MongoDB update on Reminder","userIp":"","userAgent":""}
{"timestamp":"2025-05-15T12:01:48.585Z","userId":0,"action":"update","resourceType":"Reminder","resourceId":"6825","details":"MongoDB update on Reminder","userIp":"","userAgent":""}
{"timestamp":"2025-05-15T12:01:48.590Z","userId":0,"action":"update","resourceType":"Reminder","resourceId":"6825","details":"MongoDB update on Reminder","userIp":"","userAgent":""}
{"timestamp":"2025-05-15T12:01:48.597Z","userId":0,"action":"update","resourceType":"Reminder","resourceId":"6825","details":"MongoDB update on Reminder","userIp":"","userAgent":""}
{"timestamp":"2025-05-15T12:01:48.603Z","userId":0,"action":"update","resourceType":"Reminder","resourceId":"6825","details":"MongoDB update on Reminder","userIp":"","userAgent":""}
{"timestamp":"2025-05-15T12:01:48.609Z","userId":0,"action":"update","resourceType":"Reminder","resourceId":"6825","details":"MongoDB update on Reminder","userIp":"","userAgent":""}
{"timestamp":"2025-05-15T12:01:48.616Z","userId":0,"action":"update","resourceType":"Reminder","resourceId":"6825","details":"MongoDB update on Reminder","userIp":"","userAgent":""}
{"timestamp":"2025-05-15T12:01:48.622Z","userId":0,"action":"update","resourceType":"Reminder","resourceId":"6825","details":"MongoDB update on Reminder","userIp":"","userAgent":""}
{"timestamp":"2025-05-15T12:01:48.629Z","userId":0,"action":"update","resourceType":"Reminder","resourceId":"6825","details":"MongoDB update on Reminder","userIp":"","userAgent":""}
{"timestamp":"2025-05-15T12:01:48.636Z","userId":0,"action":"update","resourceType":"Reminder","resourceId":"6825","details":"MongoDB update on Reminder","userIp":"","userAgent":""}
{"timestamp":"2025-05-15T12:01:48.642Z","userId":0,"action":"update","resourceType":"Reminder","resourceId":"6825","details":"MongoDB update on Reminder","userIp":"","userAgent":""}
{"timestamp":"2025-05-15T12:01:48.649Z","userId":0,"action":"update","resourceType":"Reminder","resourceId":"6825","details":"MongoDB update on Reminder","userIp":"","userAgent":""}
{"timestamp":"2025-05-15T12:01:48.693Z","userId":0,"action":"update","resourceType":"Reminder","resourceId":"6825","details":"MongoDB update on Reminder","userIp":"","userAgent":""}
{"timestamp":"2025-05-15T12:01:48.714Z","userId":0,"action":"update","resourceType":"Reminder","resourceId":"6825","details":"MongoDB update on Reminder","userIp":"","userAgent":""}
{"timestamp":"2025-05-15T12:01:48.730Z","userId":0,"action":"update","resourceType":"Reminder","resourceId":"6825","details":"MongoDB update on Reminder","userIp":"","userAgent":""}
{"timestamp":"2025-05-15T12:01:48.738Z","userId":0,"action":"update","resourceType":"Reminder","resourceId":"6825","details":"MongoDB update on Reminder","userIp":"","userAgent":""}
{"timestamp":"2025-05-15T12:01:48.743Z","userId":0,"action":"update","resourceType":"Reminder","resourceId":"6825","details":"MongoDB update on Reminder","userIp":"","userAgent":""}
{"timestamp":"2025-05-15T12:01:48.749Z","userId":0,"action":"update","resourceType":"Reminder","resourceId":"6825","details":"MongoDB update on Reminder","userIp":"","userAgent":""}
{"timestamp":"2025-05-15T12:01:48.755Z","userId":0,"action":"update","resourceType":"Reminder","resourceId":"6825","details":"MongoDB update on Reminder","userIp":"","userAgent":""}
{"timestamp":"2025-05-15T12:01:48.762Z","userId":0,"action":"update","resourceType":"Reminder","resourceId":"6825","details":"MongoDB update on Reminder","userIp":"","userAgent":""}
{"timestamp":"2025-05-15T12:01:48.769Z","userId":0,"action":"update","resourceType":"Reminder","resourceId":"6825","details":"MongoDB update on Reminder","userIp":"","userAgent":""}
{"timestamp":"2025-05-15T12:01:48.776Z","userId":0,"action":"update","resourceType":"Reminder","resourceId":"6825","details":"MongoDB update on Reminder","userIp":"","userAgent":""}
{"timestamp":"2025-05-15T12:01:48.785Z","userId":0,"action":"update","resourceType":"Reminder","resourceId":"6825","details":"MongoDB update on Reminder","userIp":"","userAgent":""}
{"timestamp":"2025-05-15T12:01:48.792Z","userId":0,"action":"update","resourceType":"Reminder","resourceId":"6825","details":"MongoDB update on Reminder","userIp":"","userAgent":""}
{"timestamp":"2025-05-15T12:01:48.801Z","userId":0,"action":"update","resourceType":"Reminder","resourceId":"6825","details":"MongoDB update on Reminder","userIp":"","userAgent":""}
{"timestamp":"2025-05-15T12:01:48.810Z","userId":0,"action":"update","resourceType":"Reminder","resourceId":"6825","details":"MongoDB update on Reminder","userIp":"","userAgent":""}
{"timestamp":"2025-05-15T12:01:48.828Z","userId":0,"action":"update","resourceType":"Reminder","resourceId":"6825","details":"MongoDB update on Reminder","userIp":"","userAgent":""}
{"timestamp":"2025-05-15T12:01:48.839Z","userId":0,"action":"update","resourceType":"Reminder","resourceId":"6825","details":"MongoDB update on Reminder","userIp":"","userAgent":""}
{"timestamp":"2025-05-15T12:01:48.849Z","userId":0,"action":"update","resourceType":"Reminder","resourceId":"6825","details":"MongoDB update on Reminder","userIp":"","userAgent":""}
{"timestamp":"2025-05-15T12:01:48.858Z","userId":0,"action":"update","resourceType":"Reminder","resourceId":"6825","details":"MongoDB update on Reminder","userIp":"","userAgent":""}
{"timestamp":"2025-05-15T12:01:48.865Z","userId":0,"action":"update","resourceType":"Reminder","resourceId":"6825","details":"MongoDB update on Reminder","userIp":"","userAgent":""}
{"timestamp":"2025-05-15T12:01:48.871Z","userId":0,"action":"update","resourceType":"Reminder","resourceId":"6825","details":"MongoDB update on Reminder","userIp":"","userAgent":""}
{"timestamp":"2025-05-15T12:01:48.877Z","userId":0,"action":"update","resourceType":"Reminder","resourceId":"6825","details":"MongoDB update on Reminder","userIp":"","userAgent":""}
{"timestamp":"2025-05-15T12:01:48.884Z","userId":0,"action":"update","resourceType":"Reminder","resourceId":"6825","details":"MongoDB update on Reminder","userIp":"","userAgent":""}
{"timestamp":"2025-05-15T12:01:48.890Z","userId":0,"action":"update","resourceType":"Reminder","resourceId":"6825","details":"MongoDB update on Reminder","userIp":"","userAgent":""}
{"timestamp":"2025-05-15T12:01:48.896Z","userId":0,"action":"update","resourceType":"Reminder","resourceId":"6825","details":"MongoDB update on Reminder","userIp":"","userAgent":""}
{"timestamp":"2025-05-15T12:01:48.902Z","userId":0,"action":"update","resourceType":"Reminder","resourceId":"6825","details":"MongoDB update on Reminder","userIp":"","userAgent":""}
{"timestamp":"2025-05-15T12:01:48.909Z","userId":0,"action":"update","resourceType":"Reminder","resourceId":"6825","details":"MongoDB update on Reminder","userIp":"","userAgent":""}
{"timestamp":"2025-05-15T12:01:48.915Z","userId":0,"action":"update","resourceType":"Reminder","resourceId":"6825","details":"MongoDB update on Reminder","userIp":"","userAgent":""}
{"timestamp":"2025-05-15T12:01:48.922Z","userId":0,"action":"update","resourceType":"Reminder","resourceId":"6825","details":"MongoDB update on Reminder","userIp":"","userAgent":""}
{"timestamp":"2025-05-15T12:01:48.928Z","userId":0,"action":"update","resourceType":"Reminder","resourceId":"6825","details":"MongoDB update on Reminder","userIp":"","userAgent":""}
{"timestamp":"2025-05-15T12:01:48.935Z","userId":0,"action":"update","resourceType":"Reminder","resourceId":"6825","details":"MongoDB update on Reminder","userIp":"","userAgent":""}
{"timestamp":"2025-05-15T12:01:48.940Z","userId":0,"action":"update","resourceType":"Reminder","resourceId":"6825","details":"MongoDB update on Reminder","userIp":"","userAgent":""}
{"timestamp":"2025-05-15T12:01:48.947Z","userId":0,"action":"update","resourceType":"Reminder","resourceId":"6825","details":"MongoDB update on Reminder","userIp":"","userAgent":""}
{"timestamp":"2025-05-15T12:01:48.955Z","userId":0,"action":"update","resourceType":"Reminder","resourceId":"6825","details":"MongoDB update on Reminder","userIp":"","userAgent":""}
{"timestamp":"2025-05-15T12:01:48.961Z","userId":0,"action":"update","resourceType":"Reminder","resourceId":"6825","details":"MongoDB update on Reminder","userIp":"","userAgent":""}
{"timestamp":"2025-05-15T12:01:48.967Z","userId":0,"action":"update","resourceType":"Reminder","resourceId":"6825","details":"MongoDB update on Reminder","userIp":"","userAgent":""}
{"timestamp":"2025-05-15T12:01:48.972Z","userId":0,"action":"update","resourceType":"Reminder","resourceId":"6825","details":"MongoDB update on Reminder","userIp":"","userAgent":""}
{"timestamp":"2025-05-15T12:01:48.977Z","userId":0,"action":"update","resourceType":"Reminder","resourceId":"6825","details":"MongoDB update on Reminder","userIp":"","userAgent":""}
{"timestamp":"2025-05-15T12:01:48.984Z","userId":0,"action":"update","resourceType":"Reminder","resourceId":"6825","details":"MongoDB update on Reminder","userIp":"","userAgent":""}
{"timestamp":"2025-05-15T12:01:48.989Z","userId":0,"action":"update","resourceType":"Reminder","resourceId":"6825","details":"MongoDB update on Reminder","userIp":"","userAgent":""}
{"timestamp":"2025-05-15T12:01:48.995Z","userId":0,"action":"update","resourceType":"Reminder","resourceId":"6825","details":"MongoDB update on Reminder","userIp":"","userAgent":""}
{"timestamp":"2025-05-15T12:01:49.001Z","userId":0,"action":"update","resourceType":"Reminder","resourceId":"6825","details":"MongoDB update on Reminder","userIp":"","userAgent":""}
{"timestamp":"2025-05-15T12:01:49.007Z","userId":0,"action":"update","resourceType":"Reminder","resourceId":"6825","details":"MongoDB update on Reminder","userIp":"","userAgent":""}
{"timestamp":"2025-05-15T12:01:49.015Z","userId":0,"action":"update","resourceType":"Reminder","resourceId":"6825","details":"MongoDB update on Reminder","userIp":"","userAgent":""}
{"timestamp":"2025-05-15T12:01:49.021Z","userId":0,"action":"update","resourceType":"Reminder","resourceId":"6825","details":"MongoDB update on Reminder","userIp":"","userAgent":""}
{"timestamp":"2025-05-15T12:01:49.026Z","userId":0,"action":"update","resourceType":"Reminder","resourceId":"6825","details":"MongoDB update on Reminder","userIp":"","userAgent":""}
{"timestamp":"2025-05-15T12:01:49.032Z","userId":0,"action":"update","resourceType":"Reminder","resourceId":"6825","details":"MongoDB update on Reminder","userIp":"","userAgent":""}
{"timestamp":"2025-05-15T12:01:49.039Z","userId":0,"action":"update","resourceType":"Reminder","resourceId":"6825","details":"MongoDB update on Reminder","userIp":"","userAgent":""}
{"timestamp":"2025-05-15T12:01:49.044Z","userId":0,"action":"update","resourceType":"Reminder","resourceId":"6825","details":"MongoDB update on Reminder","userIp":"","userAgent":""}
{"timestamp":"2025-05-15T12:01:49.049Z","userId":0,"action":"update","resourceType":"Reminder","resourceId":"6825","details":"MongoDB update on Reminder","userIp":"","userAgent":""}
{"timestamp":"2025-05-15T12:01:49.055Z","userId":0,"action":"update","resourceType":"Reminder","resourceId":"6825","details":"MongoDB update on Reminder","userIp":"","userAgent":""}
{"timestamp":"2025-05-15T12:01:49.062Z","userId":0,"action":"update","resourceType":"Reminder","resourceId":"6825","details":"MongoDB update on Reminder","userIp":"","userAgent":""}
{"timestamp":"2025-05-15T12:01:49.070Z","userId":0,"action":"update","resourceType":"Reminder","resourceId":"6825","details":"MongoDB update on Reminder","userIp":"","userAgent":""}
{"timestamp":"2025-05-15T12:01:49.078Z","userId":0,"action":"update","resourceType":"Reminder","resourceId":"6825","details":"MongoDB update on Reminder","userIp":"","userAgent":""}
{"timestamp":"2025-05-15T12:01:49.087Z","userId":0,"action":"update","resourceType":"Reminder","resourceId":"6825","details":"MongoDB update on Reminder","userIp":"","userAgent":""}
{"timestamp":"2025-05-15T12:01:49.097Z","userId":0,"action":"update","resourceType":"Reminder","resourceId":"6825","details":"MongoDB update on Reminder","userIp":"","userAgent":""}
{"timestamp":"2025-05-15T12:01:49.108Z","userId":0,"action":"update","resourceType":"Reminder","resourceId":"6825","details":"MongoDB update on Reminder","userIp":"","userAgent":""}
{"timestamp":"2025-05-15T12:01:49.117Z","userId":0,"action":"update","resourceType":"Reminder","resourceId":"6825","details":"MongoDB update on Reminder","userIp":"","userAgent":""}
{"timestamp":"2025-05-15T12:01:49.127Z","userId":0,"action":"update","resourceType":"Reminder","resourceId":"6825","details":"MongoDB update on Reminder","userIp":"","userAgent":""}
{"timestamp":"2025-05-15T12:01:49.135Z","userId":0,"action":"update","resourceType":"Reminder","resourceId":"6825","details":"MongoDB update on Reminder","userIp":"","userAgent":""}
{"timestamp":"2025-05-15T12:01:49.143Z","userId":0,"action":"update","resourceType":"Reminder","resourceId":"6825","details":"MongoDB update on Reminder","userIp":"","userAgent":""}
{"timestamp":"2025-05-15T12:01:49.150Z","userId":0,"action":"update","resourceType":"Reminder","resourceId":"6825","details":"MongoDB update on Reminder","userIp":"","userAgent":""}
{"timestamp":"2025-05-15T12:01:49.159Z","userId":0,"action":"update","resourceType":"Reminder","resourceId":"6825","details":"MongoDB update on Reminder","userIp":"","userAgent":""}
{"timestamp":"2025-05-15T12:01:49.166Z","userId":0,"action":"update","resourceType":"Reminder","resourceId":"6825","details":"MongoDB update on Reminder","userIp":"","userAgent":""}
{"timestamp":"2025-05-15T12:01:49.172Z","userId":0,"action":"update","resourceType":"Reminder","resourceId":"6825","details":"MongoDB update on Reminder","userIp":"","userAgent":""}
{"timestamp":"2025-05-15T12:01:49.177Z","userId":0,"action":"update","resourceType":"Reminder","resourceId":"6825","details":"MongoDB update on Reminder","userIp":"","userAgent":""}
{"timestamp":"2025-05-15T12:01:49.195Z","userId":0,"action":"update","resourceType":"Reminder","resourceId":"6825","details":"MongoDB update on Reminder","userIp":"","userAgent":""}
{"timestamp":"2025-05-15T12:01:49.205Z","userId":0,"action":"update","resourceType":"Reminder","resourceId":"6825","details":"MongoDB update on Reminder","userIp":"","userAgent":""}
{"timestamp":"2025-05-15T12:01:49.215Z","userId":0,"action":"update","resourceType":"Reminder","resourceId":"6825","details":"MongoDB update on Reminder","userIp":"","userAgent":""}
{"timestamp":"2025-05-15T12:01:49.221Z","userId":0,"action":"update","resourceType":"Reminder","resourceId":"6825","details":"MongoDB update on Reminder","userIp":"","userAgent":""}
{"timestamp":"2025-05-15T12:01:49.227Z","userId":0,"action":"update","resourceType":"Reminder","resourceId":"6825","details":"MongoDB update on Reminder","userIp":"","userAgent":""}
{"timestamp":"2025-05-15T12:01:49.235Z","userId":0,"action":"update","resourceType":"Reminder","resourceId":"6825","details":"MongoDB update on Reminder","userIp":"","userAgent":""}
{"timestamp":"2025-05-15T12:01:49.241Z","userId":0,"action":"update","resourceType":"Reminder","resourceId":"6825","details":"MongoDB update on Reminder","userIp":"","userAgent":""}
{"timestamp":"2025-05-15T12:01:49.249Z","userId":0,"action":"update","resourceType":"Reminder","resourceId":"6825","details":"MongoDB update on Reminder","userIp":"","userAgent":""}
{"timestamp":"2025-05-15T12:01:49.257Z","userId":0,"action":"update","resourceType":"Reminder","resourceId":"6825","details":"MongoDB update on Reminder","userIp":"","userAgent":""}
{"timestamp":"2025-05-15T12:01:49.265Z","userId":0,"action":"update","resourceType":"Reminder","resourceId":"6825","details":"MongoDB update on Reminder","userIp":"","userAgent":""}
{"timestamp":"2025-05-15T12:01:49.271Z","userId":0,"action":"update","resourceType":"Reminder","resourceId":"6825","details":"MongoDB update on Reminder","userIp":"","userAgent":""}
{"timestamp":"2025-05-15T12:01:49.277Z","userId":0,"action":"update","resourceType":"Reminder","resourceId":"6825","details":"MongoDB update on Reminder","userIp":"","userAgent":""}
{"timestamp":"2025-05-15T12:01:49.285Z","userId":0,"action":"update","resourceType":"Reminder","resourceId":"6825","details":"MongoDB update on Reminder","userIp":"","userAgent":""}
{"timestamp":"2025-05-15T12:01:49.292Z","userId":0,"action":"update","resourceType":"Reminder","resourceId":"6825","details":"MongoDB update on Reminder","userIp":"","userAgent":""}
{"timestamp":"2025-05-15T12:01:49.298Z","userId":0,"action":"update","resourceType":"Reminder","resourceId":"6825","details":"MongoDB update on Reminder","userIp":"","userAgent":""}
{"timestamp":"2025-05-15T12:01:49.306Z","userId":0,"action":"update","resourceType":"Reminder","resourceId":"6825","details":"MongoDB update on Reminder","userIp":"","userAgent":""}
{"timestamp":"2025-05-15T12:01:49.312Z","userId":0,"action":"update","resourceType":"Reminder","resourceId":"6825","details":"MongoDB update on Reminder","userIp":"","userAgent":""}
{"timestamp":"2025-05-15T12:01:49.318Z","userId":0,"action":"update","resourceType":"Reminder","resourceId":"6825","details":"MongoDB update on Reminder","userIp":"","userAgent":""}
{"timestamp":"2025-05-15T12:01:49.324Z","userId":0,"action":"update","resourceType":"Reminder","resourceId":"6825","details":"MongoDB update on Reminder","userIp":"","userAgent":""}
{"timestamp":"2025-05-15T12:01:49.330Z","userId":0,"action":"update","resourceType":"Reminder","resourceId":"6825","details":"MongoDB update on Reminder","userIp":"","userAgent":""}
{"timestamp":"2025-05-15T12:01:49.336Z","userId":0,"action":"update","resourceType":"Reminder","resourceId":"6825","details":"MongoDB update on Reminder","userIp":"","userAgent":""}
{"timestamp":"2025-05-15T12:01:49.342Z","userId":0,"action":"update","resourceType":"Reminder","resourceId":"6825","details":"MongoDB update on Reminder","userIp":"","userAgent":""}
{"timestamp":"2025-05-15T12:01:49.348Z","userId":0,"action":"update","resourceType":"Reminder","resourceId":"6825","details":"MongoDB update on Reminder","userIp":"","userAgent":""}
{"timestamp":"2025-05-15T12:01:49.354Z","userId":0,"action":"update","resourceType":"Reminder","resourceId":"6825","details":"MongoDB update on Reminder","userIp":"","userAgent":""}
{"timestamp":"2025-05-15T12:01:49.361Z","userId":0,"action":"update","resourceType":"Reminder","resourceId":"6825","details":"MongoDB update on Reminder","userIp":"","userAgent":""}
{"timestamp":"2025-05-15T12:01:49.367Z","userId":0,"action":"update","resourceType":"Reminder","resourceId":"6825","details":"MongoDB update on Reminder","userIp":"","userAgent":""}
{"timestamp":"2025-05-15T12:01:49.372Z","userId":0,"action":"update","resourceType":"Reminder","resourceId":"6825","details":"MongoDB update on Reminder","userIp":"","userAgent":""}
{"timestamp":"2025-05-15T12:01:49.379Z","userId":0,"action":"update","resourceType":"Reminder","resourceId":"6825","details":"MongoDB update on Reminder","userIp":"","userAgent":""}
{"timestamp":"2025-05-15T12:01:49.387Z","userId":0,"action":"update","resourceType":"Reminder","resourceId":"6825","details":"MongoDB update on Reminder","userIp":"","userAgent":""}
{"timestamp":"2025-05-15T12:01:49.394Z","userId":0,"action":"update","resourceType":"Reminder","resourceId":"6825","details":"MongoDB update on Reminder","userIp":"","userAgent":""}
{"timestamp":"2025-05-15T12:01:49.401Z","userId":0,"action":"update","resourceType":"Reminder","resourceId":"6825","details":"MongoDB update on Reminder","userIp":"","userAgent":""}
{"timestamp":"2025-05-15T12:01:49.407Z","userId":0,"action":"update","resourceType":"Reminder","resourceId":"6825","details":"MongoDB update on Reminder","userIp":"","userAgent":""}
{"timestamp":"2025-05-15T12:01:49.415Z","userId":0,"action":"update","resourceType":"Reminder","resourceId":"6825","details":"MongoDB update on Reminder","userIp":"","userAgent":""}
{"timestamp":"2025-05-15T12:01:49.422Z","userId":0,"action":"update","resourceType":"Reminder","resourceId":"6825","details":"MongoDB update on Reminder","userIp":"","userAgent":""}
{"timestamp":"2025-05-15T12:01:49.429Z","userId":0,"action":"update","resourceType":"Reminder","resourceId":"6825","details":"MongoDB update on Reminder","userIp":"","userAgent":""}
{"timestamp":"2025-05-15T12:01:49.437Z","userId":0,"action":"update","resourceType":"Reminder","resourceId":"6825","details":"MongoDB update on Reminder","userIp":"","userAgent":""}
{"timestamp":"2025-05-15T12:01:49.443Z","userId":0,"action":"update","resourceType":"Reminder","resourceId":"6825","details":"MongoDB update on Reminder","userIp":"","userAgent":""}
{"timestamp":"2025-05-15T12:01:49.454Z","userId":0,"action":"update","resourceType":"Reminder","resourceId":"6825","details":"MongoDB update on Reminder","userIp":"","userAgent":""}
{"timestamp":"2025-05-15T12:01:49.461Z","userId":0,"action":"update","resourceType":"Reminder","resourceId":"6825","details":"MongoDB update on Reminder","userIp":"","userAgent":""}
{"timestamp":"2025-05-15T12:01:49.469Z","userId":0,"action":"update","resourceType":"Reminder","resourceId":"6825","details":"MongoDB update on Reminder","userIp":"","userAgent":""}
{"timestamp":"2025-05-15T12:01:49.475Z","userId":0,"action":"update","resourceType":"Reminder","resourceId":"6825","details":"MongoDB update on Reminder","userIp":"","userAgent":""}
{"timestamp":"2025-05-15T12:01:49.481Z","userId":0,"action":"update","resourceType":"Reminder","resourceId":"6825","details":"MongoDB update on Reminder","userIp":"","userAgent":""}
{"timestamp":"2025-05-15T12:01:49.488Z","userId":0,"action":"update","resourceType":"Reminder","resourceId":"6825","details":"MongoDB update on Reminder","userIp":"","userAgent":""}
{"timestamp":"2025-05-15T12:01:49.494Z","userId":0,"action":"update","resourceType":"Reminder","resourceId":"6825","details":"MongoDB update on Reminder","userIp":"","userAgent":""}
{"timestamp":"2025-05-15T12:01:49.501Z","userId":0,"action":"update","resourceType":"Reminder","resourceId":"6825","details":"MongoDB update on Reminder","userIp":"","userAgent":""}
{"timestamp":"2025-05-15T12:01:49.508Z","userId":0,"action":"update","resourceType":"Reminder","resourceId":"6825","details":"MongoDB update on Reminder","userIp":"","userAgent":""}
{"timestamp":"2025-05-15T12:01:49.514Z","userId":0,"action":"update","resourceType":"Reminder","resourceId":"6825","details":"MongoDB update on Reminder","userIp":"","userAgent":""}
{"timestamp":"2025-05-15T12:01:49.520Z","userId":0,"action":"update","resourceType":"Reminder","resourceId":"6825","details":"MongoDB update on Reminder","userIp":"","userAgent":""}
{"timestamp":"2025-05-15T12:01:49.528Z","userId":0,"action":"update","resourceType":"Reminder","resourceId":"6825","details":"MongoDB update on Reminder","userIp":"","userAgent":""}
{"timestamp":"2025-05-15T12:01:49.533Z","userId":0,"action":"update","resourceType":"Reminder","resourceId":"6825","details":"MongoDB update on Reminder","userIp":"","userAgent":""}
{"timestamp":"2025-05-15T12:01:49.539Z","userId":0,"action":"update","resourceType":"Reminder","resourceId":"6825","details":"MongoDB update on Reminder","userIp":"","userAgent":""}
{"timestamp":"2025-05-15T12:01:49.545Z","userId":0,"action":"update","resourceType":"Reminder","resourceId":"6825","details":"MongoDB update on Reminder","userIp":"","userAgent":""}
{"timestamp":"2025-05-15T12:01:49.551Z","userId":0,"action":"update","resourceType":"Reminder","resourceId":"6825","details":"MongoDB update on Reminder","userIp":"","userAgent":""}
{"timestamp":"2025-05-15T12:01:49.558Z","userId":0,"action":"update","resourceType":"Reminder","resourceId":"6825","details":"MongoDB update on Reminder","userIp":"","userAgent":""}
{"timestamp":"2025-05-15T12:01:49.564Z","userId":0,"action":"update","resourceType":"Reminder","resourceId":"6825","details":"MongoDB update on Reminder","userIp":"","userAgent":""}
{"timestamp":"2025-05-15T12:01:49.571Z","userId":0,"action":"update","resourceType":"Reminder","resourceId":"6825","details":"MongoDB update on Reminder","userIp":"","userAgent":""}
{"timestamp":"2025-05-15T12:01:49.578Z","userId":0,"action":"update","resourceType":"Reminder","resourceId":"6825","details":"MongoDB update on Reminder","userIp":"","userAgent":""}
{"timestamp":"2025-05-15T12:01:49.586Z","userId":0,"action":"update","resourceType":"Reminder","resourceId":"6825","details":"MongoDB update on Reminder","userIp":"","userAgent":""}
{"timestamp":"2025-05-15T12:01:49.592Z","userId":0,"action":"update","resourceType":"Reminder","resourceId":"6825","details":"MongoDB update on Reminder","userIp":"","userAgent":""}
{"timestamp":"2025-05-15T12:01:49.600Z","userId":0,"action":"update","resourceType":"Reminder","resourceId":"6825","details":"MongoDB update on Reminder","userIp":"","userAgent":""}
{"timestamp":"2025-05-15T12:01:49.605Z","userId":0,"action":"update","resourceType":"Reminder","resourceId":"6825","details":"MongoDB update on Reminder","userIp":"","userAgent":""}
{"timestamp":"2025-05-15T12:01:49.610Z","userId":0,"action":"update","resourceType":"Reminder","resourceId":"6825","details":"MongoDB update on Reminder","userIp":"","userAgent":""}
{"timestamp":"2025-05-15T12:01:49.617Z","userId":0,"action":"update","resourceType":"Reminder","resourceId":"6825","details":"MongoDB update on Reminder","userIp":"","userAgent":""}
{"timestamp":"2025-05-15T12:01:49.623Z","userId":0,"action":"update","resourceType":"Reminder","resourceId":"6825","details":"MongoDB update on Reminder","userIp":"","userAgent":""}
{"timestamp":"2025-05-15T12:01:49.629Z","userId":0,"action":"update","resourceType":"Reminder","resourceId":"6825","details":"MongoDB update on Reminder","userIp":"","userAgent":""}
{"timestamp":"2025-05-15T12:01:49.635Z","userId":0,"action":"update","resourceType":"Reminder","resourceId":"6825","details":"MongoDB update on Reminder","userIp":"","userAgent":""}
{"timestamp":"2025-05-15T12:01:49.641Z","userId":0,"action":"update","resourceType":"Reminder","resourceId":"6825","details":"MongoDB update on Reminder","userIp":"","userAgent":""}
{"timestamp":"2025-05-15T12:01:49.648Z","userId":0,"action":"update","resourceType":"Reminder","resourceId":"6825","details":"MongoDB update on Reminder","userIp":"","userAgent":""}
{"timestamp":"2025-05-15T12:01:49.654Z","userId":0,"action":"update","resourceType":"Reminder","resourceId":"6825","details":"MongoDB update on Reminder","userIp":"","userAgent":""}
{"timestamp":"2025-05-15T12:01:49.660Z","userId":0,"action":"update","resourceType":"Reminder","resourceId":"6825","details":"MongoDB update on Reminder","userIp":"","userAgent":""}
{"timestamp":"2025-05-15T12:01:49.666Z","userId":0,"action":"update","resourceType":"Reminder","resourceId":"6825","details":"MongoDB update on Reminder","userIp":"","userAgent":""}
{"timestamp":"2025-05-15T12:01:49.672Z","userId":0,"action":"update","resourceType":"Reminder","resourceId":"6825","details":"MongoDB update on Reminder","userIp":"","userAgent":""}
{"timestamp":"2025-05-15T12:01:49.679Z","userId":0,"action":"update","resourceType":"Reminder","resourceId":"6825","details":"MongoDB update on Reminder","userIp":"","userAgent":""}
{"timestamp":"2025-05-15T12:01:49.685Z","userId":0,"action":"update","resourceType":"Reminder","resourceId":"6825","details":"MongoDB update on Reminder","userIp":"","userAgent":""}
{"timestamp":"2025-05-15T12:01:49.691Z","userId":0,"action":"update","resourceType":"Reminder","resourceId":"6825","details":"MongoDB update on Reminder","userIp":"","userAgent":""}
{"timestamp":"2025-05-15T12:01:49.697Z","userId":0,"action":"update","resourceType":"Reminder","resourceId":"6825","details":"MongoDB update on Reminder","userIp":"","userAgent":""}
{"timestamp":"2025-05-15T12:01:49.703Z","userId":0,"action":"update","resourceType":"Reminder","resourceId":"6825","details":"MongoDB update on Reminder","userIp":"","userAgent":""}
{"timestamp":"2025-05-15T12:01:49.708Z","userId":0,"action":"update","resourceType":"Reminder","resourceId":"6825","details":"MongoDB update on Reminder","userIp":"","userAgent":""}
{"timestamp":"2025-05-15T12:01:49.713Z","userId":0,"action":"update","resourceType":"Reminder","resourceId":"6825","details":"MongoDB update on Reminder","userIp":"","userAgent":""}
{"timestamp":"2025-05-15T12:01:49.719Z","userId":0,"action":"update","resourceType":"Reminder","resourceId":"6825","details":"MongoDB update on Reminder","userIp":"","userAgent":""}
{"timestamp":"2025-05-15T12:01:49.725Z","userId":0,"action":"update","resourceType":"Reminder","resourceId":"6825","details":"MongoDB update on Reminder","userIp":"","userAgent":""}
{"timestamp":"2025-05-15T12:01:49.730Z","userId":0,"action":"update","resourceType":"Reminder","resourceId":"6825","details":"MongoDB update on Reminder","userIp":"","userAgent":""}
{"timestamp":"2025-05-15T12:01:49.737Z","userId":0,"action":"update","resourceType":"Reminder","resourceId":"6825","details":"MongoDB update on Reminder","userIp":"","userAgent":""}
{"timestamp":"2025-05-15T12:01:49.743Z","userId":0,"action":"update","resourceType":"Reminder","resourceId":"6825","details":"MongoDB update on Reminder","userIp":"","userAgent":""}
{"timestamp":"2025-05-15T12:01:49.748Z","userId":0,"action":"update","resourceType":"Reminder","resourceId":"6825","details":"MongoDB update on Reminder","userIp":"","userAgent":""}
{"timestamp":"2025-05-15T12:01:49.754Z","userId":0,"action":"update","resourceType":"Reminder","resourceId":"6825","details":"MongoDB update on Reminder","userIp":"","userAgent":""}
{"timestamp":"2025-05-15T12:01:49.759Z","userId":0,"action":"update","resourceType":"Reminder","resourceId":"6825","details":"MongoDB update on Reminder","userIp":"","userAgent":""}
{"timestamp":"2025-05-15T12:01:49.765Z","userId":0,"action":"update","resourceType":"Reminder","resourceId":"6825","details":"MongoDB update on Reminder","userIp":"","userAgent":""}
{"timestamp":"2025-05-15T12:01:49.771Z","userId":0,"action":"update","resourceType":"Reminder","resourceId":"6825","details":"MongoDB update on Reminder","userIp":"","userAgent":""}
{"timestamp":"2025-05-15T12:01:49.775Z","userId":0,"action":"update","resourceType":"Reminder","resourceId":"6825","details":"MongoDB update on Reminder","userIp":"","userAgent":""}
{"timestamp":"2025-05-15T12:01:49.780Z","userId":0,"action":"update","resourceType":"Reminder","resourceId":"6825","details":"MongoDB update on Reminder","userIp":"","userAgent":""}
{"timestamp":"2025-05-15T12:01:49.785Z","userId":0,"action":"update","resourceType":"Reminder","resourceId":"6825","details":"MongoDB update on Reminder","userIp":"","userAgent":""}
{"timestamp":"2025-05-15T12:01:49.791Z","userId":0,"action":"update","resourceType":"Reminder","resourceId":"6825","details":"MongoDB update on Reminder","userIp":"","userAgent":""}
{"timestamp":"2025-05-15T12:01:49.798Z","userId":0,"action":"update","resourceType":"Reminder","resourceId":"6825","details":"MongoDB update on Reminder","userIp":"","userAgent":""}
{"timestamp":"2025-05-15T12:01:49.803Z","userId":0,"action":"update","resourceType":"Reminder","resourceId":"6825","details":"MongoDB update on Reminder","userIp":"","userAgent":""}
{"timestamp":"2025-05-15T12:01:49.810Z","userId":0,"action":"update","resourceType":"Reminder","resourceId":"6825","details":"MongoDB update on Reminder","userIp":"","userAgent":""}
{"timestamp":"2025-05-15T12:01:49.818Z","userId":0,"action":"update","resourceType":"Reminder","resourceId":"6825","details":"MongoDB update on Reminder","userIp":"","userAgent":""}
{"timestamp":"2025-05-15T12:01:49.824Z","userId":0,"action":"update","resourceType":"Reminder","resourceId":"6825","details":"MongoDB update on Reminder","userIp":"","userAgent":""}
{"timestamp":"2025-05-15T12:01:49.830Z","userId":0,"action":"update","resourceType":"Reminder","resourceId":"6825","details":"MongoDB update on Reminder","userIp":"","userAgent":""}
{"timestamp":"2025-05-15T12:01:49.837Z","userId":0,"action":"update","resourceType":"Reminder","resourceId":"6825","details":"MongoDB update on Reminder","userIp":"","userAgent":""}
{"timestamp":"2025-05-15T12:01:49.843Z","userId":0,"action":"update","resourceType":"Reminder","resourceId":"6825","details":"MongoDB update on Reminder","userIp":"","userAgent":""}
{"timestamp":"2025-05-15T12:01:49.850Z","userId":0,"action":"update","resourceType":"Reminder","resourceId":"6825","details":"MongoDB update on Reminder","userIp":"","userAgent":""}
{"timestamp":"2025-05-15T12:01:49.856Z","userId":0,"action":"update","resourceType":"Reminder","resourceId":"6825","details":"MongoDB update on Reminder","userIp":"","userAgent":""}
{"timestamp":"2025-05-15T12:01:49.864Z","userId":0,"action":"update","resourceType":"Reminder","resourceId":"6825","details":"MongoDB update on Reminder","userIp":"","userAgent":""}
{"timestamp":"2025-05-15T12:01:49.873Z","userId":0,"action":"update","resourceType":"Reminder","resourceId":"6825","details":"MongoDB update on Reminder","userIp":"","userAgent":""}
{"timestamp":"2025-05-15T12:01:49.881Z","userId":0,"action":"update","resourceType":"Reminder","resourceId":"6825","details":"MongoDB update on Reminder","userIp":"","userAgent":""}
{"timestamp":"2025-05-15T12:01:49.891Z","userId":0,"action":"update","resourceType":"Reminder","resourceId":"6825","details":"MongoDB update on Reminder","userIp":"","userAgent":""}
{"timestamp":"2025-05-15T12:01:49.898Z","userId":0,"action":"update","resourceType":"Reminder","resourceId":"6825","details":"MongoDB update on Reminder","userIp":"","userAgent":""}
{"timestamp":"2025-05-15T12:01:49.906Z","userId":0,"action":"update","resourceType":"Reminder","resourceId":"6825","details":"MongoDB update on Reminder","userIp":"","userAgent":""}
{"timestamp":"2025-05-15T12:01:49.913Z","userId":0,"action":"update","resourceType":"Reminder","resourceId":"6825","details":"MongoDB update on Reminder","userIp":"","userAgent":""}
{"timestamp":"2025-05-15T12:01:49.920Z","userId":0,"action":"update","resourceType":"Reminder","resourceId":"6825","details":"MongoDB update on Reminder","userIp":"","userAgent":""}
{"timestamp":"2025-05-15T12:01:49.926Z","userId":0,"action":"update","resourceType":"Reminder","resourceId":"6825","details":"MongoDB update on Reminder","userIp":"","userAgent":""}
{"timestamp":"2025-05-15T12:01:49.932Z","userId":0,"action":"update","resourceType":"Reminder","resourceId":"6825","details":"MongoDB update on Reminder","userIp":"","userAgent":""}
{"timestamp":"2025-05-15T12:01:49.939Z","userId":0,"action":"update","resourceType":"Reminder","resourceId":"6825","details":"MongoDB update on Reminder","userIp":"","userAgent":""}
{"timestamp":"2025-05-15T12:01:49.945Z","userId":0,"action":"update","resourceType":"Reminder","resourceId":"6825","details":"MongoDB update on Reminder","userIp":"","userAgent":""}
{"timestamp":"2025-05-15T12:01:49.953Z","userId":0,"action":"update","resourceType":"Reminder","resourceId":"6825","details":"MongoDB update on Reminder","userIp":"","userAgent":""}
{"timestamp":"2025-05-15T12:01:49.959Z","userId":0,"action":"update","resourceType":"Reminder","resourceId":"6825","details":"MongoDB update on Reminder","userIp":"","userAgent":""}
{"timestamp":"2025-05-15T12:01:49.966Z","userId":0,"action":"update","resourceType":"Reminder","resourceId":"6825","details":"MongoDB update on Reminder","userIp":"","userAgent":""}
{"timestamp":"2025-05-15T12:01:49.972Z","userId":0,"action":"update","resourceType":"Reminder","resourceId":"6825","details":"MongoDB update on Reminder","userIp":"","userAgent":""}
{"timestamp":"2025-05-15T12:01:49.978Z","userId":0,"action":"update","resourceType":"Reminder","resourceId":"6825","details":"MongoDB update on Reminder","userIp":"","userAgent":""}
{"timestamp":"2025-05-15T12:01:49.985Z","userId":0,"action":"update","resourceType":"Reminder","resourceId":"6825","details":"MongoDB update on Reminder","userIp":"","userAgent":""}
{"timestamp":"2025-05-15T12:01:49.991Z","userId":0,"action":"update","resourceType":"Reminder","resourceId":"6825","details":"MongoDB update on Reminder","userIp":"","userAgent":""}
{"timestamp":"2025-05-15T12:01:49.997Z","userId":0,"action":"update","resourceType":"Reminder","resourceId":"6825","details":"MongoDB update on Reminder","userIp":"","userAgent":""}
{"timestamp":"2025-05-15T12:01:50.003Z","userId":0,"action":"update","resourceType":"Reminder","resourceId":"6825","details":"MongoDB update on Reminder","userIp":"","userAgent":""}
{"timestamp":"2025-05-15T12:01:50.012Z","userId":0,"action":"update","resourceType":"Reminder","resourceId":"6825","details":"MongoDB update on Reminder","userIp":"","userAgent":""}
{"timestamp":"2025-05-15T12:01:50.018Z","userId":0,"action":"update","resourceType":"Reminder","resourceId":"6825","details":"MongoDB update on Reminder","userIp":"","userAgent":""}
{"timestamp":"2025-05-15T12:01:50.025Z","userId":0,"action":"update","resourceType":"Reminder","resourceId":"6825","details":"MongoDB update on Reminder","userIp":"","userAgent":""}
{"timestamp":"2025-05-15T12:01:50.031Z","userId":0,"action":"update","resourceType":"Reminder","resourceId":"6825","details":"MongoDB update on Reminder","userIp":"","userAgent":""}
{"timestamp":"2025-05-15T12:01:50.038Z","userId":0,"action":"update","resourceType":"Reminder","resourceId":"6825","details":"MongoDB update on Reminder","userIp":"","userAgent":""}
{"timestamp":"2025-05-15T12:01:50.045Z","userId":0,"action":"update","resourceType":"Reminder","resourceId":"6825","details":"MongoDB update on Reminder","userIp":"","userAgent":""}
{"timestamp":"2025-05-15T12:01:50.051Z","userId":0,"action":"update","resourceType":"Reminder","resourceId":"6825","details":"MongoDB update on Reminder","userIp":"","userAgent":""}
{"timestamp":"2025-05-15T12:01:50.057Z","userId":0,"action":"update","resourceType":"Reminder","resourceId":"6825","details":"MongoDB update on Reminder","userIp":"","userAgent":""}
{"timestamp":"2025-05-15T12:01:50.064Z","userId":0,"action":"update","resourceType":"Reminder","resourceId":"6825","details":"MongoDB update on Reminder","userIp":"","userAgent":""}
{"timestamp":"2025-05-15T12:01:50.071Z","userId":0,"action":"update","resourceType":"Reminder","resourceId":"6825","details":"MongoDB update on Reminder","userIp":"","userAgent":""}
{"timestamp":"2025-05-15T12:01:50.077Z","userId":0,"action":"update","resourceType":"Reminder","resourceId":"6825","details":"MongoDB update on Reminder","userIp":"","userAgent":""}
{"timestamp":"2025-05-15T12:01:50.084Z","userId":0,"action":"update","resourceType":"Reminder","resourceId":"6825","details":"MongoDB update on Reminder","userIp":"","userAgent":""}
{"timestamp":"2025-05-15T12:01:50.091Z","userId":0,"action":"update","resourceType":"Reminder","resourceId":"6825","details":"MongoDB update on Reminder","userIp":"","userAgent":""}
{"timestamp":"2025-05-15T12:01:50.097Z","userId":0,"action":"update","resourceType":"Reminder","resourceId":"6825","details":"MongoDB update on Reminder","userIp":"","userAgent":""}
{"timestamp":"2025-05-15T12:01:50.104Z","userId":0,"action":"update","resourceType":"Reminder","resourceId":"6825","details":"MongoDB update on Reminder","userIp":"","userAgent":""}
{"timestamp":"2025-05-15T12:01:50.110Z","userId":0,"action":"update","resourceType":"Reminder","resourceId":"6825","details":"MongoDB update on Reminder","userIp":"","userAgent":""}
{"timestamp":"2025-05-15T12:01:50.117Z","userId":0,"action":"update","resourceType":"Reminder","resourceId":"6825","details":"MongoDB update on Reminder","userIp":"","userAgent":""}
{"timestamp":"2025-05-15T12:01:50.122Z","userId":0,"action":"update","resourceType":"Reminder","resourceId":"6825","details":"MongoDB update on Reminder","userIp":"","userAgent":""}
{"timestamp":"2025-05-15T12:01:50.130Z","userId":0,"action":"update","resourceType":"Reminder","resourceId":"6825","details":"MongoDB update on Reminder","userIp":"","userAgent":""}
{"timestamp":"2025-05-15T12:01:50.135Z","userId":0,"action":"update","resourceType":"Reminder","resourceId":"6825","details":"MongoDB update on Reminder","userIp":"","userAgent":""}
{"timestamp":"2025-05-15T12:01:50.140Z","userId":0,"action":"update","resourceType":"Reminder","resourceId":"6825","details":"MongoDB update on Reminder","userIp":"","userAgent":""}
{"timestamp":"2025-05-15T12:01:50.147Z","userId":0,"action":"update","resourceType":"Reminder","resourceId":"6825","details":"MongoDB update on Reminder","userIp":"","userAgent":""}
{"timestamp":"2025-05-15T12:01:50.153Z","userId":0,"action":"update","resourceType":"Reminder","resourceId":"6825","details":"MongoDB update on Reminder","userIp":"","userAgent":""}
{"timestamp":"2025-05-15T12:01:50.159Z","userId":0,"action":"update","resourceType":"Reminder","resourceId":"6825","details":"MongoDB update on Reminder","userIp":"","userAgent":""}
{"timestamp":"2025-05-15T12:01:50.167Z","userId":0,"action":"update","resourceType":"Reminder","resourceId":"6825","details":"MongoDB update on Reminder","userIp":"","userAgent":""}
{"timestamp":"2025-05-15T12:01:50.174Z","userId":0,"action":"update","resourceType":"Reminder","resourceId":"6825","details":"MongoDB update on Reminder","userIp":"","userAgent":""}
{"timestamp":"2025-05-15T12:01:50.181Z","userId":0,"action":"update","resourceType":"Reminder","resourceId":"6825","details":"MongoDB update on Reminder","userIp":"","userAgent":""}
{"timestamp":"2025-05-15T12:01:50.189Z","userId":0,"action":"update","resourceType":"Reminder","resourceId":"6825","details":"MongoDB update on Reminder","userIp":"","userAgent":""}
{"timestamp":"2025-05-15T12:01:50.196Z","userId":0,"action":"update","resourceType":"Reminder","resourceId":"6825","details":"MongoDB update on Reminder","userIp":"","userAgent":""}
{"timestamp":"2025-05-15T12:01:50.203Z","userId":0,"action":"update","resourceType":"Reminder","resourceId":"6825","details":"MongoDB update on Reminder","userIp":"","userAgent":""}
{"timestamp":"2025-05-15T12:01:50.210Z","userId":0,"action":"update","resourceType":"Reminder","resourceId":"6825","details":"MongoDB update on Reminder","userIp":"","userAgent":""}
{"timestamp":"2025-05-15T12:01:50.216Z","userId":0,"action":"update","resourceType":"Reminder","resourceId":"6825","details":"MongoDB update on Reminder","userIp":"","userAgent":""}
{"timestamp":"2025-05-15T12:01:50.223Z","userId":0,"action":"update","resourceType":"Reminder","resourceId":"6825","details":"MongoDB update on Reminder","userIp":"","userAgent":""}
{"timestamp":"2025-05-15T12:01:50.228Z","userId":0,"action":"update","resourceType":"Reminder","resourceId":"6825","details":"MongoDB update on Reminder","userIp":"","userAgent":""}
{"timestamp":"2025-05-15T12:01:50.234Z","userId":0,"action":"update","resourceType":"Reminder","resourceId":"6825","details":"MongoDB update on Reminder","userIp":"","userAgent":""}
{"timestamp":"2025-05-15T12:01:50.240Z","userId":0,"action":"update","resourceType":"Reminder","resourceId":"6825","details":"MongoDB update on Reminder","userIp":"","userAgent":""}
{"timestamp":"2025-05-15T12:01:50.247Z","userId":0,"action":"update","resourceType":"Reminder","resourceId":"6825","details":"MongoDB update on Reminder","userIp":"","userAgent":""}
{"timestamp":"2025-05-15T12:01:50.253Z","userId":0,"action":"update","resourceType":"Reminder","resourceId":"6825","details":"MongoDB update on Reminder","userIp":"","userAgent":""}
{"timestamp":"2025-05-15T12:01:50.259Z","userId":0,"action":"update","resourceType":"Reminder","resourceId":"6825","details":"MongoDB update on Reminder","userIp":"","userAgent":""}
{"timestamp":"2025-05-15T12:01:50.265Z","userId":0,"action":"update","resourceType":"Reminder","resourceId":"6825","details":"MongoDB update on Reminder","userIp":"","userAgent":""}
{"timestamp":"2025-05-15T12:01:50.271Z","userId":0,"action":"update","resourceType":"Reminder","resourceId":"6825","details":"MongoDB update on Reminder","userIp":"","userAgent":""}
{"timestamp":"2025-05-15T12:01:50.278Z","userId":0,"action":"update","resourceType":"Reminder","resourceId":"6825","details":"MongoDB update on Reminder","userIp":"","userAgent":""}
{"timestamp":"2025-05-15T12:01:50.284Z","userId":0,"action":"update","resourceType":"Reminder","resourceId":"6825","details":"MongoDB update on Reminder","userIp":"","userAgent":""}
{"timestamp":"2025-05-15T12:01:50.291Z","userId":0,"action":"update","resourceType":"Reminder","resourceId":"6825","details":"MongoDB update on Reminder","userIp":"","userAgent":""}
{"timestamp":"2025-05-15T12:01:50.297Z","userId":0,"action":"update","resourceType":"Reminder","resourceId":"6825","details":"MongoDB update on Reminder","userIp":"","userAgent":""}
{"timestamp":"2025-05-15T12:01:50.303Z","userId":0,"action":"update","resourceType":"Reminder","resourceId":"6825","details":"MongoDB update on Reminder","userIp":"","userAgent":""}
{"timestamp":"2025-05-15T12:01:50.309Z","userId":0,"action":"update","resourceType":"Reminder","resourceId":"6825","details":"MongoDB update on Reminder","userIp":"","userAgent":""}
{"timestamp":"2025-05-15T12:01:50.315Z","userId":0,"action":"update","resourceType":"Reminder","resourceId":"6825","details":"MongoDB update on Reminder","userIp":"","userAgent":""}
{"timestamp":"2025-05-15T12:01:50.321Z","userId":0,"action":"update","resourceType":"Reminder","resourceId":"6825","details":"MongoDB update on Reminder","userIp":"","userAgent":""}
{"timestamp":"2025-05-15T12:01:50.327Z","userId":0,"action":"update","resourceType":"Reminder","resourceId":"6825","details":"MongoDB update on Reminder","userIp":"","userAgent":""}
{"timestamp":"2025-05-15T12:01:50.334Z","userId":0,"action":"update","resourceType":"Reminder","resourceId":"6825","details":"MongoDB update on Reminder","userIp":"","userAgent":""}
{"timestamp":"2025-05-15T12:01:50.340Z","userId":0,"action":"update","resourceType":"Reminder","resourceId":"6825","details":"MongoDB update on Reminder","userIp":"","userAgent":""}
{"timestamp":"2025-05-15T12:01:50.347Z","userId":0,"action":"update","resourceType":"Reminder","resourceId":"6825","details":"MongoDB update on Reminder","userIp":"","userAgent":""}
{"timestamp":"2025-05-15T12:01:50.353Z","userId":0,"action":"update","resourceType":"Reminder","resourceId":"6825","details":"MongoDB update on Reminder","userIp":"","userAgent":""}
{"timestamp":"2025-05-15T12:01:50.359Z","userId":0,"action":"update","resourceType":"Reminder","resourceId":"6825","details":"MongoDB update on Reminder","userIp":"","userAgent":""}
{"timestamp":"2025-05-15T12:01:50.366Z","userId":0,"action":"update","resourceType":"Reminder","resourceId":"6825","details":"MongoDB update on Reminder","userIp":"","userAgent":""}
{"timestamp":"2025-05-15T12:01:50.372Z","userId":0,"action":"update","resourceType":"Reminder","resourceId":"6825","details":"MongoDB update on Reminder","userIp":"","userAgent":""}
{"timestamp":"2025-05-15T12:01:50.379Z","userId":0,"action":"update","resourceType":"Reminder","resourceId":"6825","details":"MongoDB update on Reminder","userIp":"","userAgent":""}
{"timestamp":"2025-05-15T12:01:50.387Z","userId":0,"action":"update","resourceType":"Reminder","resourceId":"6825","details":"MongoDB update on Reminder","userIp":"","userAgent":""}
{"timestamp":"2025-05-15T12:01:50.394Z","userId":0,"action":"update","resourceType":"Reminder","resourceId":"6825","details":"MongoDB update on Reminder","userIp":"","userAgent":""}
{"timestamp":"2025-05-15T12:01:50.399Z","userId":0,"action":"update","resourceType":"Reminder","resourceId":"6825","details":"MongoDB update on Reminder","userIp":"","userAgent":""}
{"timestamp":"2025-05-15T12:01:50.406Z","userId":0,"action":"update","resourceType":"Reminder","resourceId":"6825","details":"MongoDB update on Reminder","userIp":"","userAgent":""}
{"timestamp":"2025-05-15T12:01:50.412Z","userId":0,"action":"update","resourceType":"Reminder","resourceId":"6825","details":"MongoDB update on Reminder","userIp":"","userAgent":""}
{"timestamp":"2025-05-15T12:01:50.418Z","userId":0,"action":"update","resourceType":"Reminder","resourceId":"6825","details":"MongoDB update on Reminder","userIp":"","userAgent":""}
{"timestamp":"2025-05-15T12:01:50.425Z","userId":0,"action":"update","resourceType":"Reminder","resourceId":"6825","details":"MongoDB update on Reminder","userIp":"","userAgent":""}
{"timestamp":"2025-05-15T12:01:50.430Z","userId":0,"action":"update","resourceType":"Reminder","resourceId":"6825","details":"MongoDB update on Reminder","userIp":"","userAgent":""}
{"timestamp":"2025-05-15T12:01:50.436Z","userId":0,"action":"update","resourceType":"Reminder","resourceId":"6825","details":"MongoDB update on Reminder","userIp":"","userAgent":""}
{"timestamp":"2025-05-15T12:01:50.442Z","userId":0,"action":"update","resourceType":"Reminder","resourceId":"6825","details":"MongoDB update on Reminder","userIp":"","userAgent":""}
{"timestamp":"2025-05-15T12:01:50.449Z","userId":0,"action":"update","resourceType":"Reminder","resourceId":"6825","details":"MongoDB update on Reminder","userIp":"","userAgent":""}
{"timestamp":"2025-05-15T12:01:50.455Z","userId":0,"action":"update","resourceType":"Reminder","resourceId":"6825","details":"MongoDB update on Reminder","userIp":"","userAgent":""}
{"timestamp":"2025-05-15T12:01:50.461Z","userId":0,"action":"update","resourceType":"Reminder","resourceId":"6825","details":"MongoDB update on Reminder","userIp":"","userAgent":""}
{"timestamp":"2025-05-15T12:01:50.468Z","userId":0,"action":"update","resourceType":"Reminder","resourceId":"6825","details":"MongoDB update on Reminder","userIp":"","userAgent":""}
{"timestamp":"2025-05-15T12:01:50.476Z","userId":0,"action":"update","resourceType":"Reminder","resourceId":"6825","details":"MongoDB update on Reminder","userIp":"","userAgent":""}
{"timestamp":"2025-05-15T12:01:50.482Z","userId":0,"action":"update","resourceType":"Reminder","resourceId":"6825","details":"MongoDB update on Reminder","userIp":"","userAgent":""}
{"timestamp":"2025-05-15T12:01:50.488Z","userId":0,"action":"update","resourceType":"Reminder","resourceId":"6825","details":"MongoDB update on Reminder","userIp":"","userAgent":""}
{"timestamp":"2025-05-15T12:01:50.494Z","userId":0,"action":"update","resourceType":"Reminder","resourceId":"6825","details":"MongoDB update on Reminder","userIp":"","userAgent":""}
{"timestamp":"2025-05-15T12:01:50.501Z","userId":0,"action":"update","resourceType":"Reminder","resourceId":"6825","details":"MongoDB update on Reminder","userIp":"","userAgent":""}
{"timestamp":"2025-05-15T12:01:50.507Z","userId":0,"action":"update","resourceType":"Reminder","resourceId":"6825","details":"MongoDB update on Reminder","userIp":"","userAgent":""}
{"timestamp":"2025-05-15T12:01:50.513Z","userId":0,"action":"update","resourceType":"Reminder","resourceId":"6825","details":"MongoDB update on Reminder","userIp":"","userAgent":""}
{"timestamp":"2025-05-15T12:01:50.519Z","userId":0,"action":"update","resourceType":"Reminder","resourceId":"6825","details":"MongoDB update on Reminder","userIp":"","userAgent":""}
{"timestamp":"2025-05-15T12:01:50.525Z","userId":0,"action":"update","resourceType":"Reminder","resourceId":"6825","details":"MongoDB update on Reminder","userIp":"","userAgent":""}
{"timestamp":"2025-05-15T12:01:50.531Z","userId":0,"action":"update","resourceType":"Reminder","resourceId":"6825","details":"MongoDB update on Reminder","userIp":"","userAgent":""}
{"timestamp":"2025-05-15T12:01:50.537Z","userId":0,"action":"update","resourceType":"Reminder","resourceId":"6825","details":"MongoDB update on Reminder","userIp":"","userAgent":""}
{"timestamp":"2025-05-15T12:01:50.544Z","userId":0,"action":"update","resourceType":"Reminder","resourceId":"6825","details":"MongoDB update on Reminder","userIp":"","userAgent":""}
{"timestamp":"2025-05-15T12:01:50.549Z","userId":0,"action":"update","resourceType":"Reminder","resourceId":"6825","details":"MongoDB update on Reminder","userIp":"","userAgent":""}
{"timestamp":"2025-05-15T12:01:50.555Z","userId":0,"action":"update","resourceType":"Reminder","resourceId":"6825","details":"MongoDB update on Reminder","userIp":"","userAgent":""}
{"timestamp":"2025-05-15T12:01:50.559Z","userId":0,"action":"update","resourceType":"Reminder","resourceId":"6825","details":"MongoDB update on Reminder","userIp":"","userAgent":""}
{"timestamp":"2025-05-15T12:01:50.564Z","userId":0,"action":"update","resourceType":"Reminder","resourceId":"6825","details":"MongoDB update on Reminder","userIp":"","userAgent":""}
{"timestamp":"2025-05-15T12:01:50.570Z","userId":0,"action":"update","resourceType":"Reminder","resourceId":"6825","details":"MongoDB update on Reminder","userIp":"","userAgent":""}
{"timestamp":"2025-05-15T12:01:50.575Z","userId":0,"action":"update","resourceType":"Reminder","resourceId":"6825","details":"MongoDB update on Reminder","userIp":"","userAgent":""}
{"timestamp":"2025-05-15T12:01:50.580Z","userId":0,"action":"update","resourceType":"Reminder","resourceId":"6825","details":"MongoDB update on Reminder","userIp":"","userAgent":""}
{"timestamp":"2025-05-15T12:01:50.584Z","userId":0,"action":"update","resourceType":"Reminder","resourceId":"6825","details":"MongoDB update on Reminder","userIp":"","userAgent":""}
{"timestamp":"2025-05-15T12:01:50.589Z","userId":0,"action":"update","resourceType":"Reminder","resourceId":"6825","details":"MongoDB update on Reminder","userIp":"","userAgent":""}
{"timestamp":"2025-05-15T12:01:50.594Z","userId":0,"action":"update","resourceType":"Reminder","resourceId":"6825","details":"MongoDB update on Reminder","userIp":"","userAgent":""}
{"timestamp":"2025-05-15T12:01:50.599Z","userId":0,"action":"update","resourceType":"Reminder","resourceId":"6825","details":"MongoDB update on Reminder","userIp":"","userAgent":""}
{"timestamp":"2025-05-15T12:01:50.605Z","userId":0,"action":"update","resourceType":"Reminder","resourceId":"6825","details":"MongoDB update on Reminder","userIp":"","userAgent":""}
{"timestamp":"2025-05-15T12:01:50.611Z","userId":0,"action":"update","resourceType":"Reminder","resourceId":"6825","details":"MongoDB update on Reminder","userIp":"","userAgent":""}
{"timestamp":"2025-05-15T12:01:50.617Z","userId":0,"action":"update","resourceType":"Reminder","resourceId":"6825","details":"MongoDB update on Reminder","userIp":"","userAgent":""}
{"timestamp":"2025-05-15T12:01:50.623Z","userId":0,"action":"update","resourceType":"Reminder","resourceId":"6825","details":"MongoDB update on Reminder","userIp":"","userAgent":""}
{"timestamp":"2025-05-15T12:01:50.628Z","userId":0,"action":"update","resourceType":"Reminder","resourceId":"6825","details":"MongoDB update on Reminder","userIp":"","userAgent":""}
{"timestamp":"2025-05-15T12:01:50.634Z","userId":0,"action":"update","resourceType":"Reminder","resourceId":"6825","details":"MongoDB update on Reminder","userIp":"","userAgent":""}
{"timestamp":"2025-05-15T12:01:50.640Z","userId":0,"action":"update","resourceType":"Reminder","resourceId":"6825","details":"MongoDB update on Reminder","userIp":"","userAgent":""}
{"timestamp":"2025-05-15T12:01:50.644Z","userId":0,"action":"update","resourceType":"Reminder","resourceId":"6825","details":"MongoDB update on Reminder","userIp":"","userAgent":""}
{"timestamp":"2025-05-15T12:01:50.652Z","userId":0,"action":"update","resourceType":"Reminder","resourceId":"6825","details":"MongoDB update on Reminder","userIp":"","userAgent":""}
{"timestamp":"2025-05-15T12:01:50.657Z","userId":0,"action":"update","resourceType":"Reminder","resourceId":"6825","details":"MongoDB update on Reminder","userIp":"","userAgent":""}
{"timestamp":"2025-05-15T12:01:50.663Z","userId":0,"action":"update","resourceType":"Reminder","resourceId":"6825","details":"MongoDB update on Reminder","userIp":"","userAgent":""}
{"timestamp":"2025-05-15T12:01:50.668Z","userId":0,"action":"update","resourceType":"Reminder","resourceId":"6825","details":"MongoDB update on Reminder","userIp":"","userAgent":""}
{"timestamp":"2025-05-15T12:01:50.674Z","userId":0,"action":"update","resourceType":"Reminder","resourceId":"6825","details":"MongoDB update on Reminder","userIp":"","userAgent":""}
{"timestamp":"2025-05-15T12:01:50.678Z","userId":0,"action":"update","resourceType":"Reminder","resourceId":"6825","details":"MongoDB update on Reminder","userIp":"","userAgent":""}
{"timestamp":"2025-05-15T12:01:50.682Z","userId":0,"action":"update","resourceType":"Reminder","resourceId":"6825","details":"MongoDB update on Reminder","userIp":"","userAgent":""}
{"timestamp":"2025-05-15T12:01:50.688Z","userId":0,"action":"update","resourceType":"Reminder","resourceId":"6825","details":"MongoDB update on Reminder","userIp":"","userAgent":""}
{"timestamp":"2025-05-15T12:01:50.693Z","userId":0,"action":"update","resourceType":"Reminder","resourceId":"6825","details":"MongoDB update on Reminder","userIp":"","userAgent":""}
{"timestamp":"2025-05-15T12:01:50.697Z","userId":0,"action":"update","resourceType":"Reminder","resourceId":"6825","details":"MongoDB update on Reminder","userIp":"","userAgent":""}
{"timestamp":"2025-05-15T12:01:50.702Z","userId":0,"action":"update","resourceType":"Reminder","resourceId":"6825","details":"MongoDB update on Reminder","userIp":"","userAgent":""}
{"timestamp":"2025-05-15T12:01:50.707Z","userId":0,"action":"update","resourceType":"Reminder","resourceId":"6825","details":"MongoDB update on Reminder","userIp":"","userAgent":""}
{"timestamp":"2025-05-15T12:01:50.711Z","userId":0,"action":"update","resourceType":"Reminder","resourceId":"6825","details":"MongoDB update on Reminder","userIp":"","userAgent":""}
{"timestamp":"2025-05-15T12:01:50.716Z","userId":0,"action":"update","resourceType":"Reminder","resourceId":"6825","details":"MongoDB update on Reminder","userIp":"","userAgent":""}
{"timestamp":"2025-05-15T12:01:50.721Z","userId":0,"action":"update","resourceType":"Reminder","resourceId":"6825","details":"MongoDB update on Reminder","userIp":"","userAgent":""}
{"timestamp":"2025-05-15T12:01:50.725Z","userId":0,"action":"update","resourceType":"Reminder","resourceId":"6825","details":"MongoDB update on Reminder","userIp":"","userAgent":""}
{"timestamp":"2025-05-15T12:01:50.728Z","userId":0,"action":"update","resourceType":"Reminder","resourceId":"6825","details":"MongoDB update on Reminder","userIp":"","userAgent":""}
{"timestamp":"2025-05-15T12:01:50.732Z","userId":0,"action":"update","resourceType":"Reminder","resourceId":"6825","details":"MongoDB update on Reminder","userIp":"","userAgent":""}
{"timestamp":"2025-05-15T12:01:50.737Z","userId":0,"action":"update","resourceType":"Reminder","resourceId":"6825","details":"MongoDB update on Reminder","userIp":"","userAgent":""}
{"timestamp":"2025-05-15T12:01:50.741Z","userId":0,"action":"update","resourceType":"Reminder","resourceId":"6825","details":"MongoDB update on Reminder","userIp":"","userAgent":""}
{"timestamp":"2025-05-15T12:01:50.746Z","userId":0,"action":"update","resourceType":"Reminder","resourceId":"6825","details":"MongoDB update on Reminder","userIp":"","userAgent":""}
{"timestamp":"2025-05-15T12:01:50.750Z","userId":0,"action":"update","resourceType":"Reminder","resourceId":"6825","details":"MongoDB update on Reminder","userIp":"","userAgent":""}
{"timestamp":"2025-05-15T12:01:50.755Z","userId":0,"action":"update","resourceType":"Reminder","resourceId":"6825","details":"MongoDB update on Reminder","userIp":"","userAgent":""}
{"timestamp":"2025-05-15T12:01:50.759Z","userId":0,"action":"update","resourceType":"Reminder","resourceId":"6825","details":"MongoDB update on Reminder","userIp":"","userAgent":""}
{"timestamp":"2025-05-15T12:01:50.763Z","userId":0,"action":"update","resourceType":"Reminder","resourceId":"6825","details":"MongoDB update on Reminder","userIp":"","userAgent":""}
{"timestamp":"2025-05-15T12:01:50.767Z","userId":0,"action":"update","resourceType":"Reminder","resourceId":"6825","details":"MongoDB update on Reminder","userIp":"","userAgent":""}
{"timestamp":"2025-05-15T12:01:50.771Z","userId":0,"action":"update","resourceType":"Reminder","resourceId":"6825","details":"MongoDB update on Reminder","userIp":"","userAgent":""}
{"timestamp":"2025-05-15T12:01:50.775Z","userId":0,"action":"update","resourceType":"Reminder","resourceId":"6825","details":"MongoDB update on Reminder","userIp":"","userAgent":""}
{"timestamp":"2025-05-15T12:01:50.779Z","userId":0,"action":"update","resourceType":"Reminder","resourceId":"6825","details":"MongoDB update on Reminder","userIp":"","userAgent":""}
{"timestamp":"2025-05-15T12:01:50.784Z","userId":0,"action":"update","resourceType":"Reminder","resourceId":"6825","details":"MongoDB update on Reminder","userIp":"","userAgent":""}
{"timestamp":"2025-05-15T12:01:50.788Z","userId":0,"action":"update","resourceType":"Reminder","resourceId":"6825","details":"MongoDB update on Reminder","userIp":"","userAgent":""}
{"timestamp":"2025-05-15T12:01:50.792Z","userId":0,"action":"update","resourceType":"Reminder","resourceId":"6825","details":"MongoDB update on Reminder","userIp":"","userAgent":""}
{"timestamp":"2025-05-15T12:01:50.796Z","userId":0,"action":"update","resourceType":"Reminder","resourceId":"6825","details":"MongoDB update on Reminder","userIp":"","userAgent":""}
{"timestamp":"2025-05-15T12:01:50.800Z","userId":0,"action":"update","resourceType":"Reminder","resourceId":"6825","details":"MongoDB update on Reminder","userIp":"","userAgent":""}
{"timestamp":"2025-05-15T12:01:50.804Z","userId":0,"action":"update","resourceType":"Reminder","resourceId":"6825","details":"MongoDB update on Reminder","userIp":"","userAgent":""}
{"timestamp":"2025-05-15T12:01:50.808Z","userId":0,"action":"update","resourceType":"Reminder","resourceId":"6825","details":"MongoDB update on Reminder","userIp":"","userAgent":""}
{"timestamp":"2025-05-15T12:01:50.813Z","userId":0,"action":"update","resourceType":"Reminder","resourceId":"6825","details":"MongoDB update on Reminder","userIp":"","userAgent":""}
{"timestamp":"2025-05-15T12:01:50.818Z","userId":0,"action":"update","resourceType":"Reminder","resourceId":"6825","details":"MongoDB update on Reminder","userIp":"","userAgent":""}
{"timestamp":"2025-05-15T12:01:50.823Z","userId":0,"action":"update","resourceType":"Reminder","resourceId":"6825","details":"MongoDB update on Reminder","userIp":"","userAgent":""}
{"timestamp":"2025-05-15T12:01:50.827Z","userId":0,"action":"update","resourceType":"Reminder","resourceId":"6825","details":"MongoDB update on Reminder","userIp":"","userAgent":""}
{"timestamp":"2025-05-15T12:01:50.832Z","userId":0,"action":"update","resourceType":"Reminder","resourceId":"6825","details":"MongoDB update on Reminder","userIp":"","userAgent":""}
{"timestamp":"2025-05-15T12:01:50.836Z","userId":0,"action":"update","resourceType":"Reminder","resourceId":"6825","details":"MongoDB update on Reminder","userIp":"","userAgent":""}
{"timestamp":"2025-05-15T12:01:50.841Z","userId":0,"action":"update","resourceType":"Reminder","resourceId":"6825","details":"MongoDB update on Reminder","userIp":"","userAgent":""}
{"timestamp":"2025-05-15T12:01:50.846Z","userId":0,"action":"update","resourceType":"Reminder","resourceId":"6825","details":"MongoDB update on Reminder","userIp":"","userAgent":""}
{"timestamp":"2025-05-15T12:01:50.852Z","userId":0,"action":"update","resourceType":"Reminder","resourceId":"6825","details":"MongoDB update on Reminder","userIp":"","userAgent":""}
{"timestamp":"2025-05-15T12:01:50.857Z","userId":0,"action":"update","resourceType":"Reminder","resourceId":"6825","details":"MongoDB update on Reminder","userIp":"","userAgent":""}
{"timestamp":"2025-05-15T12:01:50.861Z","userId":0,"action":"update","resourceType":"Reminder","resourceId":"6825","details":"MongoDB update on Reminder","userIp":"","userAgent":""}
{"timestamp":"2025-05-15T12:01:50.866Z","userId":0,"action":"update","resourceType":"Reminder","resourceId":"6825","details":"MongoDB update on Reminder","userIp":"","userAgent":""}
{"timestamp":"2025-05-15T12:01:50.870Z","userId":0,"action":"update","resourceType":"Reminder","resourceId":"6825","details":"MongoDB update on Reminder","userIp":"","userAgent":""}
{"timestamp":"2025-05-15T12:01:50.875Z","userId":0,"action":"update","resourceType":"Reminder","resourceId":"6825","details":"MongoDB update on Reminder","userIp":"","userAgent":""}
{"timestamp":"2025-05-15T12:01:50.879Z","userId":0,"action":"update","resourceType":"Reminder","resourceId":"6825","details":"MongoDB update on Reminder","userIp":"","userAgent":""}
{"timestamp":"2025-05-15T12:01:50.884Z","userId":0,"action":"update","resourceType":"Reminder","resourceId":"6825","details":"MongoDB update on Reminder","userIp":"","userAgent":""}
{"timestamp":"2025-05-15T12:01:50.888Z","userId":0,"action":"update","resourceType":"Reminder","resourceId":"6825","details":"MongoDB update on Reminder","userIp":"","userAgent":""}
{"timestamp":"2025-05-15T12:01:50.893Z","userId":0,"action":"update","resourceType":"Reminder","resourceId":"6825","details":"MongoDB update on Reminder","userIp":"","userAgent":""}
{"timestamp":"2025-05-15T12:01:50.897Z","userId":0,"action":"update","resourceType":"Reminder","resourceId":"6825","details":"MongoDB update on Reminder","userIp":"","userAgent":""}
{"timestamp":"2025-05-15T12:01:50.903Z","userId":0,"action":"update","resourceType":"Reminder","resourceId":"6825","details":"MongoDB update on Reminder","userIp":"","userAgent":""}
{"timestamp":"2025-05-15T12:01:50.908Z","userId":0,"action":"update","resourceType":"Reminder","resourceId":"6825","details":"MongoDB update on Reminder","userIp":"","userAgent":""}
{"timestamp":"2025-05-15T12:01:50.913Z","userId":0,"action":"update","resourceType":"Reminder","resourceId":"6825","details":"MongoDB update on Reminder","userIp":"","userAgent":""}
{"timestamp":"2025-05-15T12:01:50.919Z","userId":0,"action":"update","resourceType":"Reminder","resourceId":"6825","details":"MongoDB update on Reminder","userIp":"","userAgent":""}
{"timestamp":"2025-05-15T12:01:50.924Z","userId":0,"action":"update","resourceType":"Reminder","resourceId":"6825","details":"MongoDB update on Reminder","userIp":"","userAgent":""}
{"timestamp":"2025-05-15T12:01:50.930Z","userId":0,"action":"update","resourceType":"Reminder","resourceId":"6825","details":"MongoDB update on Reminder","userIp":"","userAgent":""}
{"timestamp":"2025-05-15T12:01:50.935Z","userId":0,"action":"update","resourceType":"Reminder","resourceId":"6825","details":"MongoDB update on Reminder","userIp":"","userAgent":""}
{"timestamp":"2025-05-15T12:01:50.940Z","userId":0,"action":"update","resourceType":"Reminder","resourceId":"6825","details":"MongoDB update on Reminder","userIp":"","userAgent":""}
{"timestamp":"2025-05-15T12:01:50.944Z","userId":0,"action":"update","resourceType":"Reminder","resourceId":"6825","details":"MongoDB update on Reminder","userIp":"","userAgent":""}
{"timestamp":"2025-05-15T12:01:50.948Z","userId":0,"action":"update","resourceType":"Reminder","resourceId":"6825","details":"MongoDB update on Reminder","userIp":"","userAgent":""}
{"timestamp":"2025-05-15T12:01:50.953Z","userId":0,"action":"update","resourceType":"Reminder","resourceId":"6825","details":"MongoDB update on Reminder","userIp":"","userAgent":""}
{"timestamp":"2025-05-15T12:01:50.958Z","userId":0,"action":"update","resourceType":"Reminder","resourceId":"6825","details":"MongoDB update on Reminder","userIp":"","userAgent":""}
{"timestamp":"2025-05-15T12:01:50.962Z","userId":0,"action":"update","resourceType":"Reminder","resourceId":"6825","details":"MongoDB update on Reminder","userIp":"","userAgent":""}
{"timestamp":"2025-05-15T12:01:50.968Z","userId":0,"action":"update","resourceType":"Reminder","resourceId":"6825","details":"MongoDB update on Reminder","userIp":"","userAgent":""}
{"timestamp":"2025-05-15T12:01:50.973Z","userId":0,"action":"update","resourceType":"Reminder","resourceId":"6825","details":"MongoDB update on Reminder","userIp":"","userAgent":""}
{"timestamp":"2025-05-15T12:01:50.977Z","userId":0,"action":"update","resourceType":"Reminder","resourceId":"6825","details":"MongoDB update on Reminder","userIp":"","userAgent":""}
{"timestamp":"2025-05-15T12:01:50.982Z","userId":0,"action":"update","resourceType":"Reminder","resourceId":"6825","details":"MongoDB update on Reminder","userIp":"","userAgent":""}
{"timestamp":"2025-05-15T12:01:50.987Z","userId":0,"action":"update","resourceType":"Reminder","resourceId":"6825","details":"MongoDB update on Reminder","userIp":"","userAgent":""}
{"timestamp":"2025-05-15T12:01:50.991Z","userId":0,"action":"update","resourceType":"Reminder","resourceId":"6825","details":"MongoDB update on Reminder","userIp":"","userAgent":""}
{"timestamp":"2025-05-15T12:01:50.996Z","userId":0,"action":"update","resourceType":"Reminder","resourceId":"6825","details":"MongoDB update on Reminder","userIp":"","userAgent":""}
{"timestamp":"2025-05-15T12:01:51.000Z","userId":0,"action":"update","resourceType":"Reminder","resourceId":"6825","details":"MongoDB update on Reminder","userIp":"","userAgent":""}
{"timestamp":"2025-05-15T12:01:51.005Z","userId":0,"action":"update","resourceType":"Reminder","resourceId":"6825","details":"MongoDB update on Reminder","userIp":"","userAgent":""}
{"timestamp":"2025-05-15T12:01:51.009Z","userId":0,"action":"update","resourceType":"Reminder","resourceId":"6825","details":"MongoDB update on Reminder","userIp":"","userAgent":""}
{"timestamp":"2025-05-15T12:01:51.013Z","userId":0,"action":"update","resourceType":"Reminder","resourceId":"6825","details":"MongoDB update on Reminder","userIp":"","userAgent":""}
{"timestamp":"2025-05-15T12:01:51.018Z","userId":0,"action":"update","resourceType":"Reminder","resourceId":"6825","details":"MongoDB update on Reminder","userIp":"","userAgent":""}
{"timestamp":"2025-05-15T12:01:51.023Z","userId":0,"action":"update","resourceType":"Reminder","resourceId":"6825","details":"MongoDB update on Reminder","userIp":"","userAgent":""}
{"timestamp":"2025-05-15T12:01:51.028Z","userId":0,"action":"update","resourceType":"Reminder","resourceId":"6825","details":"MongoDB update on Reminder","userIp":"","userAgent":""}
{"timestamp":"2025-05-15T12:01:51.034Z","userId":0,"action":"update","resourceType":"Reminder","resourceId":"6825","details":"MongoDB update on Reminder","userIp":"","userAgent":""}
{"timestamp":"2025-05-15T12:01:51.039Z","userId":0,"action":"update","resourceType":"Reminder","resourceId":"6825","details":"MongoDB update on Reminder","userIp":"","userAgent":""}
{"timestamp":"2025-05-15T12:01:51.043Z","userId":0,"action":"update","resourceType":"Reminder","resourceId":"6825","details":"MongoDB update on Reminder","userIp":"","userAgent":""}
{"timestamp":"2025-05-15T12:01:51.048Z","userId":0,"action":"update","resourceType":"Reminder","resourceId":"6825","details":"MongoDB update on Reminder","userIp":"","userAgent":""}
{"timestamp":"2025-05-15T12:01:51.054Z","userId":0,"action":"update","resourceType":"Reminder","resourceId":"6825","details":"MongoDB update on Reminder","userIp":"","userAgent":""}
{"timestamp":"2025-05-15T12:01:51.057Z","userId":0,"action":"update","resourceType":"Reminder","resourceId":"6825","details":"MongoDB update on Reminder","userIp":"","userAgent":""}
{"timestamp":"2025-05-15T12:01:51.062Z","userId":0,"action":"update","resourceType":"Reminder","resourceId":"6825","details":"MongoDB update on Reminder","userIp":"","userAgent":""}
{"timestamp":"2025-05-15T12:01:51.068Z","userId":0,"action":"update","resourceType":"Reminder","resourceId":"6825","details":"MongoDB update on Reminder","userIp":"","userAgent":""}
{"timestamp":"2025-05-15T12:01:51.072Z","userId":0,"action":"update","resourceType":"Reminder","resourceId":"6825","details":"MongoDB update on Reminder","userIp":"","userAgent":""}
{"timestamp":"2025-05-15T12:01:51.077Z","userId":0,"action":"update","resourceType":"Reminder","resourceId":"6825","details":"MongoDB update on Reminder","userIp":"","userAgent":""}
{"timestamp":"2025-05-15T12:01:51.083Z","userId":0,"action":"update","resourceType":"Reminder","resourceId":"6825","details":"MongoDB update on Reminder","userIp":"","userAgent":""}
{"timestamp":"2025-05-15T12:01:51.088Z","userId":0,"action":"update","resourceType":"Reminder","resourceId":"6825","details":"MongoDB update on Reminder","userIp":"","userAgent":""}
{"timestamp":"2025-05-15T12:01:51.093Z","userId":0,"action":"update","resourceType":"Reminder","resourceId":"6825","details":"MongoDB update on Reminder","userIp":"","userAgent":""}
{"timestamp":"2025-05-15T12:01:51.098Z","userId":0,"action":"update","resourceType":"Reminder","resourceId":"6825","details":"MongoDB update on Reminder","userIp":"","userAgent":""}
{"timestamp":"2025-05-15T12:01:51.102Z","userId":0,"action":"update","resourceType":"Reminder","resourceId":"6825","details":"MongoDB update on Reminder","userIp":"","userAgent":""}
{"timestamp":"2025-05-15T12:01:51.107Z","userId":0,"action":"update","resourceType":"Reminder","resourceId":"6825","details":"MongoDB update on Reminder","userIp":"","userAgent":""}
{"timestamp":"2025-05-15T12:01:51.112Z","userId":0,"action":"update","resourceType":"Reminder","resourceId":"6825","details":"MongoDB update on Reminder","userIp":"","userAgent":""}
{"timestamp":"2025-05-15T12:01:51.116Z","userId":0,"action":"update","resourceType":"Reminder","resourceId":"6825","details":"MongoDB update on Reminder","userIp":"","userAgent":""}
{"timestamp":"2025-05-15T12:01:51.121Z","userId":0,"action":"update","resourceType":"Reminder","resourceId":"6825","details":"MongoDB update on Reminder","userIp":"","userAgent":""}
{"timestamp":"2025-05-15T12:01:51.126Z","userId":0,"action":"update","resourceType":"Reminder","resourceId":"6825","details":"MongoDB update on Reminder","userIp":"","userAgent":""}
{"timestamp":"2025-05-15T12:01:51.132Z","userId":0,"action":"update","resourceType":"Reminder","resourceId":"6825","details":"MongoDB update on Reminder","userIp":"","userAgent":""}
{"timestamp":"2025-05-15T12:01:51.136Z","userId":0,"action":"update","resourceType":"Reminder","resourceId":"6825","details":"MongoDB update on Reminder","userIp":"","userAgent":""}
{"timestamp":"2025-05-15T12:01:51.141Z","userId":0,"action":"update","resourceType":"Reminder","resourceId":"6825","details":"MongoDB update on Reminder","userIp":"","userAgent":""}
{"timestamp":"2025-05-15T12:01:51.148Z","userId":0,"action":"update","resourceType":"Reminder","resourceId":"6825","details":"MongoDB update on Reminder","userIp":"","userAgent":""}
{"timestamp":"2025-05-15T12:01:51.153Z","userId":0,"action":"update","resourceType":"Reminder","resourceId":"6825","details":"MongoDB update on Reminder","userIp":"","userAgent":""}
{"timestamp":"2025-05-15T12:01:51.160Z","userId":0,"action":"update","resourceType":"Reminder","resourceId":"6825","details":"MongoDB update on Reminder","userIp":"","userAgent":""}
{"timestamp":"2025-05-15T12:01:51.166Z","userId":0,"action":"update","resourceType":"Reminder","resourceId":"6825","details":"MongoDB update on Reminder","userIp":"","userAgent":""}
{"timestamp":"2025-05-15T12:01:51.173Z","userId":0,"action":"update","resourceType":"Reminder","resourceId":"6825","details":"MongoDB update on Reminder","userIp":"","userAgent":""}
{"timestamp":"2025-05-15T12:01:51.179Z","userId":0,"action":"update","resourceType":"Reminder","resourceId":"6825","details":"MongoDB update on Reminder","userIp":"","userAgent":""}
{"timestamp":"2025-05-15T12:01:51.185Z","userId":0,"action":"update","resourceType":"Reminder","resourceId":"6825","details":"MongoDB update on Reminder","userIp":"","userAgent":""}
{"timestamp":"2025-05-15T12:01:51.191Z","userId":0,"action":"update","resourceType":"Reminder","resourceId":"6825","details":"MongoDB update on Reminder","userIp":"","userAgent":""}
{"timestamp":"2025-05-15T12:01:51.197Z","userId":0,"action":"update","resourceType":"Reminder","resourceId":"6825","details":"MongoDB update on Reminder","userIp":"","userAgent":""}
{"timestamp":"2025-05-15T12:01:51.204Z","userId":0,"action":"update","resourceType":"Reminder","resourceId":"6825","details":"MongoDB update on Reminder","userIp":"","userAgent":""}
{"timestamp":"2025-05-15T12:01:51.210Z","userId":0,"action":"update","resourceType":"Reminder","resourceId":"6825","details":"MongoDB update on Reminder","userIp":"","userAgent":""}
{"timestamp":"2025-05-15T12:01:51.218Z","userId":0,"action":"update","resourceType":"Reminder","resourceId":"6825","details":"MongoDB update on Reminder","userIp":"","userAgent":""}
{"timestamp":"2025-05-15T12:01:51.225Z","userId":0,"action":"update","resourceType":"Reminder","resourceId":"6825","details":"MongoDB update on Reminder","userIp":"","userAgent":""}
{"timestamp":"2025-05-15T12:01:51.231Z","userId":0,"action":"update","resourceType":"Reminder","resourceId":"6825","details":"MongoDB update on Reminder","userIp":"","userAgent":""}
{"timestamp":"2025-05-15T12:01:51.245Z","userId":0,"action":"update","resourceType":"Reminder","resourceId":"6825","details":"MongoDB update on Reminder","userIp":"","userAgent":""}
{"timestamp":"2025-05-15T12:01:51.255Z","userId":0,"action":"update","resourceType":"Reminder","resourceId":"6825","details":"MongoDB update on Reminder","userIp":"","userAgent":""}
{"timestamp":"2025-05-15T12:01:51.263Z","userId":0,"action":"update","resourceType":"Reminder","resourceId":"6825","details":"MongoDB update on Reminder","userIp":"","userAgent":""}
{"timestamp":"2025-05-15T12:01:51.271Z","userId":0,"action":"update","resourceType":"Reminder","resourceId":"6825","details":"MongoDB update on Reminder","userIp":"","userAgent":""}
{"timestamp":"2025-05-15T12:01:51.278Z","userId":0,"action":"update","resourceType":"Reminder","resourceId":"6825","details":"MongoDB update on Reminder","userIp":"","userAgent":""}
{"timestamp":"2025-05-15T12:01:51.284Z","userId":0,"action":"update","resourceType":"Reminder","resourceId":"6825","details":"MongoDB update on Reminder","userIp":"","userAgent":""}
{"timestamp":"2025-05-15T12:01:51.290Z","userId":0,"action":"update","resourceType":"Reminder","resourceId":"6825","details":"MongoDB update on Reminder","userIp":"","userAgent":""}
{"timestamp":"2025-05-15T12:01:51.295Z","userId":0,"action":"update","resourceType":"Reminder","resourceId":"6825","details":"MongoDB update on Reminder","userIp":"","userAgent":""}
{"timestamp":"2025-05-15T12:01:51.300Z","userId":0,"action":"update","resourceType":"Reminder","resourceId":"6825","details":"MongoDB update on Reminder","userIp":"","userAgent":""}
{"timestamp":"2025-05-15T12:01:51.304Z","userId":0,"action":"update","resourceType":"Reminder","resourceId":"6825","details":"MongoDB update on Reminder","userIp":"","userAgent":""}
{"timestamp":"2025-05-15T12:01:51.310Z","userId":0,"action":"update","resourceType":"Reminder","resourceId":"6825","details":"MongoDB update on Reminder","userIp":"","userAgent":""}
{"timestamp":"2025-05-15T12:01:51.316Z","userId":0,"action":"update","resourceType":"Reminder","resourceId":"6825","details":"MongoDB update on Reminder","userIp":"","userAgent":""}
{"timestamp":"2025-05-15T12:01:51.322Z","userId":0,"action":"update","resourceType":"Reminder","resourceId":"6825","details":"MongoDB update on Reminder","userIp":"","userAgent":""}
{"timestamp":"2025-05-15T12:01:51.328Z","userId":0,"action":"update","resourceType":"Reminder","resourceId":"6825","details":"MongoDB update on Reminder","userIp":"","userAgent":""}
{"timestamp":"2025-05-15T12:01:51.334Z","userId":0,"action":"update","resourceType":"Reminder","resourceId":"6825","details":"MongoDB update on Reminder","userIp":"","userAgent":""}
{"timestamp":"2025-05-15T12:01:51.340Z","userId":0,"action":"update","resourceType":"Reminder","resourceId":"6825","details":"MongoDB update on Reminder","userIp":"","userAgent":""}
{"timestamp":"2025-05-15T12:01:51.347Z","userId":0,"action":"update","resourceType":"Reminder","resourceId":"6825","details":"MongoDB update on Reminder","userIp":"","userAgent":""}
{"timestamp":"2025-05-15T12:01:51.354Z","userId":0,"action":"update","resourceType":"Reminder","resourceId":"6825","details":"MongoDB update on Reminder","userIp":"","userAgent":""}
{"timestamp":"2025-05-15T12:01:51.360Z","userId":0,"action":"update","resourceType":"Reminder","resourceId":"6825","details":"MongoDB update on Reminder","userIp":"","userAgent":""}
{"timestamp":"2025-05-15T12:03:06.111Z","userId":0,"action":"view","resourceType":"User","resourceId":"aaa","details":"MongoDB view on User","userIp":"","userAgent":""}
{"timestamp":"2025-05-15T12:03:06.468Z","userId":"68232d2ef48a989182244092","action":"view","resourceType":"User","resourceId":"68232d2ef48a989182244092","details":"MongoDB view on User","userIp":"","userAgent":""}
{"timestamp":"2025-05-15T12:03:06.477Z","userId":"68232d2ef48a989182244092","action":"view","resourceType":"User","resourceId":"68232d2ef48a989182244092","details":"MongoDB view on User","userIp":"","userAgent":""}
{"timestamp":"2025-05-15T12:03:06.501Z","userId":"68232d2ef48a989182244092","action":"view","resourceType":"HealthData","resourceId":"latest","details":"MongoDB view on HealthData","userIp":"","userAgent":""}
{"timestamp":"2025-05-15T12:03:06.520Z","userId":"68232d2ef48a989182244092","action":"view","resourceType":"User","resourceId":"68232d2ef48a989182244092","details":"MongoDB view on User","userIp":"","userAgent":""}
{"timestamp":"2025-05-15T12:03:06.531Z","userId":"68232d2ef48a989182244092","action":"view","resourceType":"User","resourceId":"68232d2ef48a989182244092","details":"MongoDB view on User","userIp":"","userAgent":""}
{"timestamp":"2025-05-15T12:03:06.543Z","userId":"68232d2ef48a989182244092","action":"view","resourceType":"User","resourceId":"68232d2ef48a989182244092","details":"MongoDB view on User","userIp":"","userAgent":""}
{"timestamp":"2025-05-15T12:03:06.553Z","userId":"68232d2ef48a989182244092","action":"view","resourceType":"User","resourceId":"68232d2ef48a989182244092","details":"MongoDB view on User","userIp":"","userAgent":""}
{"timestamp":"2025-05-15T12:03:06.573Z","userId":"68232d2ef48a989182244092","action":"view","resourceType":"AIInsight","resourceId":"multiple","details":"MongoDB view on AIInsight","userIp":"","userAgent":""}
{"timestamp":"2025-05-15T12:03:06.615Z","userId":0,"action":"view","resourceType":"Doctor","resourceId":"multiple","details":"MongoDB view on Doctor","userIp":"","userAgent":""}
{"timestamp":"2025-05-15T12:03:06.924Z","userId":"68232d2ef48a989182244092","action":"view","resourceType":"Reminder","resourceId":"multiple","details":"MongoDB view on Reminder","userIp":"","userAgent":""}
{"timestamp":"2025-05-15T12:03:06.963Z","userId":"68232d2ef48a989182244092","action":"view","resourceType":"User","resourceId":"68232d2ef48a989182244092","details":"MongoDB view on User","userIp":"","userAgent":""}
{"timestamp":"2025-05-15T12:03:06.987Z","userId":"68232d2ef48a989182244092","action":"view","resourceType":"User","resourceId":"68232d2ef48a989182244092","details":"MongoDB view on User","userIp":"","userAgent":""}
{"timestamp":"2025-05-15T12:03:06.997Z","userId":"68232d2ef48a989182244092","action":"view","resourceType":"User","resourceId":"68232d2ef48a989182244092","details":"MongoDB view on User","userIp":"","userAgent":""}
{"timestamp":"2025-05-15T12:03:07.005Z","userId":"68232d2ef48a989182244092","action":"view","resourceType":"User","resourceId":"68232d2ef48a989182244092","details":"MongoDB view on User","userIp":"","userAgent":""}
{"timestamp":"2025-05-15T12:03:07.029Z","userId":0,"action":"view","resourceType":"Doctor","resourceId":"multiple","details":"MongoDB view on Doctor","userIp":"","userAgent":""}
{"timestamp":"2025-05-15T12:03:07.039Z","userId":"68232d2ef48a989182244092","action":"view","resourceType":"AIInsight","resourceId":"multiple","details":"MongoDB view on AIInsight","userIp":"","userAgent":""}
{"timestamp":"2025-05-15T12:03:07.050Z","userId":"68232d2ef48a989182244092","action":"view","resourceType":"User","resourceId":"68232d2ef48a989182244092","details":"MongoDB view on User","userIp":"","userAgent":""}
{"timestamp":"2025-05-15T12:03:07.077Z","userId":"68232d2ef48a989182244092","action":"view","resourceType":"HealthData","resourceId":"latest","details":"MongoDB view on HealthData","userIp":"","userAgent":""}
{"timestamp":"2025-05-15T12:03:19.873Z","userId":"68232d2ef48a989182244092","action":"view","resourceType":"User","resourceId":"68232d2ef48a989182244092","details":"MongoDB view on User","userIp":"","userAgent":""}
{"timestamp":"2025-05-15T12:06:08.559Z","userId":"68232d2ef48a989182244092","action":"view","resourceType":"User","resourceId":"68232d2ef48a989182244092","details":"MongoDB view on User","userIp":"","userAgent":""}
{"timestamp":"2025-05-15T12:07:46.470Z","userId":0,"action":"view","resourceType":"User","resourceId":"aaa","details":"MongoDB view on User","userIp":"","userAgent":""}
{"timestamp":"2025-05-15T12:07:46.898Z","userId":"68232d2ef48a989182244092","action":"view","resourceType":"User","resourceId":"68232d2ef48a989182244092","details":"MongoDB view on User","userIp":"","userAgent":""}
{"timestamp":"2025-05-15T12:07:46.929Z","userId":"68232d2ef48a989182244092","action":"view","resourceType":"AIInsight","resourceId":"multiple","details":"MongoDB view on AIInsight","userIp":"","userAgent":""}
{"timestamp":"2025-05-15T12:07:47.000Z","userId":"68232d2ef48a989182244092","action":"view","resourceType":"User","resourceId":"68232d2ef48a989182244092","details":"MongoDB view on User","userIp":"","userAgent":""}
{"timestamp":"2025-05-15T12:07:47.013Z","userId":"68232d2ef48a989182244092","action":"view","resourceType":"User","resourceId":"68232d2ef48a989182244092","details":"MongoDB view on User","userIp":"","userAgent":""}
{"timestamp":"2025-05-15T12:07:47.027Z","userId":"68232d2ef48a989182244092","action":"view","resourceType":"User","resourceId":"68232d2ef48a989182244092","details":"MongoDB view on User","userIp":"","userAgent":""}
{"timestamp":"2025-05-15T12:07:47.037Z","userId":"68232d2ef48a989182244092","action":"view","resourceType":"User","resourceId":"68232d2ef48a989182244092","details":"MongoDB view on User","userIp":"","userAgent":""}
{"timestamp":"2025-05-15T12:07:47.047Z","userId":"68232d2ef48a989182244092","action":"view","resourceType":"User","resourceId":"68232d2ef48a989182244092","details":"MongoDB view on User","userIp":"","userAgent":""}
{"timestamp":"2025-05-15T12:07:47.198Z","userId":0,"action":"view","resourceType":"Doctor","resourceId":"multiple","details":"MongoDB view on Doctor","userIp":"","userAgent":""}
{"timestamp":"2025-05-15T12:07:47.213Z","userId":"68232d2ef48a989182244092","action":"view","resourceType":"HealthData","resourceId":"latest","details":"MongoDB view on HealthData","userIp":"","userAgent":""}
{"timestamp":"2025-05-15T12:07:47.324Z","userId":"68232d2ef48a989182244092","action":"view","resourceType":"Reminder","resourceId":"multiple","details":"MongoDB view on Reminder","userIp":"","userAgent":""}
{"timestamp":"2025-05-15T12:07:47.438Z","userId":"68232d2ef48a989182244092","action":"view","resourceType":"User","resourceId":"68232d2ef48a989182244092","details":"MongoDB view on User","userIp":"","userAgent":""}
{"timestamp":"2025-05-15T12:07:47.474Z","userId":"68232d2ef48a989182244092","action":"view","resourceType":"User","resourceId":"68232d2ef48a989182244092","details":"MongoDB view on User","userIp":"","userAgent":""}
{"timestamp":"2025-05-15T12:07:47.490Z","userId":"68232d2ef48a989182244092","action":"view","resourceType":"AIInsight","resourceId":"multiple","details":"MongoDB view on AIInsight","userIp":"","userAgent":""}
{"timestamp":"2025-05-15T12:07:58.932Z","userId":"68232d2ef48a989182244092","action":"view","resourceType":"User","resourceId":"68232d2ef48a989182244092","details":"MongoDB view on User","userIp":"","userAgent":""}
{"timestamp":"2025-05-15T12:09:09.366Z","userId":"68232d2ef48a989182244092","action":"view","resourceType":"User","resourceId":"68232d2ef48a989182244092","details":"MongoDB view on User","userIp":"","userAgent":""}
{"timestamp":"2025-05-15T12:09:10.470Z","userId":"68232d2ef48a989182244092","action":"view","resourceType":"User","resourceId":"68232d2ef48a989182244092","details":"MongoDB view on User","userIp":"","userAgent":""}
{"timestamp":"2025-05-15T12:09:10.480Z","userId":"68232d2ef48a989182244092","action":"view","resourceType":"HealthData","resourceId":"latest","details":"MongoDB view on HealthData","userIp":"","userAgent":""}
{"timestamp":"2025-05-15T12:09:10.494Z","userId":"68232d2ef48a989182244092","action":"view","resourceType":"User","resourceId":"68232d2ef48a989182244092","details":"MongoDB view on User","userIp":"","userAgent":""}
{"timestamp":"2025-05-15T12:09:10.546Z","userId":"68232d2ef48a989182244092","action":"view","resourceType":"Reminder","resourceId":"multiple","details":"MongoDB view on Reminder","userIp":"","userAgent":""}
{"timestamp":"2025-05-15T12:12:29.590Z","userId":"68232d2ef48a989182244092","action":"view","resourceType":"User","resourceId":"68232d2ef48a989182244092","details":"MongoDB view on User","userIp":"","userAgent":""}
{"timestamp":"2025-05-15T12:13:37.662Z","userId":0,"action":"view","resourceType":"User","resourceId":"aaa","details":"MongoDB view on User","userIp":"","userAgent":""}
{"timestamp":"2025-05-15T12:13:38.063Z","userId":"68232d2ef48a989182244092","action":"view","resourceType":"User","resourceId":"68232d2ef48a989182244092","details":"MongoDB view on User","userIp":"","userAgent":""}
{"timestamp":"2025-05-15T12:13:38.080Z","userId":"68232d2ef48a989182244092","action":"view","resourceType":"HealthData","resourceId":"latest","details":"MongoDB view on HealthData","userIp":"","userAgent":""}
{"timestamp":"2025-05-15T12:13:38.125Z","userId":"68232d2ef48a989182244092","action":"view","resourceType":"User","resourceId":"68232d2ef48a989182244092","details":"MongoDB view on User","userIp":"","userAgent":""}
{"timestamp":"2025-05-15T12:13:38.133Z","userId":"68232d2ef48a989182244092","action":"view","resourceType":"User","resourceId":"68232d2ef48a989182244092","details":"MongoDB view on User","userIp":"","userAgent":""}
{"timestamp":"2025-05-15T12:13:38.143Z","userId":"68232d2ef48a989182244092","action":"view","resourceType":"User","resourceId":"68232d2ef48a989182244092","details":"MongoDB view on User","userIp":"","userAgent":""}
{"timestamp":"2025-05-15T12:13:38.149Z","userId":"68232d2ef48a989182244092","action":"view","resourceType":"User","resourceId":"68232d2ef48a989182244092","details":"MongoDB view on User","userIp":"","userAgent":""}
{"timestamp":"2025-05-15T12:13:38.161Z","userId":"68232d2ef48a989182244092","action":"view","resourceType":"User","resourceId":"68232d2ef48a989182244092","details":"MongoDB view on User","userIp":"","userAgent":""}
{"timestamp":"2025-05-15T12:13:38.307Z","userId":"68232d2ef48a989182244092","action":"view","resourceType":"Reminder","resourceId":"multiple","details":"MongoDB view on Reminder","userIp":"","userAgent":""}
{"timestamp":"2025-05-15T12:13:38.426Z","userId":"68232d2ef48a989182244092","action":"view","resourceType":"AIInsight","resourceId":"multiple","details":"MongoDB view on AIInsight","userIp":"","userAgent":""}
{"timestamp":"2025-05-15T12:13:38.470Z","userId":0,"action":"view","resourceType":"Doctor","resourceId":"multiple","details":"MongoDB view on Doctor","userIp":"","userAgent":""}
{"timestamp":"2025-05-15T12:13:38.573Z","userId":"68232d2ef48a989182244092","action":"view","resourceType":"User","resourceId":"68232d2ef48a989182244092","details":"MongoDB view on User","userIp":"","userAgent":""}
{"timestamp":"2025-05-15T12:13:38.586Z","userId":"68232d2ef48a989182244092","action":"view","resourceType":"User","resourceId":"68232d2ef48a989182244092","details":"MongoDB view on User","userIp":"","userAgent":""}
{"timestamp":"2025-05-15T12:13:38.609Z","userId":"68232d2ef48a989182244092","action":"view","resourceType":"HealthData","resourceId":"latest","details":"MongoDB view on HealthData","userIp":"","userAgent":""}
{"timestamp":"2025-05-15T12:13:52.256Z","userId":"68232d2ef48a989182244092","action":"view","resourceType":"User","resourceId":"68232d2ef48a989182244092","details":"MongoDB view on User","userIp":"","userAgent":""}
{"timestamp":"2025-05-15T12:13:52.311Z","userId":"68232d2ef48a989182244092","action":"view","resourceType":"User","resourceId":"68232d2ef48a989182244092","details":"MongoDB view on User","userIp":"","userAgent":""}
{"timestamp":"2025-05-15T12:13:52.320Z","userId":"68232d2ef48a989182244092","action":"view","resourceType":"Reminder","resourceId":"multiple","details":"MongoDB view on Reminder","userIp":"","userAgent":""}
{"timestamp":"2025-05-15T12:14:04.227Z","userId":"68232d2ef48a989182244092","action":"view","resourceType":"User","resourceId":"68232d2ef48a989182244092","details":"MongoDB view on User","userIp":"","userAgent":""}
{"timestamp":"2025-05-15T12:14:04.278Z","userId":"68232d2ef48a989182244092","action":"view","resourceType":"User","resourceId":"68232d2ef48a989182244092","details":"MongoDB view on User","userIp":"","userAgent":""}
{"timestamp":"2025-05-15T12:14:04.290Z","userId":"68232d2ef48a989182244092","action":"view","resourceType":"Reminder","resourceId":"multiple","details":"MongoDB view on Reminder","userIp":"","userAgent":""}
{"timestamp":"2025-05-15T12:15:04.750Z","userId":"68232d2ef48a989182244092","action":"view","resourceType":"User","resourceId":"68232d2ef48a989182244092","details":"MongoDB view on User","userIp":"","userAgent":""}
{"timestamp":"2025-05-15T12:18:00.973Z","userId":0,"action":"view","resourceType":"User","resourceId":"aaa","details":"MongoDB view on User","userIp":"","userAgent":""}
{"timestamp":"2025-05-15T12:18:01.428Z","userId":"68232d2ef48a989182244092","action":"view","resourceType":"User","resourceId":"68232d2ef48a989182244092","details":"MongoDB view on User","userIp":"","userAgent":""}
{"timestamp":"2025-05-15T12:18:01.449Z","userId":"68232d2ef48a989182244092","action":"view","resourceType":"User","resourceId":"68232d2ef48a989182244092","details":"MongoDB view on User","userIp":"","userAgent":""}
{"timestamp":"2025-05-15T12:18:01.457Z","userId":"68232d2ef48a989182244092","action":"view","resourceType":"User","resourceId":"68232d2ef48a989182244092","details":"MongoDB view on User","userIp":"","userAgent":""}
{"timestamp":"2025-05-15T12:18:01.479Z","userId":"68232d2ef48a989182244092","action":"view","resourceType":"HealthData","resourceId":"latest","details":"MongoDB view on HealthData","userIp":"","userAgent":""}
{"timestamp":"2025-05-15T12:18:01.529Z","userId":"68232d2ef48a989182244092","action":"view","resourceType":"User","resourceId":"68232d2ef48a989182244092","details":"MongoDB view on User","userIp":"","userAgent":""}
{"timestamp":"2025-05-15T12:18:01.547Z","userId":"68232d2ef48a989182244092","action":"view","resourceType":"User","resourceId":"68232d2ef48a989182244092","details":"MongoDB view on User","userIp":"","userAgent":""}
{"timestamp":"2025-05-15T12:18:01.553Z","userId":"68232d2ef48a989182244092","action":"view","resourceType":"User","resourceId":"68232d2ef48a989182244092","details":"MongoDB view on User","userIp":"","userAgent":""}
{"timestamp":"2025-05-15T12:18:01.600Z","userId":"68232d2ef48a989182244092","action":"view","resourceType":"Reminder","resourceId":"multiple","details":"MongoDB view on Reminder","userIp":"","userAgent":""}
{"timestamp":"2025-05-15T12:18:01.809Z","userId":"68232d2ef48a989182244092","action":"view","resourceType":"AIInsight","resourceId":"multiple","details":"MongoDB view on AIInsight","userIp":"","userAgent":""}
{"timestamp":"2025-05-15T12:18:01.847Z","userId":0,"action":"view","resourceType":"Doctor","resourceId":"multiple","details":"MongoDB view on Doctor","userIp":"","userAgent":""}
{"timestamp":"2025-05-15T12:18:01.934Z","userId":"68232d2ef48a989182244092","action":"view","resourceType":"User","resourceId":"68232d2ef48a989182244092","details":"MongoDB view on User","userIp":"","userAgent":""}
{"timestamp":"2025-05-15T12:18:01.946Z","userId":"68232d2ef48a989182244092","action":"view","resourceType":"User","resourceId":"68232d2ef48a989182244092","details":"MongoDB view on User","userIp":"","userAgent":""}
{"timestamp":"2025-05-15T12:18:02.012Z","userId":"68232d2ef48a989182244092","action":"view","resourceType":"HealthData","resourceId":"latest","details":"MongoDB view on HealthData","userIp":"","userAgent":""}
{"timestamp":"2025-05-15T12:18:02.045Z","userId":"68232d2ef48a989182244092","action":"view","resourceType":"User","resourceId":"68232d2ef48a989182244092","details":"MongoDB view on User","userIp":"","userAgent":""}
{"timestamp":"2025-05-15T12:18:02.065Z","userId":"68232d2ef48a989182244092","action":"view","resourceType":"Reminder","resourceId":"multiple","details":"MongoDB view on Reminder","userIp":"","userAgent":""}
{"timestamp":"2025-05-15T12:18:12.200Z","userId":"68232d2ef48a989182244092","action":"view","resourceType":"User","resourceId":"68232d2ef48a989182244092","details":"MongoDB view on User","userIp":"","userAgent":""}
{"timestamp":"2025-05-15T12:18:12.241Z","userId":"68232d2ef48a989182244092","action":"view","resourceType":"User","resourceId":"68232d2ef48a989182244092","details":"MongoDB view on User","userIp":"","userAgent":""}
{"timestamp":"2025-05-15T12:18:12.246Z","userId":"68232d2ef48a989182244092","action":"view","resourceType":"Reminder","resourceId":"multiple","details":"MongoDB view on Reminder","userIp":"","userAgent":""}
{"timestamp":"2025-05-15T12:18:15.396Z","userId":"68232d2ef48a989182244092","action":"view","resourceType":"User","resourceId":"68232d2ef48a989182244092","details":"MongoDB view on User","userIp":"","userAgent":""}
{"timestamp":"2025-05-15T12:21:49.472Z","userId":0,"action":"view","resourceType":"User","resourceId":"aaa","details":"MongoDB view on User","userIp":"","userAgent":""}
{"timestamp":"2025-05-15T12:21:49.837Z","userId":"68232d2ef48a989182244092","action":"view","resourceType":"User","resourceId":"68232d2ef48a989182244092","details":"MongoDB view on User","userIp":"","userAgent":""}
{"timestamp":"2025-05-15T12:21:49.858Z","userId":"68232d2ef48a989182244092","action":"view","resourceType":"User","resourceId":"68232d2ef48a989182244092","details":"MongoDB view on User","userIp":"","userAgent":""}
{"timestamp":"2025-05-15T12:21:49.863Z","userId":"68232d2ef48a989182244092","action":"view","resourceType":"User","resourceId":"68232d2ef48a989182244092","details":"MongoDB view on User","userIp":"","userAgent":""}
{"timestamp":"2025-05-15T12:21:49.870Z","userId":"68232d2ef48a989182244092","action":"view","resourceType":"User","resourceId":"68232d2ef48a989182244092","details":"MongoDB view on User","userIp":"","userAgent":""}
{"timestamp":"2025-05-15T12:21:49.881Z","userId":"68232d2ef48a989182244092","action":"view","resourceType":"User","resourceId":"68232d2ef48a989182244092","details":"MongoDB view on User","userIp":"","userAgent":""}
{"timestamp":"2025-05-15T12:21:49.888Z","userId":"68232d2ef48a989182244092","action":"view","resourceType":"User","resourceId":"68232d2ef48a989182244092","details":"MongoDB view on User","userIp":"","userAgent":""}
{"timestamp":"2025-05-15T12:21:49.907Z","userId":"68232d2ef48a989182244092","action":"view","resourceType":"HealthData","resourceId":"latest","details":"MongoDB view on HealthData","userIp":"","userAgent":""}
{"timestamp":"2025-05-15T12:21:49.932Z","userId":"68232d2ef48a989182244092","action":"view","resourceType":"AIInsight","resourceId":"multiple","details":"MongoDB view on AIInsight","userIp":"","userAgent":""}
{"timestamp":"2025-05-15T12:21:49.953Z","userId":"68232d2ef48a989182244092","action":"view","resourceType":"Reminder","resourceId":"multiple","details":"MongoDB view on Reminder","userIp":"","userAgent":""}
{"timestamp":"2025-05-15T12:21:50.058Z","userId":0,"action":"view","resourceType":"Doctor","resourceId":"multiple","details":"MongoDB view on Doctor","userIp":"","userAgent":""}
{"timestamp":"2025-05-15T12:21:50.239Z","userId":"68232d2ef48a989182244092","action":"view","resourceType":"User","resourceId":"68232d2ef48a989182244092","details":"MongoDB view on User","userIp":"","userAgent":""}
{"timestamp":"2025-05-15T12:21:50.306Z","userId":"68232d2ef48a989182244092","action":"view","resourceType":"User","resourceId":"68232d2ef48a989182244092","details":"MongoDB view on User","userIp":"","userAgent":""}
{"timestamp":"2025-05-15T12:21:50.313Z","userId":"68232d2ef48a989182244092","action":"view","resourceType":"User","resourceId":"68232d2ef48a989182244092","details":"MongoDB view on User","userIp":"","userAgent":""}
{"timestamp":"2025-05-15T12:21:50.327Z","userId":"68232d2ef48a989182244092","action":"view","resourceType":"User","resourceId":"68232d2ef48a989182244092","details":"MongoDB view on User","userIp":"","userAgent":""}
{"timestamp":"2025-05-15T12:21:50.336Z","userId":"68232d2ef48a989182244092","action":"view","resourceType":"User","resourceId":"68232d2ef48a989182244092","details":"MongoDB view on User","userIp":"","userAgent":""}
{"timestamp":"2025-05-15T12:21:50.349Z","userId":"68232d2ef48a989182244092","action":"view","resourceType":"User","resourceId":"68232d2ef48a989182244092","details":"MongoDB view on User","userIp":"","userAgent":""}
{"timestamp":"2025-05-15T12:21:50.369Z","userId":"68232d2ef48a989182244092","action":"view","resourceType":"HealthData","resourceId":"latest","details":"MongoDB view on HealthData","userIp":"","userAgent":""}
{"timestamp":"2025-05-15T12:21:50.383Z","userId":"68232d2ef48a989182244092","action":"view","resourceType":"AIInsight","resourceId":"multiple","details":"MongoDB view on AIInsight","userIp":"","userAgent":""}
{"timestamp":"2025-05-15T12:21:50.399Z","userId":0,"action":"view","resourceType":"Doctor","resourceId":"multiple","details":"MongoDB view on Doctor","userIp":"","userAgent":""}
{"timestamp":"2025-05-15T12:21:50.479Z","userId":"68232d2ef48a989182244092","action":"view","resourceType":"Reminder","resourceId":"multiple","details":"MongoDB view on Reminder","userIp":"","userAgent":""}
{"timestamp":"2025-05-15T12:22:03.494Z","userId":"68232d2ef48a989182244092","action":"view","resourceType":"User","resourceId":"68232d2ef48a989182244092","details":"MongoDB view on User","userIp":"","userAgent":""}
{"timestamp":"2025-05-15T12:22:03.600Z","userId":"68232d2ef48a989182244092","action":"view","resourceType":"User","resourceId":"68232d2ef48a989182244092","details":"MongoDB view on User","userIp":"","userAgent":""}
{"timestamp":"2025-05-15T12:22:03.605Z","userId":"68232d2ef48a989182244092","action":"view","resourceType":"Reminder","resourceId":"multiple","details":"MongoDB view on Reminder","userIp":"","userAgent":""}
{"timestamp":"2025-05-15T12:22:09.438Z","userId":"68232d2ef48a989182244092","action":"view","resourceType":"User","resourceId":"68232d2ef48a989182244092","details":"MongoDB view on User","userIp":"","userAgent":""}
{"timestamp":"2025-05-15T12:22:09.481Z","userId":"68232d2ef48a989182244092","action":"view","resourceType":"User","resourceId":"68232d2ef48a989182244092","details":"MongoDB view on User","userIp":"","userAgent":""}
{"timestamp":"2025-05-15T12:22:09.488Z","userId":"68232d2ef48a989182244092","action":"view","resourceType":"Reminder","resourceId":"multiple","details":"MongoDB view on Reminder","userIp":"","userAgent":""}
{"timestamp":"2025-05-15T12:22:21.821Z","userId":"68232d2ef48a989182244092","action":"view","resourceType":"User","resourceId":"68232d2ef48a989182244092","details":"MongoDB view on User","userIp":"","userAgent":""}
{"timestamp":"2025-05-15T12:22:21.861Z","userId":"68232d2ef48a989182244092","action":"view","resourceType":"User","resourceId":"68232d2ef48a989182244092","details":"MongoDB view on User","userIp":"","userAgent":""}
{"timestamp":"2025-05-15T12:22:21.866Z","userId":"68232d2ef48a989182244092","action":"view","resourceType":"Reminder","resourceId":"multiple","details":"MongoDB view on Reminder","userIp":"","userAgent":""}
{"timestamp":"2025-05-15T12:22:30.967Z","userId":"68232d2ef48a989182244092","action":"view","resourceType":"User","resourceId":"68232d2ef48a989182244092","details":"MongoDB view on User","userIp":"","userAgent":""}
{"timestamp":"2025-05-15T12:22:31.074Z","userId":"68232d2ef48a989182244092","action":"view","resourceType":"User","resourceId":"68232d2ef48a989182244092","details":"MongoDB view on User","userIp":"","userAgent":""}
{"timestamp":"2025-05-15T12:22:31.086Z","userId":"68232d2ef48a989182244092","action":"view","resourceType":"User","resourceId":"68232d2ef48a989182244092","details":"MongoDB view on User","userIp":"","userAgent":""}
{"timestamp":"2025-05-15T12:22:31.118Z","userId":"68232d2ef48a989182244092","action":"view","resourceType":"User","resourceId":"68232d2ef48a989182244092","details":"MongoDB view on User","userIp":"","userAgent":""}
{"timestamp":"2025-05-15T12:22:31.128Z","userId":"68232d2ef48a989182244092","action":"view","resourceType":"User","resourceId":"68232d2ef48a989182244092","details":"MongoDB view on User","userIp":"","userAgent":""}
{"timestamp":"2025-05-15T12:22:31.139Z","userId":"68232d2ef48a989182244092","action":"view","resourceType":"User","resourceId":"68232d2ef48a989182244092","details":"MongoDB view on User","userIp":"","userAgent":""}
{"timestamp":"2025-05-15T12:22:31.147Z","userId":"68232d2ef48a989182244092","action":"view","resourceType":"User","resourceId":"68232d2ef48a989182244092","details":"MongoDB view on User","userIp":"","userAgent":""}
{"timestamp":"2025-05-15T12:22:31.176Z","userId":"68232d2ef48a989182244092","action":"view","resourceType":"HealthData","resourceId":"latest","details":"MongoDB view on HealthData","userIp":"","userAgent":""}
{"timestamp":"2025-05-15T12:22:31.204Z","userId":0,"action":"view","resourceType":"Doctor","resourceId":"multiple","details":"MongoDB view on Doctor","userIp":"","userAgent":""}
{"timestamp":"2025-05-15T12:22:31.308Z","userId":"68232d2ef48a989182244092","action":"view","resourceType":"Reminder","resourceId":"multiple","details":"MongoDB view on Reminder","userIp":"","userAgent":""}
{"timestamp":"2025-05-15T12:22:31.330Z","userId":"68232d2ef48a989182244092","action":"view","resourceType":"AIInsight","resourceId":"multiple","details":"MongoDB view on AIInsight","userIp":"","userAgent":""}
{"timestamp":"2025-05-15T12:31:43.535Z","userId":"68232d2ef48a989182244092","action":"view","resourceType":"User","resourceId":"68232d2ef48a989182244092","details":"MongoDB view on User","userIp":"","userAgent":""}
{"timestamp":"2025-05-15T12:31:45.161Z","userId":"68232d2ef48a989182244092","action":"view","resourceType":"User","resourceId":"68232d2ef48a989182244092","details":"MongoDB view on User","userIp":"","userAgent":""}
{"timestamp":"2025-05-15T12:31:45.187Z","userId":"68232d2ef48a989182244092","action":"view","resourceType":"HealthData","resourceId":"latest","details":"MongoDB view on HealthData","userIp":"","userAgent":""}
{"timestamp":"2025-05-15T12:31:45.303Z","userId":"68232d2ef48a989182244092","action":"view","resourceType":"User","resourceId":"68232d2ef48a989182244092","details":"MongoDB view on User","userIp":"","userAgent":""}
{"timestamp":"2025-05-15T12:31:45.395Z","userId":"68232d2ef48a989182244092","action":"view","resourceType":"Reminder","resourceId":"multiple","details":"MongoDB view on Reminder","userIp":"","userAgent":""}
{"timestamp":"2025-05-15T12:40:09.348Z","userId":"68232d2ef48a989182244092","action":"view","resourceType":"User","resourceId":"68232d2ef48a989182244092","details":"MongoDB view on User","userIp":"","userAgent":""}
{"timestamp":"2025-05-15T12:40:10.866Z","userId":"68232d2ef48a989182244092","action":"view","resourceType":"User","resourceId":"68232d2ef48a989182244092","details":"MongoDB view on User","userIp":"","userAgent":""}
{"timestamp":"2025-05-15T12:40:10.878Z","userId":"68232d2ef48a989182244092","action":"view","resourceType":"HealthData","resourceId":"latest","details":"MongoDB view on HealthData","userIp":"","userAgent":""}
{"timestamp":"2025-05-15T12:40:10.893Z","userId":"68232d2ef48a989182244092","action":"view","resourceType":"User","resourceId":"68232d2ef48a989182244092","details":"MongoDB view on User","userIp":"","userAgent":""}
{"timestamp":"2025-05-15T12:40:10.948Z","userId":"68232d2ef48a989182244092","action":"view","resourceType":"Reminder","resourceId":"multiple","details":"MongoDB view on Reminder","userIp":"","userAgent":""}
{"timestamp":"2025-05-15T12:40:28.988Z","userId":"68232d2ef48a989182244092","action":"view","resourceType":"User","resourceId":"68232d2ef48a989182244092","details":"MongoDB view on User","userIp":"","userAgent":""}
{"timestamp":"2025-05-15T12:40:29.000Z","userId":"68232d2ef48a989182244092","action":"view","resourceType":"User","resourceId":"68232d2ef48a989182244092","details":"MongoDB view on User","userIp":"","userAgent":""}
{"timestamp":"2025-05-15T12:40:29.007Z","userId":"68232d2ef48a989182244092","action":"view","resourceType":"User","resourceId":"68232d2ef48a989182244092","details":"MongoDB view on User","userIp":"","userAgent":""}
{"timestamp":"2025-05-15T12:40:29.011Z","userId":"68232d2ef48a989182244092","action":"view","resourceType":"User","resourceId":"68232d2ef48a989182244092","details":"MongoDB view on User","userIp":"","userAgent":""}
{"timestamp":"2025-05-15T12:40:29.021Z","userId":"68232d2ef48a989182244092","action":"view","resourceType":"AIInsight","resourceId":"multiple","details":"MongoDB view on AIInsight","userIp":"","userAgent":""}
{"timestamp":"2025-05-15T12:40:29.032Z","userId":0,"action":"view","resourceType":"Doctor","resourceId":"multiple","details":"MongoDB view on Doctor","userIp":"","userAgent":""}
{"timestamp":"2025-05-15T12:40:29.152Z","userId":"68232d2ef48a989182244092","action":"view","resourceType":"User","resourceId":"68232d2ef48a989182244092","details":"MongoDB view on User","userIp":"","userAgent":""}
{"timestamp":"2025-05-15T12:40:29.164Z","userId":"68232d2ef48a989182244092","action":"view","resourceType":"User","resourceId":"68232d2ef48a989182244092","details":"MongoDB view on User","userIp":"","userAgent":""}
{"timestamp":"2025-05-15T12:40:29.196Z","userId":"68232d2ef48a989182244092","action":"view","resourceType":"HealthData","resourceId":"latest","details":"MongoDB view on HealthData","userIp":"","userAgent":""}
{"timestamp":"2025-05-15T12:40:29.209Z","userId":"68232d2ef48a989182244092","action":"view","resourceType":"User","resourceId":"68232d2ef48a989182244092","details":"MongoDB view on User","userIp":"","userAgent":""}
{"timestamp":"2025-05-15T12:40:29.218Z","userId":"68232d2ef48a989182244092","action":"view","resourceType":"User","resourceId":"68232d2ef48a989182244092","details":"MongoDB view on User","userIp":"","userAgent":""}
{"timestamp":"2025-05-15T12:40:29.224Z","userId":"68232d2ef48a989182244092","action":"view","resourceType":"User","resourceId":"68232d2ef48a989182244092","details":"MongoDB view on User","userIp":"","userAgent":""}
{"timestamp":"2025-05-15T12:40:29.245Z","userId":0,"action":"view","resourceType":"Doctor","resourceId":"multiple","details":"MongoDB view on Doctor","userIp":"","userAgent":""}
{"timestamp":"2025-05-15T12:40:29.258Z","userId":"68232d2ef48a989182244092","action":"view","resourceType":"Reminder","resourceId":"multiple","details":"MongoDB view on Reminder","userIp":"","userAgent":""}
{"timestamp":"2025-05-15T12:40:29.292Z","userId":"68232d2ef48a989182244092","action":"view","resourceType":"AIInsight","resourceId":"multiple","details":"MongoDB view on AIInsight","userIp":"","userAgent":""}
{"timestamp":"2025-05-15T12:40:51.669Z","userId":"68232d2ef48a989182244092","action":"view","resourceType":"User","resourceId":"68232d2ef48a989182244092","details":"MongoDB view on User","userIp":"","userAgent":""}
{"timestamp":"2025-05-15T12:40:51.681Z","userId":"68232d2ef48a989182244092","action":"view","resourceType":"HealthData","resourceId":"multiple","details":"MongoDB view on HealthData","userIp":"","userAgent":""}
{"timestamp":"2025-05-15T12:40:52.397Z","userId":"68232d2ef48a989182244092","action":"view","resourceType":"User","resourceId":"68232d2ef48a989182244092","details":"MongoDB view on User","userIp":"","userAgent":""}
{"timestamp":"2025-05-15T12:40:52.474Z","userId":"68232d2ef48a989182244092","action":"view","resourceType":"User","resourceId":"68232d2ef48a989182244092","details":"MongoDB view on User","userIp":"","userAgent":""}
{"timestamp":"2025-05-15T12:40:52.497Z","userId":"68232d2ef48a989182244092","action":"view","resourceType":"User","resourceId":"68232d2ef48a989182244092","details":"MongoDB view on User","userIp":"","userAgent":""}
{"timestamp":"2025-05-15T12:40:52.508Z","userId":"68232d2ef48a989182244092","action":"view","resourceType":"User","resourceId":"68232d2ef48a989182244092","details":"MongoDB view on User","userIp":"","userAgent":""}
{"timestamp":"2025-05-15T12:40:52.521Z","userId":"68232d2ef48a989182244092","action":"view","resourceType":"Reminder","resourceId":"multiple","details":"MongoDB view on Reminder","userIp":"","userAgent":""}
{"timestamp":"2025-05-15T12:40:52.546Z","userId":"68232d2ef48a989182244092","action":"view","resourceType":"User","resourceId":"68232d2ef48a989182244092","details":"MongoDB view on User","userIp":"","userAgent":""}
{"timestamp":"2025-05-15T12:40:52.555Z","userId":"68232d2ef48a989182244092","action":"view","resourceType":"User","resourceId":"68232d2ef48a989182244092","details":"MongoDB view on User","userIp":"","userAgent":""}
{"timestamp":"2025-05-15T12:40:52.562Z","userId":"68232d2ef48a989182244092","action":"view","resourceType":"User","resourceId":"68232d2ef48a989182244092","details":"MongoDB view on User","userIp":"","userAgent":""}
{"timestamp":"2025-05-15T12:40:52.576Z","userId":"68232d2ef48a989182244092","action":"view","resourceType":"HealthData","resourceId":"latest","details":"MongoDB view on HealthData","userIp":"","userAgent":""}
{"timestamp":"2025-05-15T12:40:52.594Z","userId":0,"action":"view","resourceType":"Doctor","resourceId":"multiple","details":"MongoDB view on Doctor","userIp":"","userAgent":""}
{"timestamp":"2025-05-15T12:40:52.606Z","userId":"68232d2ef48a989182244092","action":"view","resourceType":"AIInsight","resourceId":"multiple","details":"MongoDB view on AIInsight","userIp":"","userAgent":""}
{"timestamp":"2025-05-15T12:48:45.600Z","userId":0,"action":"view","resourceType":"User","resourceId":"aaa","details":"MongoDB view on User","userIp":"","userAgent":""}
{"timestamp":"2025-05-15T12:48:45.748Z","userId":"68232d2ef48a989182244092","action":"view","resourceType":"User","resourceId":"68232d2ef48a989182244092","details":"MongoDB view on User","userIp":"","userAgent":""}
{"timestamp":"2025-05-15T12:48:45.759Z","userId":"68232d2ef48a989182244092","action":"view","resourceType":"User","resourceId":"68232d2ef48a989182244092","details":"MongoDB view on User","userIp":"","userAgent":""}
{"timestamp":"2025-05-15T12:48:45.765Z","userId":"68232d2ef48a989182244092","action":"view","resourceType":"HealthData","resourceId":"latest","details":"MongoDB view on HealthData","userIp":"","userAgent":""}
{"timestamp":"2025-05-15T12:48:45.776Z","userId":"68232d2ef48a989182244092","action":"view","resourceType":"User","resourceId":"68232d2ef48a989182244092","details":"MongoDB view on User","userIp":"","userAgent":""}
{"timestamp":"2025-05-15T12:48:45.779Z","userId":"68232d2ef48a989182244092","action":"view","resourceType":"User","resourceId":"68232d2ef48a989182244092","details":"MongoDB view on User","userIp":"","userAgent":""}
{"timestamp":"2025-05-15T12:48:45.782Z","userId":"68232d2ef48a989182244092","action":"view","resourceType":"User","resourceId":"68232d2ef48a989182244092","details":"MongoDB view on User","userIp":"","userAgent":""}
{"timestamp":"2025-05-15T12:48:45.785Z","userId":"68232d2ef48a989182244092","action":"view","resourceType":"User","resourceId":"68232d2ef48a989182244092","details":"MongoDB view on User","userIp":"","userAgent":""}
{"timestamp":"2025-05-15T12:48:45.792Z","userId":"68232d2ef48a989182244092","action":"view","resourceType":"AIInsight","resourceId":"multiple","details":"MongoDB view on AIInsight","userIp":"","userAgent":""}
{"timestamp":"2025-05-15T12:48:45.802Z","userId":0,"action":"view","resourceType":"Doctor","resourceId":"multiple","details":"MongoDB view on Doctor","userIp":"","userAgent":""}
{"timestamp":"2025-05-15T12:48:45.855Z","userId":"68232d2ef48a989182244092","action":"view","resourceType":"Reminder","resourceId":"multiple","details":"MongoDB view on Reminder","userIp":"","userAgent":""}
{"timestamp":"2025-05-15T12:48:45.869Z","userId":"68232d2ef48a989182244092","action":"view","resourceType":"User","resourceId":"68232d2ef48a989182244092","details":"MongoDB view on User","userIp":"","userAgent":""}
{"timestamp":"2025-05-15T12:48:45.885Z","userId":"68232d2ef48a989182244092","action":"view","resourceType":"User","resourceId":"68232d2ef48a989182244092","details":"MongoDB view on User","userIp":"","userAgent":""}
{"timestamp":"2025-05-15T12:48:45.888Z","userId":"68232d2ef48a989182244092","action":"view","resourceType":"User","resourceId":"68232d2ef48a989182244092","details":"MongoDB view on User","userIp":"","userAgent":""}
{"timestamp":"2025-05-15T12:48:45.895Z","userId":"68232d2ef48a989182244092","action":"view","resourceType":"AIInsight","resourceId":"multiple","details":"MongoDB view on AIInsight","userIp":"","userAgent":""}
{"timestamp":"2025-05-15T12:48:45.901Z","userId":"68232d2ef48a989182244092","action":"view","resourceType":"HealthData","resourceId":"latest","details":"MongoDB view on HealthData","userIp":"","userAgent":""}
{"timestamp":"2025-05-15T12:49:24.765Z","userId":"68232d2ef48a989182244092","action":"view","resourceType":"User","resourceId":"68232d2ef48a989182244092","details":"MongoDB view on User","userIp":"","userAgent":""}
{"timestamp":"2025-05-15T12:49:24.798Z","userId":"68232d2ef48a989182244092","action":"view","resourceType":"User","resourceId":"68232d2ef48a989182244092","details":"MongoDB view on User","userIp":"","userAgent":""}
{"timestamp":"2025-05-15T12:49:24.803Z","userId":"68232d2ef48a989182244092","action":"view","resourceType":"Reminder","resourceId":"multiple","details":"MongoDB view on Reminder","userIp":"","userAgent":""}
{"timestamp":"2025-05-15T12:49:33.427Z","userId":"68232d2ef48a989182244092","action":"view","resourceType":"User","resourceId":"68232d2ef48a989182244092","details":"MongoDB view on User","userIp":"","userAgent":""}
{"timestamp":"2025-05-15T12:49:33.467Z","userId":"68232d2ef48a989182244092","action":"view","resourceType":"User","resourceId":"68232d2ef48a989182244092","details":"MongoDB view on User","userIp":"","userAgent":""}
{"timestamp":"2025-05-15T12:49:33.478Z","userId":"68232d2ef48a989182244092","action":"view","resourceType":"Reminder","resourceId":"multiple","details":"MongoDB view on Reminder","userIp":"","userAgent":""}
{"timestamp":"2025-05-15T13:00:33.402Z","userId":0,"action":"view","resourceType":"User","resourceId":"aaa","details":"MongoDB view on User","userIp":"","userAgent":""}
{"timestamp":"2025-05-15T13:00:33.543Z","userId":"68232d2ef48a989182244092","action":"view","resourceType":"User","resourceId":"68232d2ef48a989182244092","details":"MongoDB view on User","userIp":"","userAgent":""}
{"timestamp":"2025-05-15T13:00:33.552Z","userId":"68232d2ef48a989182244092","action":"view","resourceType":"HealthData","resourceId":"latest","details":"MongoDB view on HealthData","userIp":"","userAgent":""}
{"timestamp":"2025-05-15T13:00:33.568Z","userId":"68232d2ef48a989182244092","action":"view","resourceType":"User","resourceId":"68232d2ef48a989182244092","details":"MongoDB view on User","userIp":"","userAgent":""}
{"timestamp":"2025-05-15T13:00:33.571Z","userId":"68232d2ef48a989182244092","action":"view","resourceType":"User","resourceId":"68232d2ef48a989182244092","details":"MongoDB view on User","userIp":"","userAgent":""}
{"timestamp":"2025-05-15T13:00:33.574Z","userId":"68232d2ef48a989182244092","action":"view","resourceType":"User","resourceId":"68232d2ef48a989182244092","details":"MongoDB view on User","userIp":"","userAgent":""}
{"timestamp":"2025-05-15T13:00:33.577Z","userId":"68232d2ef48a989182244092","action":"view","resourceType":"User","resourceId":"68232d2ef48a989182244092","details":"MongoDB view on User","userIp":"","userAgent":""}
{"timestamp":"2025-05-15T13:00:33.580Z","userId":"68232d2ef48a989182244092","action":"view","resourceType":"User","resourceId":"68232d2ef48a989182244092","details":"MongoDB view on User","userIp":"","userAgent":""}
{"timestamp":"2025-05-15T13:00:33.589Z","userId":"68232d2ef48a989182244092","action":"view","resourceType":"AIInsight","resourceId":"multiple","details":"MongoDB view on AIInsight","userIp":"","userAgent":""}
{"timestamp":"2025-05-15T13:00:33.595Z","userId":0,"action":"view","resourceType":"Doctor","resourceId":"multiple","details":"MongoDB view on Doctor","userIp":"","userAgent":""}
{"timestamp":"2025-05-15T13:00:33.656Z","userId":"68232d2ef48a989182244092","action":"view","resourceType":"Reminder","resourceId":"multiple","details":"MongoDB view on Reminder","userIp":"","userAgent":""}
{"timestamp":"2025-05-15T13:00:33.671Z","userId":"68232d2ef48a989182244092","action":"view","resourceType":"User","resourceId":"68232d2ef48a989182244092","details":"MongoDB view on User","userIp":"","userAgent":""}
{"timestamp":"2025-05-15T13:00:33.677Z","userId":"68232d2ef48a989182244092","action":"view","resourceType":"User","resourceId":"68232d2ef48a989182244092","details":"MongoDB view on User","userIp":"","userAgent":""}
{"timestamp":"2025-05-15T13:00:33.681Z","userId":"68232d2ef48a989182244092","action":"view","resourceType":"User","resourceId":"68232d2ef48a989182244092","details":"MongoDB view on User","userIp":"","userAgent":""}
{"timestamp":"2025-05-15T13:00:33.686Z","userId":"68232d2ef48a989182244092","action":"view","resourceType":"HealthData","resourceId":"latest","details":"MongoDB view on HealthData","userIp":"","userAgent":""}
{"timestamp":"2025-05-15T13:00:33.692Z","userId":"68232d2ef48a989182244092","action":"view","resourceType":"AIInsight","resourceId":"multiple","details":"MongoDB view on AIInsight","userIp":"","userAgent":""}
{"timestamp":"2025-05-15T13:00:45.467Z","userId":"68232d2ef48a989182244092","action":"view","resourceType":"User","resourceId":"68232d2ef48a989182244092","details":"MongoDB view on User","userIp":"","userAgent":""}
{"timestamp":"2025-05-15T13:00:45.512Z","userId":"68232d2ef48a989182244092","action":"view","resourceType":"User","resourceId":"68232d2ef48a989182244092","details":"MongoDB view on User","userIp":"","userAgent":""}
{"timestamp":"2025-05-15T13:00:45.515Z","userId":"68232d2ef48a989182244092","action":"view","resourceType":"User","resourceId":"68232d2ef48a989182244092","details":"MongoDB view on User","userIp":"","userAgent":""}
{"timestamp":"2025-05-15T13:00:45.518Z","userId":"68232d2ef48a989182244092","action":"view","resourceType":"User","resourceId":"68232d2ef48a989182244092","details":"MongoDB view on User","userIp":"","userAgent":""}
{"timestamp":"2025-05-15T13:00:45.526Z","userId":"68232d2ef48a989182244092","action":"view","resourceType":"HealthData","resourceId":"latest","details":"MongoDB view on HealthData","userIp":"","userAgent":""}
{"timestamp":"2025-05-15T13:00:45.528Z","userId":"68232d2ef48a989182244092","action":"view","resourceType":"User","resourceId":"68232d2ef48a989182244092","details":"MongoDB view on User","userIp":"","userAgent":""}
{"timestamp":"2025-05-15T13:00:45.531Z","userId":"68232d2ef48a989182244092","action":"view","resourceType":"User","resourceId":"68232d2ef48a989182244092","details":"MongoDB view on User","userIp":"","userAgent":""}
{"timestamp":"2025-05-15T13:00:45.533Z","userId":"68232d2ef48a989182244092","action":"view","resourceType":"User","resourceId":"68232d2ef48a989182244092","details":"MongoDB view on User","userIp":"","userAgent":""}
{"timestamp":"2025-05-15T13:00:45.540Z","userId":"68232d2ef48a989182244092","action":"view","resourceType":"AIInsight","resourceId":"multiple","details":"MongoDB view on AIInsight","userIp":"","userAgent":""}
{"timestamp":"2025-05-15T13:00:45.547Z","userId":"68232d2ef48a989182244092","action":"view","resourceType":"Reminder","resourceId":"multiple","details":"MongoDB view on Reminder","userIp":"","userAgent":""}
{"timestamp":"2025-05-15T13:00:45.553Z","userId":0,"action":"view","resourceType":"Doctor","resourceId":"multiple","details":"MongoDB view on Doctor","userIp":"","userAgent":""}
{"timestamp":"2025-05-15T13:15:52.126Z","userId":"68232d2ef48a989182244092","action":"view","resourceType":"User","resourceId":"68232d2ef48a989182244092","details":"MongoDB view on User","userIp":"","userAgent":""}
{"timestamp":"2025-05-15T13:15:52.701Z","userId":"68232d2ef48a989182244092","action":"view","resourceType":"User","resourceId":"68232d2ef48a989182244092","details":"MongoDB view on User","userIp":"","userAgent":""}
{"timestamp":"2025-05-15T13:15:52.707Z","userId":"68232d2ef48a989182244092","action":"view","resourceType":"HealthData","resourceId":"latest","details":"MongoDB view on HealthData","userIp":"","userAgent":""}
{"timestamp":"2025-05-15T13:15:52.716Z","userId":"68232d2ef48a989182244092","action":"view","resourceType":"User","resourceId":"68232d2ef48a989182244092","details":"MongoDB view on User","userIp":"","userAgent":""}
{"timestamp":"2025-05-15T13:15:52.722Z","userId":"68232d2ef48a989182244092","action":"view","resourceType":"Reminder","resourceId":"multiple","details":"MongoDB view on Reminder","userIp":"","userAgent":""}
{"timestamp":"2025-05-15T13:16:10.992Z","userId":"68232d2ef48a989182244092","action":"view","resourceType":"User","resourceId":"68232d2ef48a989182244092","details":"MongoDB view on User","userIp":"","userAgent":""}
{"timestamp":"2025-05-15T13:16:10.995Z","userId":"68232d2ef48a989182244092","action":"view","resourceType":"User","resourceId":"68232d2ef48a989182244092","details":"MongoDB view on User","userIp":"","userAgent":""}
{"timestamp":"2025-05-15T13:16:11.008Z","userId":"68232d2ef48a989182244092","action":"view","resourceType":"User","resourceId":"68232d2ef48a989182244092","details":"MongoDB view on User","userIp":"","userAgent":""}
{"timestamp":"2025-05-15T13:16:11.011Z","userId":"68232d2ef48a989182244092","action":"view","resourceType":"User","resourceId":"68232d2ef48a989182244092","details":"MongoDB view on User","userIp":"","userAgent":""}
{"timestamp":"2025-05-15T13:16:11.020Z","userId":0,"action":"view","resourceType":"Doctor","resourceId":"multiple","details":"MongoDB view on Doctor","userIp":"","userAgent":""}
{"timestamp":"2025-05-15T13:16:11.037Z","userId":"68232d2ef48a989182244092","action":"view","resourceType":"AIInsight","resourceId":"multiple","details":"MongoDB view on AIInsight","userIp":"","userAgent":""}
{"timestamp":"2025-05-15T13:16:11.065Z","userId":"68232d2ef48a989182244092","action":"view","resourceType":"User","resourceId":"68232d2ef48a989182244092","details":"MongoDB view on User","userIp":"","userAgent":""}
{"timestamp":"2025-05-15T13:16:11.072Z","userId":"68232d2ef48a989182244092","action":"view","resourceType":"User","resourceId":"68232d2ef48a989182244092","details":"MongoDB view on User","userIp":"","userAgent":""}
{"timestamp":"2025-05-15T13:16:11.075Z","userId":"68232d2ef48a989182244092","action":"view","resourceType":"User","resourceId":"68232d2ef48a989182244092","details":"MongoDB view on User","userIp":"","userAgent":""}
{"timestamp":"2025-05-15T13:16:11.078Z","userId":"68232d2ef48a989182244092","action":"view","resourceType":"User","resourceId":"68232d2ef48a989182244092","details":"MongoDB view on User","userIp":"","userAgent":""}
{"timestamp":"2025-05-15T13:16:11.080Z","userId":"68232d2ef48a989182244092","action":"view","resourceType":"User","resourceId":"68232d2ef48a989182244092","details":"MongoDB view on User","userIp":"","userAgent":""}
{"timestamp":"2025-05-15T13:16:11.083Z","userId":0,"action":"view","resourceType":"Doctor","resourceId":"multiple","details":"MongoDB view on Doctor","userIp":"","userAgent":""}
{"timestamp":"2025-05-15T13:16:11.087Z","userId":"68232d2ef48a989182244092","action":"view","resourceType":"HealthData","resourceId":"latest","details":"MongoDB view on HealthData","userIp":"","userAgent":""}
{"timestamp":"2025-05-15T13:16:11.114Z","userId":"68232d2ef48a989182244092","action":"view","resourceType":"Reminder","resourceId":"multiple","details":"MongoDB view on Reminder","userIp":"","userAgent":""}
{"timestamp":"2025-05-15T13:18:05.543Z","userId":"68232d2ef48a989182244092","action":"view","resourceType":"User","resourceId":"68232d2ef48a989182244092","details":"MongoDB view on User","userIp":"","userAgent":""}
{"timestamp":"2025-05-15T13:18:05.581Z","userId":"68232d2ef48a989182244092","action":"view","resourceType":"User","resourceId":"68232d2ef48a989182244092","details":"MongoDB view on User","userIp":"","userAgent":""}
{"timestamp":"2025-05-15T13:18:05.600Z","userId":"68232d2ef48a989182244092","action":"view","resourceType":"User","resourceId":"68232d2ef48a989182244092","details":"MongoDB view on User","userIp":"","userAgent":""}
{"timestamp":"2025-05-15T13:18:05.605Z","userId":"68232d2ef48a989182244092","action":"view","resourceType":"User","resourceId":"68232d2ef48a989182244092","details":"MongoDB view on User","userIp":"","userAgent":""}
{"timestamp":"2025-05-15T13:18:05.629Z","userId":"68232d2ef48a989182244092","action":"view","resourceType":"User","resourceId":"68232d2ef48a989182244092","details":"MongoDB view on User","userIp":"","userAgent":""}
{"timestamp":"2025-05-15T13:18:05.631Z","userId":"68232d2ef48a989182244092","action":"view","resourceType":"User","resourceId":"68232d2ef48a989182244092","details":"MongoDB view on User","userIp":"","userAgent":""}
{"timestamp":"2025-05-15T13:18:05.633Z","userId":"68232d2ef48a989182244092","action":"view","resourceType":"User","resourceId":"68232d2ef48a989182244092","details":"MongoDB view on User","userIp":"","userAgent":""}
{"timestamp":"2025-05-15T13:18:05.639Z","userId":"68232d2ef48a989182244092","action":"view","resourceType":"HealthData","resourceId":"latest","details":"MongoDB view on HealthData","userIp":"","userAgent":""}
{"timestamp":"2025-05-15T13:18:05.645Z","userId":0,"action":"view","resourceType":"Doctor","resourceId":"multiple","details":"MongoDB view on Doctor","userIp":"","userAgent":""}
{"timestamp":"2025-05-15T13:18:05.665Z","userId":"68232d2ef48a989182244092","action":"view","resourceType":"Reminder","resourceId":"multiple","details":"MongoDB view on Reminder","userIp":"","userAgent":""}
{"timestamp":"2025-05-15T13:18:05.670Z","userId":"68232d2ef48a989182244092","action":"view","resourceType":"AIInsight","resourceId":"multiple","details":"MongoDB view on AIInsight","userIp":"","userAgent":""}
{"timestamp":"2025-05-15T13:21:10.634Z","userId":"68232d2ef48a989182244092","action":"view","resourceType":"User","resourceId":"68232d2ef48a989182244092","details":"MongoDB view on User","userIp":"","userAgent":""}
{"timestamp":"2025-05-15T13:21:10.978Z","userId":"68232d2ef48a989182244092","action":"view","resourceType":"User","resourceId":"68232d2ef48a989182244092","details":"MongoDB view on User","userIp":"","userAgent":""}
{"timestamp":"2025-05-15T13:21:10.983Z","userId":"68232d2ef48a989182244092","action":"view","resourceType":"HealthData","resourceId":"latest","details":"MongoDB view on HealthData","userIp":"","userAgent":""}
{"timestamp":"2025-05-15T13:21:10.987Z","userId":"68232d2ef48a989182244092","action":"view","resourceType":"User","resourceId":"68232d2ef48a989182244092","details":"MongoDB view on User","userIp":"","userAgent":""}
{"timestamp":"2025-05-15T13:21:11.000Z","userId":"68232d2ef48a989182244092","action":"view","resourceType":"User","resourceId":"68232d2ef48a989182244092","details":"MongoDB view on User","userIp":"","userAgent":""}
{"timestamp":"2025-05-15T13:21:11.003Z","userId":"68232d2ef48a989182244092","action":"view","resourceType":"User","resourceId":"68232d2ef48a989182244092","details":"MongoDB view on User","userIp":"","userAgent":""}
{"timestamp":"2025-05-15T13:21:11.006Z","userId":"68232d2ef48a989182244092","action":"view","resourceType":"User","resourceId":"68232d2ef48a989182244092","details":"MongoDB view on User","userIp":"","userAgent":""}
{"timestamp":"2025-05-15T13:21:11.012Z","userId":0,"action":"view","resourceType":"Doctor","resourceId":"multiple","details":"MongoDB view on Doctor","userIp":"","userAgent":""}
{"timestamp":"2025-05-15T13:21:11.019Z","userId":"68232d2ef48a989182244092","action":"view","resourceType":"Reminder","resourceId":"multiple","details":"MongoDB view on Reminder","userIp":"","userAgent":""}
{"timestamp":"2025-05-15T13:21:11.024Z","userId":"68232d2ef48a989182244092","action":"view","resourceType":"User","resourceId":"68232d2ef48a989182244092","details":"MongoDB view on User","userIp":"","userAgent":""}
{"timestamp":"2025-05-15T13:21:11.036Z","userId":"68232d2ef48a989182244092","action":"view","resourceType":"AIInsight","resourceId":"multiple","details":"MongoDB view on AIInsight","userIp":"","userAgent":""}
{"timestamp":"2025-05-15T13:21:11.079Z","userId":"68232d2ef48a989182244092","action":"view","resourceType":"User","resourceId":"68232d2ef48a989182244092","details":"MongoDB view on User","userIp":"","userAgent":""}
{"timestamp":"2025-05-15T13:21:11.082Z","userId":"68232d2ef48a989182244092","action":"view","resourceType":"User","resourceId":"68232d2ef48a989182244092","details":"MongoDB view on User","userIp":"","userAgent":""}
{"timestamp":"2025-05-15T13:21:11.086Z","userId":"68232d2ef48a989182244092","action":"view","resourceType":"HealthData","resourceId":"latest","details":"MongoDB view on HealthData","userIp":"","userAgent":""}
{"timestamp":"2025-05-15T13:21:17.691Z","userId":"68232d2ef48a989182244092","action":"view","resourceType":"User","resourceId":"68232d2ef48a989182244092","details":"MongoDB view on User","userIp":"","userAgent":""}
{"timestamp":"2025-05-15T13:21:18.003Z","userId":"68232d2ef48a989182244092","action":"view","resourceType":"User","resourceId":"68232d2ef48a989182244092","details":"MongoDB view on User","userIp":"","userAgent":""}
{"timestamp":"2025-05-15T13:21:18.005Z","userId":"68232d2ef48a989182244092","action":"view","resourceType":"User","resourceId":"68232d2ef48a989182244092","details":"MongoDB view on User","userIp":"","userAgent":""}
{"timestamp":"2025-05-15T13:21:18.011Z","userId":"68232d2ef48a989182244092","action":"view","resourceType":"HealthData","resourceId":"latest","details":"MongoDB view on HealthData","userIp":"","userAgent":""}
{"timestamp":"2025-05-15T13:21:18.017Z","userId":"68232d2ef48a989182244092","action":"view","resourceType":"User","resourceId":"68232d2ef48a989182244092","details":"MongoDB view on User","userIp":"","userAgent":""}
{"timestamp":"2025-05-15T13:21:18.020Z","userId":"68232d2ef48a989182244092","action":"view","resourceType":"User","resourceId":"68232d2ef48a989182244092","details":"MongoDB view on User","userIp":"","userAgent":""}
{"timestamp":"2025-05-15T13:21:18.023Z","userId":"68232d2ef48a989182244092","action":"view","resourceType":"User","resourceId":"68232d2ef48a989182244092","details":"MongoDB view on User","userIp":"","userAgent":""}
{"timestamp":"2025-05-15T13:21:18.026Z","userId":"68232d2ef48a989182244092","action":"view","resourceType":"User","resourceId":"68232d2ef48a989182244092","details":"MongoDB view on User","userIp":"","userAgent":""}
{"timestamp":"2025-05-15T13:21:18.031Z","userId":"68232d2ef48a989182244092","action":"view","resourceType":"AIInsight","resourceId":"multiple","details":"MongoDB view on AIInsight","userIp":"","userAgent":""}
{"timestamp":"2025-05-15T13:21:18.035Z","userId":0,"action":"view","resourceType":"Doctor","resourceId":"multiple","details":"MongoDB view on Doctor","userIp":"","userAgent":""}
{"timestamp":"2025-05-15T13:21:18.057Z","userId":"68232d2ef48a989182244092","action":"view","resourceType":"Reminder","resourceId":"multiple","details":"MongoDB view on Reminder","userIp":"","userAgent":""}
{"timestamp":"2025-05-15T13:21:18.082Z","userId":"68232d2ef48a989182244092","action":"view","resourceType":"User","resourceId":"68232d2ef48a989182244092","details":"MongoDB view on User","userIp":"","userAgent":""}
{"timestamp":"2025-05-15T13:22:48.045Z","userId":"68232d2ef48a989182244092","action":"view","resourceType":"User","resourceId":"68232d2ef48a989182244092","details":"MongoDB view on User","userIp":"","userAgent":""}
{"timestamp":"2025-05-15T13:22:48.442Z","userId":"68232d2ef48a989182244092","action":"view","resourceType":"User","resourceId":"68232d2ef48a989182244092","details":"MongoDB view on User","userIp":"","userAgent":""}
{"timestamp":"2025-05-15T13:22:48.447Z","userId":"68232d2ef48a989182244092","action":"view","resourceType":"HealthData","resourceId":"latest","details":"MongoDB view on HealthData","userIp":"","userAgent":""}
{"timestamp":"2025-05-15T13:22:48.457Z","userId":"68232d2ef48a989182244092","action":"view","resourceType":"User","resourceId":"68232d2ef48a989182244092","details":"MongoDB view on User","userIp":"","userAgent":""}
{"timestamp":"2025-05-15T13:22:48.459Z","userId":"68232d2ef48a989182244092","action":"view","resourceType":"User","resourceId":"68232d2ef48a989182244092","details":"MongoDB view on User","userIp":"","userAgent":""}
{"timestamp":"2025-05-15T13:22:48.461Z","userId":"68232d2ef48a989182244092","action":"view","resourceType":"User","resourceId":"68232d2ef48a989182244092","details":"MongoDB view on User","userIp":"","userAgent":""}
{"timestamp":"2025-05-15T13:22:48.463Z","userId":"68232d2ef48a989182244092","action":"view","resourceType":"User","resourceId":"68232d2ef48a989182244092","details":"MongoDB view on User","userIp":"","userAgent":""}
{"timestamp":"2025-05-15T13:22:48.465Z","userId":"68232d2ef48a989182244092","action":"view","resourceType":"User","resourceId":"68232d2ef48a989182244092","details":"MongoDB view on User","userIp":"","userAgent":""}
{"timestamp":"2025-05-15T13:22:48.475Z","userId":"68232d2ef48a989182244092","action":"view","resourceType":"Reminder","resourceId":"multiple","details":"MongoDB view on Reminder","userIp":"","userAgent":""}
{"timestamp":"2025-05-15T13:22:48.504Z","userId":0,"action":"view","resourceType":"Doctor","resourceId":"multiple","details":"MongoDB view on Doctor","userIp":"","userAgent":""}
{"timestamp":"2025-05-15T13:22:48.507Z","userId":"68232d2ef48a989182244092","action":"view","resourceType":"AIInsight","resourceId":"multiple","details":"MongoDB view on AIInsight","userIp":"","userAgent":""}
{"timestamp":"2025-05-15T13:22:48.537Z","userId":"68232d2ef48a989182244092","action":"view","resourceType":"User","resourceId":"68232d2ef48a989182244092","details":"MongoDB view on User","userIp":"","userAgent":""}
{"timestamp":"2025-05-15T13:22:52.833Z","userId":"68232d2ef48a989182244092","action":"view","resourceType":"User","resourceId":"68232d2ef48a989182244092","details":"MongoDB view on User","userIp":"","userAgent":""}
{"timestamp":"2025-05-15T13:22:52.865Z","userId":"68232d2ef48a989182244092","action":"view","resourceType":"User","resourceId":"68232d2ef48a989182244092","details":"MongoDB view on User","userIp":"","userAgent":""}
{"timestamp":"2025-05-15T13:22:52.870Z","userId":"68232d2ef48a989182244092","action":"view","resourceType":"Reminder","resourceId":"multiple","details":"MongoDB view on Reminder","userIp":"","userAgent":""}
{"timestamp":"2025-05-15T13:23:14.131Z","userId":"68232d2ef48a989182244092","action":"view","resourceType":"User","resourceId":"68232d2ef48a989182244092","details":"MongoDB view on User","userIp":"","userAgent":""}
{"timestamp":"2025-05-15T13:23:14.159Z","userId":"68232d2ef48a989182244092","action":"view","resourceType":"User","resourceId":"68232d2ef48a989182244092","details":"MongoDB view on User","userIp":"","userAgent":""}
{"timestamp":"2025-05-15T13:23:14.163Z","userId":"68232d2ef48a989182244092","action":"view","resourceType":"Reminder","resourceId":"multiple","details":"MongoDB view on Reminder","userIp":"","userAgent":""}
{"timestamp":"2025-05-15T13:23:15.861Z","userId":"68232d2ef48a989182244092","action":"view","resourceType":"User","resourceId":"68232d2ef48a989182244092","details":"MongoDB view on User","userIp":"","userAgent":""}
{"timestamp":"2025-05-15T13:23:15.894Z","userId":"68232d2ef48a989182244092","action":"view","resourceType":"User","resourceId":"68232d2ef48a989182244092","details":"MongoDB view on User","userIp":"","userAgent":""}
{"timestamp":"2025-05-15T13:23:15.902Z","userId":"68232d2ef48a989182244092","action":"view","resourceType":"Reminder","resourceId":"multiple","details":"MongoDB view on Reminder","userIp":"","userAgent":""}
{"timestamp":"2025-05-15T13:23:46.783Z","userId":"68232d2ef48a989182244092","action":"view","resourceType":"User","resourceId":"68232d2ef48a989182244092","details":"MongoDB view on User","userIp":"","userAgent":""}
{"timestamp":"2025-05-15T13:23:47.075Z","userId":"68232d2ef48a989182244092","action":"view","resourceType":"User","resourceId":"68232d2ef48a989182244092","details":"MongoDB view on User","userIp":"","userAgent":""}
{"timestamp":"2025-05-15T13:23:47.081Z","userId":"68232d2ef48a989182244092","action":"view","resourceType":"HealthData","resourceId":"latest","details":"MongoDB view on HealthData","userIp":"","userAgent":""}
{"timestamp":"2025-05-15T13:23:47.083Z","userId":"68232d2ef48a989182244092","action":"view","resourceType":"User","resourceId":"68232d2ef48a989182244092","details":"MongoDB view on User","userIp":"","userAgent":""}
{"timestamp":"2025-05-15T13:23:47.096Z","userId":"68232d2ef48a989182244092","action":"view","resourceType":"Reminder","resourceId":"multiple","details":"MongoDB view on Reminder","userIp":"","userAgent":""}
{"timestamp":"2025-05-15T13:24:30.064Z","userId":"68232d2ef48a989182244092","action":"view","resourceType":"User","resourceId":"68232d2ef48a989182244092","details":"MongoDB view on User","userIp":"","userAgent":""}
{"timestamp":"2025-05-15T13:24:30.069Z","userId":"68232d2ef48a989182244092","action":"view","resourceType":"AIInsight","resourceId":"multiple","details":"MongoDB view on AIInsight","userIp":"","userAgent":""}
{"timestamp":"2025-05-15T13:24:30.076Z","userId":"68232d2ef48a989182244092","action":"view","resourceType":"User","resourceId":"68232d2ef48a989182244092","details":"MongoDB view on User","userIp":"","userAgent":""}
{"timestamp":"2025-05-15T13:24:30.079Z","userId":"68232d2ef48a989182244092","action":"view","resourceType":"User","resourceId":"68232d2ef48a989182244092","details":"MongoDB view on User","userIp":"","userAgent":""}
{"timestamp":"2025-05-15T13:24:30.081Z","userId":"68232d2ef48a989182244092","action":"view","resourceType":"User","resourceId":"68232d2ef48a989182244092","details":"MongoDB view on User","userIp":"","userAgent":""}
{"timestamp":"2025-05-15T13:24:30.100Z","userId":0,"action":"view","resourceType":"Doctor","resourceId":"multiple","details":"MongoDB view on Doctor","userIp":"","userAgent":""}
{"timestamp":"2025-05-15T13:24:30.130Z","userId":"68232d2ef48a989182244092","action":"view","resourceType":"User","resourceId":"68232d2ef48a989182244092","details":"MongoDB view on User","userIp":"","userAgent":""}
{"timestamp":"2025-05-15T13:24:30.134Z","userId":"68232d2ef48a989182244092","action":"view","resourceType":"User","resourceId":"68232d2ef48a989182244092","details":"MongoDB view on User","userIp":"","userAgent":""}
{"timestamp":"2025-05-15T13:24:30.144Z","userId":"68232d2ef48a989182244092","action":"view","resourceType":"User","resourceId":"68232d2ef48a989182244092","details":"MongoDB view on User","userIp":"","userAgent":""}
{"timestamp":"2025-05-15T13:24:30.146Z","userId":"68232d2ef48a989182244092","action":"view","resourceType":"User","resourceId":"68232d2ef48a989182244092","details":"MongoDB view on User","userIp":"","userAgent":""}
{"timestamp":"2025-05-15T13:24:30.148Z","userId":"68232d2ef48a989182244092","action":"view","resourceType":"User","resourceId":"68232d2ef48a989182244092","details":"MongoDB view on User","userIp":"","userAgent":""}
{"timestamp":"2025-05-15T13:24:30.152Z","userId":"68232d2ef48a989182244092","action":"view","resourceType":"HealthData","resourceId":"latest","details":"MongoDB view on HealthData","userIp":"","userAgent":""}
{"timestamp":"2025-05-15T13:24:30.156Z","userId":"68232d2ef48a989182244092","action":"view","resourceType":"Reminder","resourceId":"multiple","details":"MongoDB view on Reminder","userIp":"","userAgent":""}
{"timestamp":"2025-05-15T13:24:30.160Z","userId":"68232d2ef48a989182244092","action":"view","resourceType":"AIInsight","resourceId":"multiple","details":"MongoDB view on AIInsight","userIp":"","userAgent":""}
{"timestamp":"2025-05-15T13:30:16.489Z","userId":"68232d2ef48a989182244092","action":"view","resourceType":"User","resourceId":"68232d2ef48a989182244092","details":"MongoDB view on User","userIp":"","userAgent":""}
{"timestamp":"2025-05-15T13:30:16.530Z","userId":"68232d2ef48a989182244092","action":"view","resourceType":"User","resourceId":"68232d2ef48a989182244092","details":"MongoDB view on User","userIp":"","userAgent":""}
{"timestamp":"2025-05-15T13:30:16.543Z","userId":"68232d2ef48a989182244092","action":"view","resourceType":"User","resourceId":"68232d2ef48a989182244092","details":"MongoDB view on User","userIp":"","userAgent":""}
{"timestamp":"2025-05-15T13:30:16.546Z","userId":"68232d2ef48a989182244092","action":"view","resourceType":"User","resourceId":"68232d2ef48a989182244092","details":"MongoDB view on User","userIp":"","userAgent":""}
{"timestamp":"2025-05-15T13:30:16.548Z","userId":"68232d2ef48a989182244092","action":"view","resourceType":"User","resourceId":"68232d2ef48a989182244092","details":"MongoDB view on User","userIp":"","userAgent":""}
{"timestamp":"2025-05-15T13:30:16.555Z","userId":"68232d2ef48a989182244092","action":"view","resourceType":"HealthData","resourceId":"latest","details":"MongoDB view on HealthData","userIp":"","userAgent":""}
{"timestamp":"2025-05-15T13:30:16.558Z","userId":"68232d2ef48a989182244092","action":"view","resourceType":"AIInsight","resourceId":"multiple","details":"MongoDB view on AIInsight","userIp":"","userAgent":""}
{"timestamp":"2025-05-15T13:30:16.560Z","userId":"68232d2ef48a989182244092","action":"view","resourceType":"User","resourceId":"68232d2ef48a989182244092","details":"MongoDB view on User","userIp":"","userAgent":""}
{"timestamp":"2025-05-15T13:30:16.562Z","userId":"68232d2ef48a989182244092","action":"view","resourceType":"User","resourceId":"68232d2ef48a989182244092","details":"MongoDB view on User","userIp":"","userAgent":""}
{"timestamp":"2025-05-15T13:30:16.583Z","userId":0,"action":"view","resourceType":"Doctor","resourceId":"multiple","details":"MongoDB view on Doctor","userIp":"","userAgent":""}
{"timestamp":"2025-05-15T13:30:16.588Z","userId":"68232d2ef48a989182244092","action":"view","resourceType":"Reminder","resourceId":"multiple","details":"MongoDB view on Reminder","userIp":"","userAgent":""}
{"timestamp":"2025-05-15T13:32:07.999Z","userId":"68232d2ef48a989182244092","action":"view","resourceType":"User","resourceId":"68232d2ef48a989182244092","details":"MongoDB view on User","userIp":"","userAgent":""}
{"timestamp":"2025-05-15T13:32:08.048Z","userId":"68232d2ef48a989182244092","action":"view","resourceType":"User","resourceId":"68232d2ef48a989182244092","details":"MongoDB view on User","userIp":"","userAgent":""}
{"timestamp":"2025-05-15T13:32:08.051Z","userId":"68232d2ef48a989182244092","action":"view","resourceType":"User","resourceId":"68232d2ef48a989182244092","details":"MongoDB view on User","userIp":"","userAgent":""}
{"timestamp":"2025-05-15T13:32:08.053Z","userId":"68232d2ef48a989182244092","action":"view","resourceType":"User","resourceId":"68232d2ef48a989182244092","details":"MongoDB view on User","userIp":"","userAgent":""}
{"timestamp":"2025-05-15T13:32:08.055Z","userId":"68232d2ef48a989182244092","action":"view","resourceType":"User","resourceId":"68232d2ef48a989182244092","details":"MongoDB view on User","userIp":"","userAgent":""}
{"timestamp":"2025-05-15T13:32:08.063Z","userId":"68232d2ef48a989182244092","action":"view","resourceType":"AIInsight","resourceId":"multiple","details":"MongoDB view on AIInsight","userIp":"","userAgent":""}
{"timestamp":"2025-05-15T13:32:08.067Z","userId":"68232d2ef48a989182244092","action":"view","resourceType":"User","resourceId":"68232d2ef48a989182244092","details":"MongoDB view on User","userIp":"","userAgent":""}
{"timestamp":"2025-05-15T13:32:08.070Z","userId":"68232d2ef48a989182244092","action":"view","resourceType":"User","resourceId":"68232d2ef48a989182244092","details":"MongoDB view on User","userIp":"","userAgent":""}
{"timestamp":"2025-05-15T13:32:08.076Z","userId":"68232d2ef48a989182244092","action":"view","resourceType":"Reminder","resourceId":"multiple","details":"MongoDB view on Reminder","userIp":"","userAgent":""}
{"timestamp":"2025-05-15T13:32:08.095Z","userId":0,"action":"view","resourceType":"Doctor","resourceId":"multiple","details":"MongoDB view on Doctor","userIp":"","userAgent":""}
{"timestamp":"2025-05-15T13:32:08.099Z","userId":"68232d2ef48a989182244092","action":"view","resourceType":"HealthData","resourceId":"latest","details":"MongoDB view on HealthData","userIp":"","userAgent":""}
{"timestamp":"2025-05-15T13:34:19.262Z","userId":"68232d2ef48a989182244092","action":"view","resourceType":"User","resourceId":"68232d2ef48a989182244092","details":"MongoDB view on User","userIp":"","userAgent":""}
{"timestamp":"2025-05-15T13:34:19.309Z","userId":"68232d2ef48a989182244092","action":"view","resourceType":"User","resourceId":"68232d2ef48a989182244092","details":"MongoDB view on User","userIp":"","userAgent":""}
{"timestamp":"2025-05-15T13:34:19.322Z","userId":"68232d2ef48a989182244092","action":"view","resourceType":"User","resourceId":"68232d2ef48a989182244092","details":"MongoDB view on User","userIp":"","userAgent":""}
{"timestamp":"2025-05-15T13:34:19.324Z","userId":"68232d2ef48a989182244092","action":"view","resourceType":"User","resourceId":"68232d2ef48a989182244092","details":"MongoDB view on User","userIp":"","userAgent":""}
{"timestamp":"2025-05-15T13:34:19.327Z","userId":"68232d2ef48a989182244092","action":"view","resourceType":"User","resourceId":"68232d2ef48a989182244092","details":"MongoDB view on User","userIp":"","userAgent":""}
{"timestamp":"2025-05-15T13:34:19.330Z","userId":"68232d2ef48a989182244092","action":"view","resourceType":"User","resourceId":"68232d2ef48a989182244092","details":"MongoDB view on User","userIp":"","userAgent":""}
{"timestamp":"2025-05-15T13:34:19.331Z","userId":"68232d2ef48a989182244092","action":"view","resourceType":"User","resourceId":"68232d2ef48a989182244092","details":"MongoDB view on User","userIp":"","userAgent":""}
{"timestamp":"2025-05-15T13:34:19.335Z","userId":"68232d2ef48a989182244092","action":"view","resourceType":"Reminder","resourceId":"multiple","details":"MongoDB view on Reminder","userIp":"","userAgent":""}
{"timestamp":"2025-05-15T13:34:19.339Z","userId":"68232d2ef48a989182244092","action":"view","resourceType":"AIInsight","resourceId":"multiple","details":"MongoDB view on AIInsight","userIp":"","userAgent":""}
{"timestamp":"2025-05-15T13:34:19.358Z","userId":"68232d2ef48a989182244092","action":"view","resourceType":"HealthData","resourceId":"latest","details":"MongoDB view on HealthData","userIp":"","userAgent":""}
{"timestamp":"2025-05-15T13:34:19.362Z","userId":0,"action":"view","resourceType":"Doctor","resourceId":"multiple","details":"MongoDB view on Doctor","userIp":"","userAgent":""}
