{"timestamp":"2025-05-13T05:55:40.289Z","userId":0,"action":"view","resourceType":"User","resourceId":"sasu","details":"MongoDB view on User","userIp":"","userAgent":""}
{"timestamp":"2025-05-13T05:55:40.574Z","userId":"6820835324ca497853ab48da","action":"view","resourceType":"User","resourceId":"6820835324ca497853ab48da","details":"MongoDB view on User","userIp":"","userAgent":""}
{"timestamp":"2025-05-13T05:55:40.588Z","userId":"6820835324ca497853ab48da","action":"view","resourceType":"User","resourceId":"6820835324ca497853ab48da","details":"MongoDB view on User","userIp":"","userAgent":""}
{"timestamp":"2025-05-13T05:55:40.600Z","userId":"6820835324ca497853ab48da","action":"view","resourceType":"HealthData","resourceId":"latest","details":"MongoDB view on HealthData","userIp":"","userAgent":""}
{"timestamp":"2025-05-13T05:55:40.906Z","userId":"6820835324ca497853ab48da","action":"view","resourceType":"User","resourceId":"6820835324ca497853ab48da","details":"MongoDB view on User","userIp":"","userAgent":""}
{"timestamp":"2025-05-13T05:55:40.914Z","userId":"6820835324ca497853ab48da","action":"view","resourceType":"User","resourceId":"6820835324ca497853ab48da","details":"MongoDB view on User","userIp":"","userAgent":""}
{"timestamp":"2025-05-13T05:55:40.922Z","userId":"6820835324ca497853ab48da","action":"view","resourceType":"User","resourceId":"6820835324ca497853ab48da","details":"MongoDB view on User","userIp":"","userAgent":""}
{"timestamp":"2025-05-13T05:55:40.928Z","userId":"6820835324ca497853ab48da","action":"view","resourceType":"User","resourceId":"6820835324ca497853ab48da","details":"MongoDB view on User","userIp":"","userAgent":""}
{"timestamp":"2025-05-13T05:55:40.964Z","userId":6820835324,"action":"view","resourceType":"Reminder","resourceId":"multiple","details":"MongoDB view on Reminder","userIp":"","userAgent":""}
{"timestamp":"2025-05-13T05:55:40.985Z","userId":"6820835324ca497853ab48da","action":"view","resourceType":"AIInsight","resourceId":"multiple","details":"MongoDB view on AIInsight","userIp":"","userAgent":""}
{"timestamp":"2025-05-13T05:55:41.059Z","userId":6820835324,"action":"view","resourceType":"Goal","resourceId":"multiple","details":"MongoDB view on Goal","userIp":"","userAgent":""}
{"timestamp":"2025-05-13T05:55:41.081Z","userId":"6820835324ca497853ab48da","action":"view","resourceType":"User","resourceId":"6820835324ca497853ab48da","details":"MongoDB view on User","userIp":"","userAgent":""}
{"timestamp":"2025-05-13T05:55:41.097Z","userId":0,"action":"view","resourceType":"Doctor","resourceId":"multiple","details":"MongoDB view on Doctor","userIp":"","userAgent":""}
{"timestamp":"2025-05-13T05:55:41.127Z","userId":"6820835324ca497853ab48da","action":"view","resourceType":"User","resourceId":"6820835324ca497853ab48da","details":"MongoDB view on User","userIp":"","userAgent":""}
{"timestamp":"2025-05-13T05:55:41.145Z","userId":"6820835324ca497853ab48da","action":"view","resourceType":"HealthData","resourceId":"latest","details":"MongoDB view on HealthData","userIp":"","userAgent":""}
{"timestamp":"2025-05-13T05:56:12.836Z","userId":"6820835324ca497853ab48da","action":"view","resourceType":"User","resourceId":"6820835324ca497853ab48da","details":"MongoDB view on User","userIp":"","userAgent":""}
{"timestamp":"2025-05-13T05:56:12.853Z","userId":"6820835324ca497853ab48da","action":"view","resourceType":"HealthData","resourceId":"multiple","details":"MongoDB view on HealthData","userIp":"","userAgent":""}
{"timestamp":"2025-05-13T05:56:32.152Z","userId":"6820835324ca497853ab48da","action":"view","resourceType":"User","resourceId":"6820835324ca497853ab48da","details":"MongoDB view on User","userIp":"","userAgent":""}
{"timestamp":"2025-05-13T05:56:32.295Z","userId":"6820835324ca497853ab48da","action":"view","resourceType":"User","resourceId":"6820835324ca497853ab48da","details":"MongoDB view on User","userIp":"","userAgent":""}
{"timestamp":"2025-05-13T05:56:32.327Z","userId":"6820835324ca497853ab48da","action":"view","resourceType":"User","resourceId":"6820835324ca497853ab48da","details":"MongoDB view on User","userIp":"","userAgent":""}
{"timestamp":"2025-05-13T05:56:32.335Z","userId":"6820835324ca497853ab48da","action":"view","resourceType":"User","resourceId":"6820835324ca497853ab48da","details":"MongoDB view on User","userIp":"","userAgent":""}
{"timestamp":"2025-05-13T05:56:32.341Z","userId":"6820835324ca497853ab48da","action":"view","resourceType":"User","resourceId":"6820835324ca497853ab48da","details":"MongoDB view on User","userIp":"","userAgent":""}
{"timestamp":"2025-05-13T05:56:32.347Z","userId":"6820835324ca497853ab48da","action":"view","resourceType":"User","resourceId":"6820835324ca497853ab48da","details":"MongoDB view on User","userIp":"","userAgent":""}
{"timestamp":"2025-05-13T05:56:32.353Z","userId":"6820835324ca497853ab48da","action":"view","resourceType":"User","resourceId":"6820835324ca497853ab48da","details":"MongoDB view on User","userIp":"","userAgent":""}
{"timestamp":"2025-05-13T05:56:32.372Z","userId":"6820835324ca497853ab48da","action":"view","resourceType":"HealthData","resourceId":"latest","details":"MongoDB view on HealthData","userIp":"","userAgent":""}
{"timestamp":"2025-05-13T05:56:32.391Z","userId":"6820835324ca497853ab48da","action":"view","resourceType":"AIInsight","resourceId":"multiple","details":"MongoDB view on AIInsight","userIp":"","userAgent":""}
{"timestamp":"2025-05-13T05:56:32.405Z","userId":6820835324,"action":"view","resourceType":"Goal","resourceId":"multiple","details":"MongoDB view on Goal","userIp":"","userAgent":""}
{"timestamp":"2025-05-13T05:56:32.453Z","userId":0,"action":"view","resourceType":"Doctor","resourceId":"multiple","details":"MongoDB view on Doctor","userIp":"","userAgent":""}
{"timestamp":"2025-05-13T05:56:32.465Z","userId":6820835324,"action":"view","resourceType":"Reminder","resourceId":"multiple","details":"MongoDB view on Reminder","userIp":"","userAgent":""}
{"timestamp":"2025-05-13T06:07:18.252Z","userId":"6820835324ca497853ab48da","action":"view","resourceType":"User","resourceId":"6820835324ca497853ab48da","details":"MongoDB view on User","userIp":"","userAgent":""}
{"timestamp":"2025-05-13T06:07:44.151Z","userId":0,"action":"view","resourceType":"User","resourceId":"man","details":"MongoDB view on User","userIp":"","userAgent":""}
{"timestamp":"2025-05-13T06:07:44.158Z","userId":0,"action":"view","resourceType":"User","resourceId":"mna@abc.com","details":"MongoDB view on User","userIp":"","userAgent":""}
{"timestamp":"2025-05-13T06:07:44.251Z","userId":0,"action":"create","resourceType":"User","resourceId":"multiple","details":"MongoDB create on User","userIp":"","userAgent":""}
{"timestamp":"2025-05-13T06:07:44.412Z","userId":"6822e1b01266df8e90d0530d","action":"view","resourceType":"User","resourceId":"6822e1b01266df8e90d0530d","details":"MongoDB view on User","userIp":"","userAgent":""}
{"timestamp":"2025-05-13T06:07:44.421Z","userId":"6822e1b01266df8e90d0530d","action":"view","resourceType":"HealthData","resourceId":"latest","details":"MongoDB view on HealthData","userIp":"","userAgent":""}
{"timestamp":"2025-05-13T06:07:44.433Z","userId":"6822e1b01266df8e90d0530d","action":"view","resourceType":"User","resourceId":"6822e1b01266df8e90d0530d","details":"MongoDB view on User","userIp":"","userAgent":""}
{"timestamp":"2025-05-13T06:07:44.450Z","userId":"6822e1b01266df8e90d0530d","action":"view","resourceType":"User","resourceId":"6822e1b01266df8e90d0530d","details":"MongoDB view on User","userIp":"","userAgent":""}
{"timestamp":"2025-05-13T06:07:44.455Z","userId":"6822e1b01266df8e90d0530d","action":"view","resourceType":"User","resourceId":"6822e1b01266df8e90d0530d","details":"MongoDB view on User","userIp":"","userAgent":""}
{"timestamp":"2025-05-13T06:07:44.479Z","userId":0,"action":"view","resourceType":"Doctor","resourceId":"multiple","details":"MongoDB view on Doctor","userIp":"","userAgent":""}
{"timestamp":"2025-05-13T06:07:44.484Z","userId":"6822e1b01266df8e90d0530d","action":"view","resourceType":"User","resourceId":"6822e1b01266df8e90d0530d","details":"MongoDB view on User","userIp":"","userAgent":""}
{"timestamp":"2025-05-13T06:07:44.488Z","userId":"6822e1b01266df8e90d0530d","action":"view","resourceType":"User","resourceId":"6822e1b01266df8e90d0530d","details":"MongoDB view on User","userIp":"","userAgent":""}
{"timestamp":"2025-05-13T06:07:44.512Z","userId":6822,"action":"view","resourceType":"Reminder","resourceId":"multiple","details":"MongoDB view on Reminder","userIp":"","userAgent":""}
{"timestamp":"2025-05-13T06:07:44.520Z","userId":6822,"action":"view","resourceType":"Goal","resourceId":"multiple","details":"MongoDB view on Goal","userIp":"","userAgent":""}
{"timestamp":"2025-05-13T06:07:44.669Z","userId":"6822e1b01266df8e90d0530d","action":"view","resourceType":"AIInsight","resourceId":"multiple","details":"MongoDB view on AIInsight","userIp":"","userAgent":""}
{"timestamp":"2025-05-13T06:07:44.778Z","userId":"6822e1b01266df8e90d0530d","action":"view","resourceType":"User","resourceId":"6822e1b01266df8e90d0530d","details":"MongoDB view on User","userIp":"","userAgent":""}
{"timestamp":"2025-05-13T06:07:44.843Z","userId":"6822e1b01266df8e90d0530d","action":"view","resourceType":"User","resourceId":"6822e1b01266df8e90d0530d","details":"MongoDB view on User","userIp":"","userAgent":""}
{"timestamp":"2025-05-13T06:07:44.897Z","userId":"6822e1b01266df8e90d0530d","action":"view","resourceType":"User","resourceId":"6822e1b01266df8e90d0530d","details":"MongoDB view on User","userIp":"","userAgent":""}
{"timestamp":"2025-05-13T06:07:44.905Z","userId":"6822e1b01266df8e90d0530d","action":"view","resourceType":"User","resourceId":"6822e1b01266df8e90d0530d","details":"MongoDB view on User","userIp":"","userAgent":""}
{"timestamp":"2025-05-13T06:07:44.918Z","userId":"6822e1b01266df8e90d0530d","action":"view","resourceType":"User","resourceId":"6822e1b01266df8e90d0530d","details":"MongoDB view on User","userIp":"","userAgent":""}
{"timestamp":"2025-05-13T06:07:44.926Z","userId":"6822e1b01266df8e90d0530d","action":"view","resourceType":"User","resourceId":"6822e1b01266df8e90d0530d","details":"MongoDB view on User","userIp":"","userAgent":""}
{"timestamp":"2025-05-13T06:07:44.936Z","userId":0,"action":"view","resourceType":"Doctor","resourceId":"multiple","details":"MongoDB view on Doctor","userIp":"","userAgent":""}
{"timestamp":"2025-05-13T06:07:44.946Z","userId":"6822e1b01266df8e90d0530d","action":"view","resourceType":"AIInsight","resourceId":"multiple","details":"MongoDB view on AIInsight","userIp":"","userAgent":""}
{"timestamp":"2025-05-13T06:07:44.955Z","userId":6822,"action":"view","resourceType":"Goal","resourceId":"multiple","details":"MongoDB view on Goal","userIp":"","userAgent":""}
{"timestamp":"2025-05-13T06:07:44.965Z","userId":"6822e1b01266df8e90d0530d","action":"view","resourceType":"HealthData","resourceId":"latest","details":"MongoDB view on HealthData","userIp":"","userAgent":""}
{"timestamp":"2025-05-13T06:07:44.997Z","userId":6822,"action":"view","resourceType":"Reminder","resourceId":"multiple","details":"MongoDB view on Reminder","userIp":"","userAgent":""}
{"timestamp":"2025-05-13T06:08:08.410Z","userId":"6822e1b01266df8e90d0530d","action":"view","resourceType":"User","resourceId":"6822e1b01266df8e90d0530d","details":"MongoDB view on User","userIp":"","userAgent":""}
{"timestamp":"2025-05-13T06:08:08.419Z","userId":"6822e1b01266df8e90d0530d","action":"view","resourceType":"User","resourceId":"6822e1b01266df8e90d0530d","details":"MongoDB view on User","userIp":"","userAgent":""}
{"timestamp":"2025-05-13T06:08:08.434Z","userId":"6822e1b01266df8e90d0530d","action":"view","resourceType":"HealthData","resourceId":"latest","details":"MongoDB view on HealthData","userIp":"","userAgent":""}
{"timestamp":"2025-05-13T06:08:08.444Z","userId":"6822e1b01266df8e90d0530d","action":"view","resourceType":"HealthData","resourceId":"multiple","details":"MongoDB view on HealthData","userIp":"","userAgent":""}
{"timestamp":"2025-05-13T06:08:17.617Z","userId":"6822e1b01266df8e90d0530d","action":"view","resourceType":"User","resourceId":"6822e1b01266df8e90d0530d","details":"MongoDB view on User","userIp":"","userAgent":""}
{"timestamp":"2025-05-13T06:08:23.829Z","userId":0,"action":"view","resourceType":"User","resourceId":"sasu","details":"MongoDB view on User","userIp":"","userAgent":""}
{"timestamp":"2025-05-13T06:08:24.054Z","userId":"6820835324ca497853ab48da","action":"view","resourceType":"User","resourceId":"6820835324ca497853ab48da","details":"MongoDB view on User","userIp":"","userAgent":""}
{"timestamp":"2025-05-13T06:08:24.102Z","userId":"6820835324ca497853ab48da","action":"view","resourceType":"User","resourceId":"6820835324ca497853ab48da","details":"MongoDB view on User","userIp":"","userAgent":""}
{"timestamp":"2025-05-13T06:08:24.112Z","userId":"6820835324ca497853ab48da","action":"view","resourceType":"User","resourceId":"6820835324ca497853ab48da","details":"MongoDB view on User","userIp":"","userAgent":""}
{"timestamp":"2025-05-13T06:08:24.120Z","userId":"6820835324ca497853ab48da","action":"view","resourceType":"User","resourceId":"6820835324ca497853ab48da","details":"MongoDB view on User","userIp":"","userAgent":""}
{"timestamp":"2025-05-13T06:08:24.124Z","userId":"6820835324ca497853ab48da","action":"view","resourceType":"User","resourceId":"6820835324ca497853ab48da","details":"MongoDB view on User","userIp":"","userAgent":""}
{"timestamp":"2025-05-13T06:08:24.159Z","userId":"6820835324ca497853ab48da","action":"view","resourceType":"HealthData","resourceId":"latest","details":"MongoDB view on HealthData","userIp":"","userAgent":""}
{"timestamp":"2025-05-13T06:08:24.172Z","userId":"6820835324ca497853ab48da","action":"view","resourceType":"AIInsight","resourceId":"multiple","details":"MongoDB view on AIInsight","userIp":"","userAgent":""}
{"timestamp":"2025-05-13T06:08:24.190Z","userId":6820835324,"action":"view","resourceType":"Goal","resourceId":"multiple","details":"MongoDB view on Goal","userIp":"","userAgent":""}
{"timestamp":"2025-05-13T06:08:24.253Z","userId":6820835324,"action":"view","resourceType":"Reminder","resourceId":"multiple","details":"MongoDB view on Reminder","userIp":"","userAgent":""}
{"timestamp":"2025-05-13T06:08:24.284Z","userId":"6820835324ca497853ab48da","action":"view","resourceType":"User","resourceId":"6820835324ca497853ab48da","details":"MongoDB view on User","userIp":"","userAgent":""}
{"timestamp":"2025-05-13T06:08:24.302Z","userId":"6820835324ca497853ab48da","action":"view","resourceType":"User","resourceId":"6820835324ca497853ab48da","details":"MongoDB view on User","userIp":"","userAgent":""}
{"timestamp":"2025-05-13T06:08:24.316Z","userId":0,"action":"view","resourceType":"Doctor","resourceId":"multiple","details":"MongoDB view on Doctor","userIp":"","userAgent":""}
{"timestamp":"2025-05-13T06:08:24.331Z","userId":"6820835324ca497853ab48da","action":"view","resourceType":"User","resourceId":"6820835324ca497853ab48da","details":"MongoDB view on User","userIp":"","userAgent":""}
{"timestamp":"2025-05-13T06:08:24.335Z","userId":"6820835324ca497853ab48da","action":"view","resourceType":"User","resourceId":"6820835324ca497853ab48da","details":"MongoDB view on User","userIp":"","userAgent":""}
{"timestamp":"2025-05-13T06:08:24.351Z","userId":"6820835324ca497853ab48da","action":"view","resourceType":"HealthData","resourceId":"latest","details":"MongoDB view on HealthData","userIp":"","userAgent":""}
{"timestamp":"2025-05-13T06:08:24.398Z","userId":"6820835324ca497853ab48da","action":"view","resourceType":"User","resourceId":"6820835324ca497853ab48da","details":"MongoDB view on User","userIp":"","userAgent":""}
{"timestamp":"2025-05-13T06:08:24.414Z","userId":"6820835324ca497853ab48da","action":"view","resourceType":"AIInsight","resourceId":"multiple","details":"MongoDB view on AIInsight","userIp":"","userAgent":""}
{"timestamp":"2025-05-13T06:08:24.436Z","userId":6820835324,"action":"view","resourceType":"Goal","resourceId":"multiple","details":"MongoDB view on Goal","userIp":"","userAgent":""}
{"timestamp":"2025-05-13T06:08:29.473Z","userId":"6820835324ca497853ab48da","action":"view","resourceType":"User","resourceId":"6820835324ca497853ab48da","details":"MongoDB view on User","userIp":"","userAgent":""}
{"timestamp":"2025-05-13T06:08:29.483Z","userId":"6820835324ca497853ab48da","action":"view","resourceType":"HealthData","resourceId":"multiple","details":"MongoDB view on HealthData","userIp":"","userAgent":""}
{"timestamp":"2025-05-13T06:32:59.930Z","userId":"6820835324ca497853ab48da","action":"view","resourceType":"User","resourceId":"6820835324ca497853ab48da","details":"MongoDB view on User","userIp":"","userAgent":""}
{"timestamp":"2025-05-13T06:33:00.300Z","userId":"6820835324ca497853ab48da","action":"view","resourceType":"User","resourceId":"6820835324ca497853ab48da","details":"MongoDB view on User","userIp":"","userAgent":""}
{"timestamp":"2025-05-13T06:33:00.305Z","userId":"6820835324ca497853ab48da","action":"view","resourceType":"HealthData","resourceId":"latest","details":"MongoDB view on HealthData","userIp":"","userAgent":""}
{"timestamp":"2025-05-13T06:33:00.312Z","userId":"6820835324ca497853ab48da","action":"view","resourceType":"User","resourceId":"6820835324ca497853ab48da","details":"MongoDB view on User","userIp":"","userAgent":""}
{"timestamp":"2025-05-13T06:33:00.314Z","userId":"6820835324ca497853ab48da","action":"view","resourceType":"User","resourceId":"6820835324ca497853ab48da","details":"MongoDB view on User","userIp":"","userAgent":""}
{"timestamp":"2025-05-13T06:33:00.324Z","userId":"6820835324ca497853ab48da","action":"view","resourceType":"User","resourceId":"6820835324ca497853ab48da","details":"MongoDB view on User","userIp":"","userAgent":""}
{"timestamp":"2025-05-13T06:33:00.332Z","userId":"6820835324ca497853ab48da","action":"view","resourceType":"User","resourceId":"6820835324ca497853ab48da","details":"MongoDB view on User","userIp":"","userAgent":""}
{"timestamp":"2025-05-13T06:33:00.335Z","userId":"6820835324ca497853ab48da","action":"view","resourceType":"User","resourceId":"6820835324ca497853ab48da","details":"MongoDB view on User","userIp":"","userAgent":""}
{"timestamp":"2025-05-13T06:33:00.341Z","userId":6820835324,"action":"view","resourceType":"Reminder","resourceId":"multiple","details":"MongoDB view on Reminder","userIp":"","userAgent":""}
{"timestamp":"2025-05-13T06:33:00.347Z","userId":6820835324,"action":"view","resourceType":"Goal","resourceId":"multiple","details":"MongoDB view on Goal","userIp":"","userAgent":""}
{"timestamp":"2025-05-13T06:33:00.352Z","userId":"6820835324ca497853ab48da","action":"view","resourceType":"AIInsight","resourceId":"multiple","details":"MongoDB view on AIInsight","userIp":"","userAgent":""}
{"timestamp":"2025-05-13T06:33:00.359Z","userId":0,"action":"view","resourceType":"Doctor","resourceId":"multiple","details":"MongoDB view on Doctor","userIp":"","userAgent":""}
{"timestamp":"2025-05-13T06:33:04.195Z","userId":"6820835324ca497853ab48da","action":"view","resourceType":"User","resourceId":"6820835324ca497853ab48da","details":"MongoDB view on User","userIp":"","userAgent":""}
{"timestamp":"2025-05-13T06:33:04.303Z","userId":"6820835324ca497853ab48da","action":"view","resourceType":"User","resourceId":"6820835324ca497853ab48da","details":"MongoDB view on User","userIp":"","userAgent":""}
{"timestamp":"2025-05-13T06:33:07.797Z","userId":"6820835324ca497853ab48da","action":"view","resourceType":"User","resourceId":"6820835324ca497853ab48da","details":"MongoDB view on User","userIp":"","userAgent":""}
{"timestamp":"2025-05-13T06:33:07.812Z","userId":"6820835324ca497853ab48da","action":"view","resourceType":"User","resourceId":"6820835324ca497853ab48da","details":"MongoDB view on User","userIp":"","userAgent":""}
{"timestamp":"2025-05-13T06:33:07.819Z","userId":"6820835324ca497853ab48da","action":"view","resourceType":"User","resourceId":"6820835324ca497853ab48da","details":"MongoDB view on User","userIp":"","userAgent":""}
{"timestamp":"2025-05-13T06:33:07.833Z","userId":"6820835324ca497853ab48da","action":"view","resourceType":"HealthData","resourceId":"latest","details":"MongoDB view on HealthData","userIp":"","userAgent":""}
{"timestamp":"2025-05-13T06:33:07.847Z","userId":"6820835324ca497853ab48da","action":"view","resourceType":"AIInsight","resourceId":"multiple","details":"MongoDB view on AIInsight","userIp":"","userAgent":""}
{"timestamp":"2025-05-13T06:33:07.858Z","userId":"6820835324ca497853ab48da","action":"view","resourceType":"HealthData","resourceId":"multiple","details":"MongoDB view on HealthData","userIp":"","userAgent":""}
{"timestamp":"2025-05-13T06:33:07.968Z","userId":"6820835324ca497853ab48da","action":"view","resourceType":"User","resourceId":"6820835324ca497853ab48da","details":"MongoDB view on User","userIp":"","userAgent":""}
{"timestamp":"2025-05-13T06:33:08.569Z","userId":"6820835324ca497853ab48da","action":"view","resourceType":"User","resourceId":"6820835324ca497853ab48da","details":"MongoDB view on User","userIp":"","userAgent":""}
{"timestamp":"2025-05-13T06:33:11.602Z","userId":"6820835324ca497853ab48da","action":"view","resourceType":"HealthData","resourceId":"latest","details":"MongoDB view on HealthData","userIp":"","userAgent":""}
{"timestamp":"2025-05-13T06:33:11.994Z","userId":"6820835324ca497853ab48da","action":"view","resourceType":"User","resourceId":"6820835324ca497853ab48da","details":"MongoDB view on User","userIp":"","userAgent":""}
{"timestamp":"2025-05-13T06:33:12.003Z","userId":"6820835324ca497853ab48da","action":"view","resourceType":"User","resourceId":"6820835324ca497853ab48da","details":"MongoDB view on User","userIp":"","userAgent":""}
{"timestamp":"2025-05-13T06:33:12.012Z","userId":"6820835324ca497853ab48da","action":"view","resourceType":"User","resourceId":"6820835324ca497853ab48da","details":"MongoDB view on User","userIp":"","userAgent":""}
{"timestamp":"2025-05-13T06:33:12.020Z","userId":"6820835324ca497853ab48da","action":"view","resourceType":"User","resourceId":"6820835324ca497853ab48da","details":"MongoDB view on User","userIp":"","userAgent":""}
{"timestamp":"2025-05-13T06:33:12.032Z","userId":"6820835324ca497853ab48da","action":"view","resourceType":"User","resourceId":"6820835324ca497853ab48da","details":"MongoDB view on User","userIp":"","userAgent":""}
{"timestamp":"2025-05-13T06:33:12.294Z","userId":"6820835324ca497853ab48da","action":"view","resourceType":"AIInsight","resourceId":"multiple","details":"MongoDB view on AIInsight","userIp":"","userAgent":""}
{"timestamp":"2025-05-13T06:33:12.308Z","userId":0,"action":"view","resourceType":"Doctor","resourceId":"multiple","details":"MongoDB view on Doctor","userIp":"","userAgent":""}
{"timestamp":"2025-05-13T06:33:12.324Z","userId":6820835324,"action":"view","resourceType":"Reminder","resourceId":"multiple","details":"MongoDB view on Reminder","userIp":"","userAgent":""}
{"timestamp":"2025-05-13T06:33:12.337Z","userId":6820835324,"action":"view","resourceType":"Goal","resourceId":"multiple","details":"MongoDB view on Goal","userIp":"","userAgent":""}
{"timestamp":"2025-05-13T07:45:49.061Z","userId":"6820835324ca497853ab48da","action":"view","resourceType":"User","resourceId":"6820835324ca497853ab48da","details":"MongoDB view on User","userIp":"","userAgent":""}
{"timestamp":"2025-05-13T07:45:49.079Z","userId":"6820835324ca497853ab48da","action":"view","resourceType":"User","resourceId":"6820835324ca497853ab48da","details":"MongoDB view on User","userIp":"","userAgent":""}
{"timestamp":"2025-05-13T07:45:49.726Z","userId":"6820835324ca497853ab48da","action":"view","resourceType":"User","resourceId":"6820835324ca497853ab48da","details":"MongoDB view on User","userIp":"","userAgent":""}
{"timestamp":"2025-05-13T07:45:49.731Z","userId":"6820835324ca497853ab48da","action":"view","resourceType":"User","resourceId":"6820835324ca497853ab48da","details":"MongoDB view on User","userIp":"","userAgent":""}
{"timestamp":"2025-05-13T07:45:49.733Z","userId":"6820835324ca497853ab48da","action":"view","resourceType":"User","resourceId":"6820835324ca497853ab48da","details":"MongoDB view on User","userIp":"","userAgent":""}
{"timestamp":"2025-05-13T07:45:49.737Z","userId":"6820835324ca497853ab48da","action":"view","resourceType":"HealthData","resourceId":"latest","details":"MongoDB view on HealthData","userIp":"","userAgent":""}
{"timestamp":"2025-05-13T07:45:49.745Z","userId":"6820835324ca497853ab48da","action":"view","resourceType":"HealthData","resourceId":"multiple","details":"MongoDB view on HealthData","userIp":"","userAgent":""}
{"timestamp":"2025-05-13T07:45:49.748Z","userId":"6820835324ca497853ab48da","action":"view","resourceType":"AIInsight","resourceId":"multiple","details":"MongoDB view on AIInsight","userIp":"","userAgent":""}
{"timestamp":"2025-05-13T07:45:49.768Z","userId":"6820835324ca497853ab48da","action":"view","resourceType":"User","resourceId":"6820835324ca497853ab48da","details":"MongoDB view on User","userIp":"","userAgent":""}
{"timestamp":"2025-05-13T07:45:49.775Z","userId":"6820835324ca497853ab48da","action":"view","resourceType":"User","resourceId":"6820835324ca497853ab48da","details":"MongoDB view on User","userIp":"","userAgent":""}
{"timestamp":"2025-05-13T07:45:49.780Z","userId":"6820835324ca497853ab48da","action":"view","resourceType":"HealthData","resourceId":"latest","details":"MongoDB view on HealthData","userIp":"","userAgent":""}
{"timestamp":"2025-05-13T07:45:49.787Z","userId":"6820835324ca497853ab48da","action":"view","resourceType":"User","resourceId":"6820835324ca497853ab48da","details":"MongoDB view on User","userIp":"","userAgent":""}
{"timestamp":"2025-05-13T07:45:49.790Z","userId":"6820835324ca497853ab48da","action":"view","resourceType":"User","resourceId":"6820835324ca497853ab48da","details":"MongoDB view on User","userIp":"","userAgent":""}
{"timestamp":"2025-05-13T07:45:49.794Z","userId":"6820835324ca497853ab48da","action":"view","resourceType":"AIInsight","resourceId":"multiple","details":"MongoDB view on AIInsight","userIp":"","userAgent":""}
{"timestamp":"2025-05-13T07:45:49.800Z","userId":0,"action":"view","resourceType":"Doctor","resourceId":"multiple","details":"MongoDB view on Doctor","userIp":"","userAgent":""}
{"timestamp":"2025-05-13T07:45:49.808Z","userId":"6820835324ca497853ab48da","action":"view","resourceType":"User","resourceId":"6820835324ca497853ab48da","details":"MongoDB view on User","userIp":"","userAgent":""}
{"timestamp":"2025-05-13T07:45:49.811Z","userId":"6820835324ca497853ab48da","action":"view","resourceType":"User","resourceId":"6820835324ca497853ab48da","details":"MongoDB view on User","userIp":"","userAgent":""}
{"timestamp":"2025-05-13T07:45:49.818Z","userId":6820835324,"action":"view","resourceType":"Goal","resourceId":"multiple","details":"MongoDB view on Goal","userIp":"","userAgent":""}
{"timestamp":"2025-05-13T07:45:49.832Z","userId":6820835324,"action":"view","resourceType":"Reminder","resourceId":"multiple","details":"MongoDB view on Reminder","userIp":"","userAgent":""}
{"timestamp":"2025-05-13T07:45:49.902Z","userId":"6820835324ca497853ab48da","action":"view","resourceType":"User","resourceId":"6820835324ca497853ab48da","details":"MongoDB view on User","userIp":"","userAgent":""}
{"timestamp":"2025-05-13T07:45:49.911Z","userId":"6820835324ca497853ab48da","action":"view","resourceType":"User","resourceId":"6820835324ca497853ab48da","details":"MongoDB view on User","userIp":"","userAgent":""}
{"timestamp":"2025-05-13T07:45:49.916Z","userId":"6820835324ca497853ab48da","action":"view","resourceType":"User","resourceId":"6820835324ca497853ab48da","details":"MongoDB view on User","userIp":"","userAgent":""}
{"timestamp":"2025-05-13T07:45:49.919Z","userId":"6820835324ca497853ab48da","action":"view","resourceType":"User","resourceId":"6820835324ca497853ab48da","details":"MongoDB view on User","userIp":"","userAgent":""}
{"timestamp":"2025-05-13T07:45:49.923Z","userId":"6820835324ca497853ab48da","action":"view","resourceType":"User","resourceId":"6820835324ca497853ab48da","details":"MongoDB view on User","userIp":"","userAgent":""}
{"timestamp":"2025-05-13T07:45:49.926Z","userId":"6820835324ca497853ab48da","action":"view","resourceType":"AIInsight","resourceId":"multiple","details":"MongoDB view on AIInsight","userIp":"","userAgent":""}
{"timestamp":"2025-05-13T07:45:49.928Z","userId":"6820835324ca497853ab48da","action":"view","resourceType":"HealthData","resourceId":"latest","details":"MongoDB view on HealthData","userIp":"","userAgent":""}
{"timestamp":"2025-05-13T07:45:49.932Z","userId":0,"action":"view","resourceType":"Doctor","resourceId":"multiple","details":"MongoDB view on Doctor","userIp":"","userAgent":""}
{"timestamp":"2025-05-13T07:45:49.935Z","userId":6820835324,"action":"view","resourceType":"Goal","resourceId":"multiple","details":"MongoDB view on Goal","userIp":"","userAgent":""}
{"timestamp":"2025-05-13T09:38:11.272Z","userId":0,"action":"view","resourceType":"User","resourceId":"sasu","details":"MongoDB view on User","userIp":"","userAgent":""}
{"timestamp":"2025-05-13T09:38:53.864Z","userId":0,"action":"view","resourceType":"User","resourceId":"sasu","details":"MongoDB view on User","userIp":"","userAgent":""}
{"timestamp":"2025-05-13T09:40:50.894Z","userId":0,"action":"view","resourceType":"User","resourceId":"sasu","details":"MongoDB view on User","userIp":"","userAgent":""}
{"timestamp":"2025-05-13T09:48:11.683Z","userId":0,"action":"view","resourceType":"User","resourceId":"sasu","details":"MongoDB view on User","userIp":"","userAgent":""}
{"timestamp":"2025-05-13T10:00:01.155Z","userId":0,"action":"view","resourceType":"User","resourceId":"man","details":"MongoDB view on User","userIp":"","userAgent":""}
{"timestamp":"2025-05-13T10:36:37.324Z","userId":0,"action":"view","resourceType":"User","resourceId":"sasu","details":"MongoDB view on User","userIp":"","userAgent":""}
{"timestamp":"2025-05-13T11:10:50.305Z","userId":0,"action":"view","resourceType":"User","resourceId":"sasu","details":"MongoDB view on User","userIp":"","userAgent":""}
{"timestamp":"2025-05-13T11:12:41.806Z","userId":0,"action":"view","resourceType":"User","resourceId":"sasu","details":"MongoDB view on User","userIp":"","userAgent":""}
{"timestamp":"2025-05-13T11:13:05.482Z","userId":0,"action":"view","resourceType":"User","resourceId":"sasu","details":"MongoDB view on User","userIp":"","userAgent":""}
{"timestamp":"2025-05-13T11:13:12.001Z","userId":0,"action":"view","resourceType":"User","resourceId":"sasu","details":"MongoDB view on User","userIp":"","userAgent":""}
{"timestamp":"2025-05-13T11:13:16.119Z","userId":0,"action":"view","resourceType":"User","resourceId":"sasu","details":"MongoDB view on User","userIp":"","userAgent":""}
{"timestamp":"2025-05-13T11:16:13.361Z","userId":0,"action":"view","resourceType":"User","resourceId":"sasu","details":"MongoDB view on User","userIp":"","userAgent":""}
{"timestamp":"2025-05-13T11:26:14.000Z","userId":0,"action":"view","resourceType":"User","resourceId":"sasu","details":"MongoDB view on User","userIp":"","userAgent":""}
{"timestamp":"2025-05-13T11:26:14.232Z","userId":"68232ad8828bda58cee1736f","action":"view","resourceType":"User","resourceId":"68232ad8828bda58cee1736f","details":"MongoDB view on User","userIp":"","userAgent":""}
{"timestamp":"2025-05-13T11:26:14.242Z","userId":"68232ad8828bda58cee1736f","action":"view","resourceType":"User","resourceId":"68232ad8828bda58cee1736f","details":"MongoDB view on User","userIp":"","userAgent":""}
{"timestamp":"2025-05-13T11:26:14.244Z","userId":"68232ad8828bda58cee1736f","action":"view","resourceType":"User","resourceId":"68232ad8828bda58cee1736f","details":"MongoDB view on User","userIp":"","userAgent":""}
{"timestamp":"2025-05-13T11:26:14.247Z","userId":"68232ad8828bda58cee1736f","action":"view","resourceType":"User","resourceId":"68232ad8828bda58cee1736f","details":"MongoDB view on User","userIp":"","userAgent":""}
{"timestamp":"2025-05-13T11:26:14.251Z","userId":"68232ad8828bda58cee1736f","action":"view","resourceType":"HealthData","resourceId":"latest","details":"MongoDB view on HealthData","userIp":"","userAgent":""}
{"timestamp":"2025-05-13T11:26:14.258Z","userId":68232,"action":"view","resourceType":"Goal","resourceId":"multiple","details":"MongoDB view on Goal","userIp":"","userAgent":""}
{"timestamp":"2025-05-13T11:26:14.261Z","userId":"68232ad8828bda58cee1736f","action":"view","resourceType":"User","resourceId":"68232ad8828bda58cee1736f","details":"MongoDB view on User","userIp":"","userAgent":""}
{"timestamp":"2025-05-13T11:26:14.263Z","userId":"68232ad8828bda58cee1736f","action":"view","resourceType":"User","resourceId":"68232ad8828bda58cee1736f","details":"MongoDB view on User","userIp":"","userAgent":""}
{"timestamp":"2025-05-13T11:26:14.275Z","userId":0,"action":"view","resourceType":"Doctor","resourceId":"multiple","details":"MongoDB view on Doctor","userIp":"","userAgent":""}
{"timestamp":"2025-05-13T11:26:14.282Z","userId":68232,"action":"view","resourceType":"Reminder","resourceId":"multiple","details":"MongoDB view on Reminder","userIp":"","userAgent":""}
{"timestamp":"2025-05-13T11:26:14.310Z","userId":"68232ad8828bda58cee1736f","action":"view","resourceType":"AIInsight","resourceId":"multiple","details":"MongoDB view on AIInsight","userIp":"","userAgent":""}
{"timestamp":"2025-05-13T11:26:14.432Z","userId":"68232ad8828bda58cee1736f","action":"view","resourceType":"User","resourceId":"68232ad8828bda58cee1736f","details":"MongoDB view on User","userIp":"","userAgent":""}
{"timestamp":"2025-05-13T11:26:14.458Z","userId":"68232ad8828bda58cee1736f","action":"view","resourceType":"User","resourceId":"68232ad8828bda58cee1736f","details":"MongoDB view on User","userIp":"","userAgent":""}
{"timestamp":"2025-05-13T11:26:14.464Z","userId":"68232ad8828bda58cee1736f","action":"view","resourceType":"User","resourceId":"68232ad8828bda58cee1736f","details":"MongoDB view on User","userIp":"","userAgent":""}
{"timestamp":"2025-05-13T11:26:14.470Z","userId":"68232ad8828bda58cee1736f","action":"view","resourceType":"User","resourceId":"68232ad8828bda58cee1736f","details":"MongoDB view on User","userIp":"","userAgent":""}
{"timestamp":"2025-05-13T11:26:14.475Z","userId":"68232ad8828bda58cee1736f","action":"view","resourceType":"User","resourceId":"68232ad8828bda58cee1736f","details":"MongoDB view on User","userIp":"","userAgent":""}
{"timestamp":"2025-05-13T11:26:14.481Z","userId":"68232ad8828bda58cee1736f","action":"view","resourceType":"User","resourceId":"68232ad8828bda58cee1736f","details":"MongoDB view on User","userIp":"","userAgent":""}
{"timestamp":"2025-05-13T11:26:14.497Z","userId":"68232ad8828bda58cee1736f","action":"view","resourceType":"HealthData","resourceId":"latest","details":"MongoDB view on HealthData","userIp":"","userAgent":""}
{"timestamp":"2025-05-13T11:26:14.506Z","userId":0,"action":"view","resourceType":"Doctor","resourceId":"multiple","details":"MongoDB view on Doctor","userIp":"","userAgent":""}
{"timestamp":"2025-05-13T11:26:14.515Z","userId":68232,"action":"view","resourceType":"Reminder","resourceId":"multiple","details":"MongoDB view on Reminder","userIp":"","userAgent":""}
{"timestamp":"2025-05-13T11:26:14.552Z","userId":"68232ad8828bda58cee1736f","action":"view","resourceType":"AIInsight","resourceId":"multiple","details":"MongoDB view on AIInsight","userIp":"","userAgent":""}
{"timestamp":"2025-05-13T11:26:14.561Z","userId":68232,"action":"view","resourceType":"Goal","resourceId":"multiple","details":"MongoDB view on Goal","userIp":"","userAgent":""}
{"timestamp":"2025-05-13T11:26:29.683Z","userId":"68232ad8828bda58cee1736f","action":"view","resourceType":"User","resourceId":"68232ad8828bda58cee1736f","details":"MongoDB view on User","userIp":"","userAgent":""}
{"timestamp":"2025-05-13T11:26:29.689Z","userId":"68232ad8828bda58cee1736f","action":"view","resourceType":"User","resourceId":"68232ad8828bda58cee1736f","details":"MongoDB view on User","userIp":"","userAgent":""}
{"timestamp":"2025-05-13T11:26:29.696Z","userId":"68232ad8828bda58cee1736f","action":"view","resourceType":"HealthData","resourceId":"multiple","details":"MongoDB view on HealthData","userIp":"","userAgent":""}
{"timestamp":"2025-05-13T11:26:29.707Z","userId":"68232ad8828bda58cee1736f","action":"view","resourceType":"HealthData","resourceId":"latest","details":"MongoDB view on HealthData","userIp":"","userAgent":""}
{"timestamp":"2025-05-13T11:26:44.303Z","userId":"68232ad8828bda58cee1736f","action":"view","resourceType":"User","resourceId":"68232ad8828bda58cee1736f","details":"MongoDB view on User","userIp":"","userAgent":""}
{"timestamp":"2025-05-13T11:26:44.307Z","userId":"68232ad8828bda58cee1736f","action":"view","resourceType":"User","resourceId":"68232ad8828bda58cee1736f","details":"MongoDB view on User","userIp":"","userAgent":""}
{"timestamp":"2025-05-13T11:26:44.318Z","userId":"68232ad8828bda58cee1736f","action":"view","resourceType":"HealthData","resourceId":"latest","details":"MongoDB view on HealthData","userIp":"","userAgent":""}
{"timestamp":"2025-05-13T11:26:44.337Z","userId":"68232ad8828bda58cee1736f","action":"view","resourceType":"User","resourceId":"68232ad8828bda58cee1736f","details":"MongoDB view on User","userIp":"","userAgent":""}
{"timestamp":"2025-05-13T11:26:44.343Z","userId":"68232ad8828bda58cee1736f","action":"view","resourceType":"User","resourceId":"68232ad8828bda58cee1736f","details":"MongoDB view on User","userIp":"","userAgent":""}
{"timestamp":"2025-05-13T11:26:44.346Z","userId":"68232ad8828bda58cee1736f","action":"view","resourceType":"User","resourceId":"68232ad8828bda58cee1736f","details":"MongoDB view on User","userIp":"","userAgent":""}
{"timestamp":"2025-05-13T11:26:44.349Z","userId":"68232ad8828bda58cee1736f","action":"view","resourceType":"User","resourceId":"68232ad8828bda58cee1736f","details":"MongoDB view on User","userIp":"","userAgent":""}
{"timestamp":"2025-05-13T11:26:44.384Z","userId":"68232ad8828bda58cee1736f","action":"view","resourceType":"AIInsight","resourceId":"multiple","details":"MongoDB view on AIInsight","userIp":"","userAgent":""}
{"timestamp":"2025-05-13T11:26:44.391Z","userId":0,"action":"view","resourceType":"Doctor","resourceId":"multiple","details":"MongoDB view on Doctor","userIp":"","userAgent":""}
{"timestamp":"2025-05-13T11:26:44.398Z","userId":"68232ad8828bda58cee1736f","action":"view","resourceType":"User","resourceId":"68232ad8828bda58cee1736f","details":"MongoDB view on User","userIp":"","userAgent":""}
{"timestamp":"2025-05-13T11:26:44.407Z","userId":68232,"action":"view","resourceType":"Reminder","resourceId":"multiple","details":"MongoDB view on Reminder","userIp":"","userAgent":""}
{"timestamp":"2025-05-13T11:26:44.416Z","userId":68232,"action":"view","resourceType":"Goal","resourceId":"multiple","details":"MongoDB view on Goal","userIp":"","userAgent":""}
{"timestamp":"2025-05-13T11:27:22.168Z","userId":"68232ad8828bda58cee1736f","action":"view","resourceType":"User","resourceId":"68232ad8828bda58cee1736f","details":"MongoDB view on User","userIp":"","userAgent":""}
{"timestamp":"2025-05-13T11:27:32.331Z","userId":0,"action":"view","resourceType":"User","resourceId":"sasu","details":"MongoDB view on User","userIp":"","userAgent":""}
{"timestamp":"2025-05-13T11:27:32.532Z","userId":"68232ad8828bda58cee1736f","action":"view","resourceType":"User","resourceId":"68232ad8828bda58cee1736f","details":"MongoDB view on User","userIp":"","userAgent":""}
{"timestamp":"2025-05-13T11:27:32.536Z","userId":"68232ad8828bda58cee1736f","action":"view","resourceType":"HealthData","resourceId":"latest","details":"MongoDB view on HealthData","userIp":"","userAgent":""}
{"timestamp":"2025-05-13T11:27:32.543Z","userId":"68232ad8828bda58cee1736f","action":"view","resourceType":"User","resourceId":"68232ad8828bda58cee1736f","details":"MongoDB view on User","userIp":"","userAgent":""}
{"timestamp":"2025-05-13T11:27:32.545Z","userId":"68232ad8828bda58cee1736f","action":"view","resourceType":"User","resourceId":"68232ad8828bda58cee1736f","details":"MongoDB view on User","userIp":"","userAgent":""}
{"timestamp":"2025-05-13T11:27:32.547Z","userId":"68232ad8828bda58cee1736f","action":"view","resourceType":"User","resourceId":"68232ad8828bda58cee1736f","details":"MongoDB view on User","userIp":"","userAgent":""}
{"timestamp":"2025-05-13T11:27:32.557Z","userId":"68232ad8828bda58cee1736f","action":"view","resourceType":"User","resourceId":"68232ad8828bda58cee1736f","details":"MongoDB view on User","userIp":"","userAgent":""}
{"timestamp":"2025-05-13T11:27:32.558Z","userId":"68232ad8828bda58cee1736f","action":"view","resourceType":"User","resourceId":"68232ad8828bda58cee1736f","details":"MongoDB view on User","userIp":"","userAgent":""}
{"timestamp":"2025-05-13T11:27:32.564Z","userId":68232,"action":"view","resourceType":"Goal","resourceId":"multiple","details":"MongoDB view on Goal","userIp":"","userAgent":""}
{"timestamp":"2025-05-13T11:27:32.587Z","userId":68232,"action":"view","resourceType":"Reminder","resourceId":"multiple","details":"MongoDB view on Reminder","userIp":"","userAgent":""}
{"timestamp":"2025-05-13T11:27:32.603Z","userId":0,"action":"view","resourceType":"Doctor","resourceId":"multiple","details":"MongoDB view on Doctor","userIp":"","userAgent":""}
{"timestamp":"2025-05-13T11:27:32.611Z","userId":"68232ad8828bda58cee1736f","action":"view","resourceType":"AIInsight","resourceId":"multiple","details":"MongoDB view on AIInsight","userIp":"","userAgent":""}
{"timestamp":"2025-05-13T11:27:32.654Z","userId":"68232ad8828bda58cee1736f","action":"view","resourceType":"User","resourceId":"68232ad8828bda58cee1736f","details":"MongoDB view on User","userIp":"","userAgent":""}
{"timestamp":"2025-05-13T11:27:32.674Z","userId":"68232ad8828bda58cee1736f","action":"view","resourceType":"User","resourceId":"68232ad8828bda58cee1736f","details":"MongoDB view on User","userIp":"","userAgent":""}
{"timestamp":"2025-05-13T11:27:32.679Z","userId":"68232ad8828bda58cee1736f","action":"view","resourceType":"User","resourceId":"68232ad8828bda58cee1736f","details":"MongoDB view on User","userIp":"","userAgent":""}
{"timestamp":"2025-05-13T11:27:32.684Z","userId":"68232ad8828bda58cee1736f","action":"view","resourceType":"User","resourceId":"68232ad8828bda58cee1736f","details":"MongoDB view on User","userIp":"","userAgent":""}
{"timestamp":"2025-05-13T11:27:32.689Z","userId":"68232ad8828bda58cee1736f","action":"view","resourceType":"User","resourceId":"68232ad8828bda58cee1736f","details":"MongoDB view on User","userIp":"","userAgent":""}
{"timestamp":"2025-05-13T11:27:32.706Z","userId":0,"action":"view","resourceType":"Doctor","resourceId":"multiple","details":"MongoDB view on Doctor","userIp":"","userAgent":""}
{"timestamp":"2025-05-13T11:27:32.714Z","userId":"68232ad8828bda58cee1736f","action":"view","resourceType":"HealthData","resourceId":"latest","details":"MongoDB view on HealthData","userIp":"","userAgent":""}
{"timestamp":"2025-05-13T11:27:32.723Z","userId":"68232ad8828bda58cee1736f","action":"view","resourceType":"AIInsight","resourceId":"multiple","details":"MongoDB view on AIInsight","userIp":"","userAgent":""}
{"timestamp":"2025-05-13T11:27:32.733Z","userId":68232,"action":"view","resourceType":"Goal","resourceId":"multiple","details":"MongoDB view on Goal","userIp":"","userAgent":""}
{"timestamp":"2025-05-13T11:29:33.470Z","userId":"68232ad8828bda58cee1736f","action":"view","resourceType":"User","resourceId":"68232ad8828bda58cee1736f","details":"MongoDB view on User","userIp":"","userAgent":""}
{"timestamp":"2025-05-13T11:29:50.641Z","userId":0,"action":"view","resourceType":"User","resourceId":"aaa","details":"MongoDB view on User","userIp":"","userAgent":""}
{"timestamp":"2025-05-13T11:29:50.643Z","userId":0,"action":"view","resourceType":"User","resourceId":"aaa@aaa.com","details":"MongoDB view on User","userIp":"","userAgent":""}
{"timestamp":"2025-05-13T11:29:50.772Z","userId":0,"action":"create","resourceType":"User","resourceId":"multiple","details":"MongoDB create on User","userIp":"","userAgent":""}
{"timestamp":"2025-05-13T11:29:50.829Z","userId":"68232d2ef48a989182244092","action":"view","resourceType":"User","resourceId":"68232d2ef48a989182244092","details":"MongoDB view on User","userIp":"","userAgent":""}
{"timestamp":"2025-05-13T11:29:50.834Z","userId":"68232d2ef48a989182244092","action":"view","resourceType":"HealthData","resourceId":"latest","details":"MongoDB view on HealthData","userIp":"","userAgent":""}
{"timestamp":"2025-05-13T11:29:50.841Z","userId":"68232d2ef48a989182244092","action":"view","resourceType":"User","resourceId":"68232d2ef48a989182244092","details":"MongoDB view on User","userIp":"","userAgent":""}
{"timestamp":"2025-05-13T11:29:50.843Z","userId":"68232d2ef48a989182244092","action":"view","resourceType":"User","resourceId":"68232d2ef48a989182244092","details":"MongoDB view on User","userIp":"","userAgent":""}
{"timestamp":"2025-05-13T11:29:50.845Z","userId":"68232d2ef48a989182244092","action":"view","resourceType":"User","resourceId":"68232d2ef48a989182244092","details":"MongoDB view on User","userIp":"","userAgent":""}
{"timestamp":"2025-05-13T11:29:50.846Z","userId":"68232d2ef48a989182244092","action":"view","resourceType":"User","resourceId":"68232d2ef48a989182244092","details":"MongoDB view on User","userIp":"","userAgent":""}
{"timestamp":"2025-05-13T11:29:50.852Z","userId":"68232d2ef48a989182244092","action":"view","resourceType":"AIInsight","resourceId":"multiple","details":"MongoDB view on AIInsight","userIp":"","userAgent":""}
{"timestamp":"2025-05-13T11:29:50.859Z","userId":68232,"action":"view","resourceType":"Goal","resourceId":"multiple","details":"MongoDB view on Goal","userIp":"","userAgent":""}
{"timestamp":"2025-05-13T11:29:50.876Z","userId":68232,"action":"view","resourceType":"Reminder","resourceId":"multiple","details":"MongoDB view on Reminder","userIp":"","userAgent":""}
{"timestamp":"2025-05-13T11:29:50.924Z","userId":"68232d2ef48a989182244092","action":"view","resourceType":"User","resourceId":"68232d2ef48a989182244092","details":"MongoDB view on User","userIp":"","userAgent":""}
{"timestamp":"2025-05-13T11:29:50.929Z","userId":"68232d2ef48a989182244092","action":"view","resourceType":"User","resourceId":"68232d2ef48a989182244092","details":"MongoDB view on User","userIp":"","userAgent":""}
{"timestamp":"2025-05-13T11:29:50.952Z","userId":"68232d2ef48a989182244092","action":"view","resourceType":"User","resourceId":"68232d2ef48a989182244092","details":"MongoDB view on User","userIp":"","userAgent":""}
{"timestamp":"2025-05-13T11:29:50.956Z","userId":"68232d2ef48a989182244092","action":"view","resourceType":"User","resourceId":"68232d2ef48a989182244092","details":"MongoDB view on User","userIp":"","userAgent":""}
{"timestamp":"2025-05-13T11:29:50.961Z","userId":"68232d2ef48a989182244092","action":"view","resourceType":"User","resourceId":"68232d2ef48a989182244092","details":"MongoDB view on User","userIp":"","userAgent":""}
{"timestamp":"2025-05-13T11:29:50.969Z","userId":"68232d2ef48a989182244092","action":"view","resourceType":"User","resourceId":"68232d2ef48a989182244092","details":"MongoDB view on User","userIp":"","userAgent":""}
{"timestamp":"2025-05-13T11:29:50.979Z","userId":0,"action":"view","resourceType":"Doctor","resourceId":"multiple","details":"MongoDB view on Doctor","userIp":"","userAgent":""}
{"timestamp":"2025-05-13T11:29:50.999Z","userId":"68232d2ef48a989182244092","action":"view","resourceType":"HealthData","resourceId":"latest","details":"MongoDB view on HealthData","userIp":"","userAgent":""}
{"timestamp":"2025-05-13T11:29:51.007Z","userId":"68232d2ef48a989182244092","action":"view","resourceType":"AIInsight","resourceId":"multiple","details":"MongoDB view on AIInsight","userIp":"","userAgent":""}
{"timestamp":"2025-05-13T11:29:51.016Z","userId":68232,"action":"view","resourceType":"Reminder","resourceId":"multiple","details":"MongoDB view on Reminder","userIp":"","userAgent":""}
{"timestamp":"2025-05-13T11:29:51.053Z","userId":68232,"action":"view","resourceType":"Goal","resourceId":"multiple","details":"MongoDB view on Goal","userIp":"","userAgent":""}
{"timestamp":"2025-05-13T11:30:18.698Z","userId":"68232d2ef48a989182244092","action":"view","resourceType":"User","resourceId":"68232d2ef48a989182244092","details":"MongoDB view on User","userIp":"","userAgent":""}
{"timestamp":"2025-05-13T11:30:18.709Z","userId":"68232d2ef48a989182244092","action":"create","resourceType":"HealthData","resourceId":"multiple","details":"MongoDB create on HealthData","userIp":"","userAgent":""}
{"timestamp":"2025-05-13T11:30:18.728Z","userId":"68232d2ef48a989182244092","action":"view","resourceType":"User","resourceId":"68232d2ef48a989182244092","details":"MongoDB view on User","userIp":"","userAgent":""}
{"timestamp":"2025-05-13T11:30:18.733Z","userId":"68232d2ef48a989182244092","action":"view","resourceType":"HealthData","resourceId":"latest","details":"MongoDB view on HealthData","userIp":"","userAgent":""}
{"timestamp":"2025-05-13T11:30:25.095Z","userId":"68232d2ef48a989182244092","action":"view","resourceType":"User","resourceId":"68232d2ef48a989182244092","details":"MongoDB view on User","userIp":"","userAgent":""}
{"timestamp":"2025-05-13T11:30:25.103Z","userId":"68232d2ef48a989182244092","action":"view","resourceType":"HealthData","resourceId":"multiple","details":"MongoDB view on HealthData","userIp":"","userAgent":""}
{"timestamp":"2025-05-13T11:31:03.039Z","userId":"68232d2ef48a989182244092","action":"view","resourceType":"User","resourceId":"68232d2ef48a989182244092","details":"MongoDB view on User","userIp":"","userAgent":""}
{"timestamp":"2025-05-13T11:31:03.080Z","userId":"68232d2ef48a989182244092","action":"view","resourceType":"User","resourceId":"68232d2ef48a989182244092","details":"MongoDB view on User","userIp":"","userAgent":""}
{"timestamp":"2025-05-13T11:31:03.083Z","userId":"68232d2ef48a989182244092","action":"view","resourceType":"User","resourceId":"68232d2ef48a989182244092","details":"MongoDB view on User","userIp":"","userAgent":""}
{"timestamp":"2025-05-13T11:31:03.085Z","userId":"68232d2ef48a989182244092","action":"view","resourceType":"User","resourceId":"68232d2ef48a989182244092","details":"MongoDB view on User","userIp":"","userAgent":""}
{"timestamp":"2025-05-13T11:31:03.094Z","userId":0,"action":"view","resourceType":"Doctor","resourceId":"multiple","details":"MongoDB view on Doctor","userIp":"","userAgent":""}
{"timestamp":"2025-05-13T11:31:03.105Z","userId":"68232d2ef48a989182244092","action":"view","resourceType":"User","resourceId":"68232d2ef48a989182244092","details":"MongoDB view on User","userIp":"","userAgent":""}
{"timestamp":"2025-05-13T11:31:03.110Z","userId":"68232d2ef48a989182244092","action":"view","resourceType":"User","resourceId":"68232d2ef48a989182244092","details":"MongoDB view on User","userIp":"","userAgent":""}
{"timestamp":"2025-05-13T11:31:03.115Z","userId":"68232d2ef48a989182244092","action":"view","resourceType":"User","resourceId":"68232d2ef48a989182244092","details":"MongoDB view on User","userIp":"","userAgent":""}
{"timestamp":"2025-05-13T11:31:03.122Z","userId":"68232d2ef48a989182244092","action":"view","resourceType":"HealthData","resourceId":"latest","details":"MongoDB view on HealthData","userIp":"","userAgent":""}
{"timestamp":"2025-05-13T11:31:03.132Z","userId":"68232d2ef48a989182244092","action":"view","resourceType":"AIInsight","resourceId":"multiple","details":"MongoDB view on AIInsight","userIp":"","userAgent":""}
{"timestamp":"2025-05-13T11:31:03.158Z","userId":68232,"action":"view","resourceType":"Reminder","resourceId":"multiple","details":"MongoDB view on Reminder","userIp":"","userAgent":""}
{"timestamp":"2025-05-13T11:31:03.165Z","userId":68232,"action":"view","resourceType":"Goal","resourceId":"multiple","details":"MongoDB view on Goal","userIp":"","userAgent":""}
{"timestamp":"2025-05-13T11:31:53.784Z","userId":"68232d2ef48a989182244092","action":"view","resourceType":"User","resourceId":"68232d2ef48a989182244092","details":"MongoDB view on User","userIp":"","userAgent":""}
{"timestamp":"2025-05-13T11:31:59.591Z","userId":"68232d2ef48a989182244092","action":"view","resourceType":"User","resourceId":"68232d2ef48a989182244092","details":"MongoDB view on User","userIp":"","userAgent":""}
{"timestamp":"2025-05-13T11:32:09.638Z","userId":"68232d2ef48a989182244092","action":"view","resourceType":"User","resourceId":"68232d2ef48a989182244092","details":"MongoDB view on User","userIp":"","userAgent":""}
{"timestamp":"2025-05-13T11:32:09.642Z","userId":0,"action":"view","resourceType":"User","resourceId":"aaa","details":"MongoDB view on User","userIp":"","userAgent":""}
{"timestamp":"2025-05-13T11:32:09.840Z","userId":"68232d2ef48a989182244092","action":"view","resourceType":"User","resourceId":"68232d2ef48a989182244092","details":"MongoDB view on User","userIp":"","userAgent":""}
{"timestamp":"2025-05-13T11:32:09.844Z","userId":"68232d2ef48a989182244092","action":"view","resourceType":"User","resourceId":"68232d2ef48a989182244092","details":"MongoDB view on User","userIp":"","userAgent":""}
{"timestamp":"2025-05-13T11:32:09.848Z","userId":"68232d2ef48a989182244092","action":"view","resourceType":"HealthData","resourceId":"latest","details":"MongoDB view on HealthData","userIp":"","userAgent":""}
{"timestamp":"2025-05-13T11:32:09.852Z","userId":"68232d2ef48a989182244092","action":"view","resourceType":"User","resourceId":"68232d2ef48a989182244092","details":"MongoDB view on User","userIp":"","userAgent":""}
{"timestamp":"2025-05-13T11:32:09.860Z","userId":"68232d2ef48a989182244092","action":"view","resourceType":"User","resourceId":"68232d2ef48a989182244092","details":"MongoDB view on User","userIp":"","userAgent":""}
{"timestamp":"2025-05-13T11:32:09.862Z","userId":"68232d2ef48a989182244092","action":"view","resourceType":"User","resourceId":"68232d2ef48a989182244092","details":"MongoDB view on User","userIp":"","userAgent":""}
{"timestamp":"2025-05-13T11:32:09.864Z","userId":"68232d2ef48a989182244092","action":"view","resourceType":"User","resourceId":"68232d2ef48a989182244092","details":"MongoDB view on User","userIp":"","userAgent":""}
{"timestamp":"2025-05-13T11:32:09.869Z","userId":0,"action":"view","resourceType":"Doctor","resourceId":"multiple","details":"MongoDB view on Doctor","userIp":"","userAgent":""}
{"timestamp":"2025-05-13T11:32:09.872Z","userId":68232,"action":"view","resourceType":"Goal","resourceId":"multiple","details":"MongoDB view on Goal","userIp":"","userAgent":""}
{"timestamp":"2025-05-13T11:32:09.885Z","userId":"68232d2ef48a989182244092","action":"view","resourceType":"AIInsight","resourceId":"multiple","details":"MongoDB view on AIInsight","userIp":"","userAgent":""}
{"timestamp":"2025-05-13T11:32:09.899Z","userId":68232,"action":"view","resourceType":"Reminder","resourceId":"multiple","details":"MongoDB view on Reminder","userIp":"","userAgent":""}
{"timestamp":"2025-05-13T11:32:09.953Z","userId":"68232d2ef48a989182244092","action":"view","resourceType":"User","resourceId":"68232d2ef48a989182244092","details":"MongoDB view on User","userIp":"","userAgent":""}
{"timestamp":"2025-05-13T11:32:09.959Z","userId":"68232d2ef48a989182244092","action":"view","resourceType":"User","resourceId":"68232d2ef48a989182244092","details":"MongoDB view on User","userIp":"","userAgent":""}
{"timestamp":"2025-05-13T11:32:09.986Z","userId":"68232d2ef48a989182244092","action":"view","resourceType":"User","resourceId":"68232d2ef48a989182244092","details":"MongoDB view on User","userIp":"","userAgent":""}
{"timestamp":"2025-05-13T11:32:09.992Z","userId":"68232d2ef48a989182244092","action":"view","resourceType":"User","resourceId":"68232d2ef48a989182244092","details":"MongoDB view on User","userIp":"","userAgent":""}
{"timestamp":"2025-05-13T11:32:09.998Z","userId":"68232d2ef48a989182244092","action":"view","resourceType":"User","resourceId":"68232d2ef48a989182244092","details":"MongoDB view on User","userIp":"","userAgent":""}
{"timestamp":"2025-05-13T11:32:10.002Z","userId":"68232d2ef48a989182244092","action":"view","resourceType":"User","resourceId":"68232d2ef48a989182244092","details":"MongoDB view on User","userIp":"","userAgent":""}
{"timestamp":"2025-05-13T11:32:10.012Z","userId":"68232d2ef48a989182244092","action":"view","resourceType":"HealthData","resourceId":"latest","details":"MongoDB view on HealthData","userIp":"","userAgent":""}
{"timestamp":"2025-05-13T11:32:10.020Z","userId":"68232d2ef48a989182244092","action":"view","resourceType":"AIInsight","resourceId":"multiple","details":"MongoDB view on AIInsight","userIp":"","userAgent":""}
{"timestamp":"2025-05-13T11:32:10.030Z","userId":0,"action":"view","resourceType":"Doctor","resourceId":"multiple","details":"MongoDB view on Doctor","userIp":"","userAgent":""}
{"timestamp":"2025-05-13T11:32:10.038Z","userId":68232,"action":"view","resourceType":"Reminder","resourceId":"multiple","details":"MongoDB view on Reminder","userIp":"","userAgent":""}
{"timestamp":"2025-05-13T11:32:10.077Z","userId":68232,"action":"view","resourceType":"Goal","resourceId":"multiple","details":"MongoDB view on Goal","userIp":"","userAgent":""}
{"timestamp":"2025-05-13T11:39:49.164Z","userId":"68232d2ef48a989182244092","action":"view","resourceType":"User","resourceId":"68232d2ef48a989182244092","details":"MongoDB view on User","userIp":"","userAgent":""}
{"timestamp":"2025-05-13T11:40:13.384Z","userId":"68232d2ef48a989182244092","action":"view","resourceType":"User","resourceId":"68232d2ef48a989182244092","details":"MongoDB view on User","userIp":"","userAgent":""}
{"timestamp":"2025-05-13T11:40:35.340Z","userId":"68232d2ef48a989182244092","action":"view","resourceType":"User","resourceId":"68232d2ef48a989182244092","details":"MongoDB view on User","userIp":"","userAgent":""}
{"timestamp":"2025-05-13T11:40:35.343Z","userId":0,"action":"view","resourceType":"User","resourceId":"sasu","details":"MongoDB view on User","userIp":"","userAgent":""}
{"timestamp":"2025-05-13T11:40:48.603Z","userId":"68232d2ef48a989182244092","action":"view","resourceType":"User","resourceId":"68232d2ef48a989182244092","details":"MongoDB view on User","userIp":"","userAgent":""}
{"timestamp":"2025-05-13T11:40:48.606Z","userId":0,"action":"view","resourceType":"User","resourceId":"sasu","details":"MongoDB view on User","userIp":"","userAgent":""}
{"timestamp":"2025-05-13T11:40:48.846Z","userId":"68232ad8828bda58cee1736f","action":"view","resourceType":"User","resourceId":"68232ad8828bda58cee1736f","details":"MongoDB view on User","userIp":"","userAgent":""}
{"timestamp":"2025-05-13T11:40:48.851Z","userId":"68232ad8828bda58cee1736f","action":"view","resourceType":"User","resourceId":"68232ad8828bda58cee1736f","details":"MongoDB view on User","userIp":"","userAgent":""}
{"timestamp":"2025-05-13T11:40:48.856Z","userId":"68232ad8828bda58cee1736f","action":"view","resourceType":"HealthData","resourceId":"latest","details":"MongoDB view on HealthData","userIp":"","userAgent":""}
{"timestamp":"2025-05-13T11:40:48.867Z","userId":"68232ad8828bda58cee1736f","action":"view","resourceType":"User","resourceId":"68232ad8828bda58cee1736f","details":"MongoDB view on User","userIp":"","userAgent":""}
{"timestamp":"2025-05-13T11:40:48.869Z","userId":"68232ad8828bda58cee1736f","action":"view","resourceType":"User","resourceId":"68232ad8828bda58cee1736f","details":"MongoDB view on User","userIp":"","userAgent":""}
{"timestamp":"2025-05-13T11:40:48.871Z","userId":"68232ad8828bda58cee1736f","action":"view","resourceType":"User","resourceId":"68232ad8828bda58cee1736f","details":"MongoDB view on User","userIp":"","userAgent":""}
{"timestamp":"2025-05-13T11:40:48.885Z","userId":68232,"action":"view","resourceType":"Reminder","resourceId":"multiple","details":"MongoDB view on Reminder","userIp":"","userAgent":""}
{"timestamp":"2025-05-13T11:40:48.963Z","userId":"68232ad8828bda58cee1736f","action":"view","resourceType":"User","resourceId":"68232ad8828bda58cee1736f","details":"MongoDB view on User","userIp":"","userAgent":""}
{"timestamp":"2025-05-13T11:40:49.001Z","userId":"68232ad8828bda58cee1736f","action":"view","resourceType":"AIInsight","resourceId":"multiple","details":"MongoDB view on AIInsight","userIp":"","userAgent":""}
{"timestamp":"2025-05-13T11:40:49.017Z","userId":0,"action":"view","resourceType":"Doctor","resourceId":"multiple","details":"MongoDB view on Doctor","userIp":"","userAgent":""}
{"timestamp":"2025-05-13T11:40:49.135Z","userId":68232,"action":"view","resourceType":"Goal","resourceId":"multiple","details":"MongoDB view on Goal","userIp":"","userAgent":""}
{"timestamp":"2025-05-13T11:40:49.194Z","userId":"68232ad8828bda58cee1736f","action":"view","resourceType":"User","resourceId":"68232ad8828bda58cee1736f","details":"MongoDB view on User","userIp":"","userAgent":""}
{"timestamp":"2025-05-13T11:40:49.213Z","userId":"68232ad8828bda58cee1736f","action":"view","resourceType":"User","resourceId":"68232ad8828bda58cee1736f","details":"MongoDB view on User","userIp":"","userAgent":""}
{"timestamp":"2025-05-13T11:40:49.231Z","userId":"68232ad8828bda58cee1736f","action":"view","resourceType":"User","resourceId":"68232ad8828bda58cee1736f","details":"MongoDB view on User","userIp":"","userAgent":""}
{"timestamp":"2025-05-13T11:40:49.342Z","userId":"68232ad8828bda58cee1736f","action":"view","resourceType":"HealthData","resourceId":"latest","details":"MongoDB view on HealthData","userIp":"","userAgent":""}
{"timestamp":"2025-05-13T11:40:49.425Z","userId":68232,"action":"view","resourceType":"Reminder","resourceId":"multiple","details":"MongoDB view on Reminder","userIp":"","userAgent":""}
{"timestamp":"2025-05-13T11:40:54.803Z","userId":"68232ad8828bda58cee1736f","action":"view","resourceType":"User","resourceId":"68232ad8828bda58cee1736f","details":"MongoDB view on User","userIp":"","userAgent":""}
{"timestamp":"2025-05-13T11:40:54.809Z","userId":"68232ad8828bda58cee1736f","action":"view","resourceType":"User","resourceId":"68232ad8828bda58cee1736f","details":"MongoDB view on User","userIp":"","userAgent":""}
{"timestamp":"2025-05-13T11:40:54.819Z","userId":"68232ad8828bda58cee1736f","action":"view","resourceType":"HealthData","resourceId":"latest","details":"MongoDB view on HealthData","userIp":"","userAgent":""}
{"timestamp":"2025-05-13T11:40:54.830Z","userId":"68232ad8828bda58cee1736f","action":"view","resourceType":"HealthData","resourceId":"multiple","details":"MongoDB view on HealthData","userIp":"","userAgent":""}
{"timestamp":"2025-05-13T11:40:56.894Z","userId":"68232ad8828bda58cee1736f","action":"view","resourceType":"User","resourceId":"68232ad8828bda58cee1736f","details":"MongoDB view on User","userIp":"","userAgent":""}
{"timestamp":"2025-05-13T11:40:56.909Z","userId":"68232ad8828bda58cee1736f","action":"view","resourceType":"User","resourceId":"68232ad8828bda58cee1736f","details":"MongoDB view on User","userIp":"","userAgent":""}
{"timestamp":"2025-05-13T11:40:56.932Z","userId":"68232ad8828bda58cee1736f","action":"view","resourceType":"HealthData","resourceId":"latest","details":"MongoDB view on HealthData","userIp":"","userAgent":""}
{"timestamp":"2025-05-13T11:40:56.961Z","userId":"68232ad8828bda58cee1736f","action":"view","resourceType":"User","resourceId":"68232ad8828bda58cee1736f","details":"MongoDB view on User","userIp":"","userAgent":""}
{"timestamp":"2025-05-13T11:40:57.000Z","userId":"68232ad8828bda58cee1736f","action":"view","resourceType":"User","resourceId":"68232ad8828bda58cee1736f","details":"MongoDB view on User","userIp":"","userAgent":""}
{"timestamp":"2025-05-13T11:40:57.003Z","userId":"68232ad8828bda58cee1736f","action":"view","resourceType":"User","resourceId":"68232ad8828bda58cee1736f","details":"MongoDB view on User","userIp":"","userAgent":""}
{"timestamp":"2025-05-13T11:40:57.007Z","userId":"68232ad8828bda58cee1736f","action":"view","resourceType":"User","resourceId":"68232ad8828bda58cee1736f","details":"MongoDB view on User","userIp":"","userAgent":""}
{"timestamp":"2025-05-13T11:40:57.011Z","userId":"68232ad8828bda58cee1736f","action":"view","resourceType":"User","resourceId":"68232ad8828bda58cee1736f","details":"MongoDB view on User","userIp":"","userAgent":""}
{"timestamp":"2025-05-13T11:40:57.016Z","userId":"68232ad8828bda58cee1736f","action":"view","resourceType":"AIInsight","resourceId":"multiple","details":"MongoDB view on AIInsight","userIp":"","userAgent":""}
{"timestamp":"2025-05-13T11:40:57.025Z","userId":0,"action":"view","resourceType":"Doctor","resourceId":"multiple","details":"MongoDB view on Doctor","userIp":"","userAgent":""}
{"timestamp":"2025-05-13T11:40:57.033Z","userId":68232,"action":"view","resourceType":"Reminder","resourceId":"multiple","details":"MongoDB view on Reminder","userIp":"","userAgent":""}
{"timestamp":"2025-05-13T11:40:57.040Z","userId":68232,"action":"view","resourceType":"Goal","resourceId":"multiple","details":"MongoDB view on Goal","userIp":"","userAgent":""}
{"timestamp":"2025-05-13T11:40:58.247Z","userId":"68232ad8828bda58cee1736f","action":"view","resourceType":"User","resourceId":"68232ad8828bda58cee1736f","details":"MongoDB view on User","userIp":"","userAgent":""}
{"timestamp":"2025-05-13T11:40:58.252Z","userId":"68232ad8828bda58cee1736f","action":"view","resourceType":"User","resourceId":"68232ad8828bda58cee1736f","details":"MongoDB view on User","userIp":"","userAgent":""}
{"timestamp":"2025-05-13T11:40:58.256Z","userId":"68232ad8828bda58cee1736f","action":"view","resourceType":"HealthData","resourceId":"latest","details":"MongoDB view on HealthData","userIp":"","userAgent":""}
{"timestamp":"2025-05-13T11:40:58.260Z","userId":"68232ad8828bda58cee1736f","action":"view","resourceType":"HealthData","resourceId":"multiple","details":"MongoDB view on HealthData","userIp":"","userAgent":""}
{"timestamp":"2025-05-13T11:40:59.144Z","userId":"68232ad8828bda58cee1736f","action":"view","resourceType":"User","resourceId":"68232ad8828bda58cee1736f","details":"MongoDB view on User","userIp":"","userAgent":""}
{"timestamp":"2025-05-13T11:40:59.147Z","userId":"68232ad8828bda58cee1736f","action":"view","resourceType":"User","resourceId":"68232ad8828bda58cee1736f","details":"MongoDB view on User","userIp":"","userAgent":""}
{"timestamp":"2025-05-13T11:40:59.153Z","userId":"68232ad8828bda58cee1736f","action":"view","resourceType":"HealthData","resourceId":"latest","details":"MongoDB view on HealthData","userIp":"","userAgent":""}
{"timestamp":"2025-05-13T11:40:59.172Z","userId":"68232ad8828bda58cee1736f","action":"view","resourceType":"User","resourceId":"68232ad8828bda58cee1736f","details":"MongoDB view on User","userIp":"","userAgent":""}
{"timestamp":"2025-05-13T11:40:59.177Z","userId":"68232ad8828bda58cee1736f","action":"view","resourceType":"User","resourceId":"68232ad8828bda58cee1736f","details":"MongoDB view on User","userIp":"","userAgent":""}
{"timestamp":"2025-05-13T11:40:59.179Z","userId":"68232ad8828bda58cee1736f","action":"view","resourceType":"User","resourceId":"68232ad8828bda58cee1736f","details":"MongoDB view on User","userIp":"","userAgent":""}
{"timestamp":"2025-05-13T11:40:59.190Z","userId":"68232ad8828bda58cee1736f","action":"view","resourceType":"AIInsight","resourceId":"multiple","details":"MongoDB view on AIInsight","userIp":"","userAgent":""}
{"timestamp":"2025-05-13T11:40:59.193Z","userId":"68232ad8828bda58cee1736f","action":"view","resourceType":"User","resourceId":"68232ad8828bda58cee1736f","details":"MongoDB view on User","userIp":"","userAgent":""}
{"timestamp":"2025-05-13T11:40:59.197Z","userId":"68232ad8828bda58cee1736f","action":"view","resourceType":"User","resourceId":"68232ad8828bda58cee1736f","details":"MongoDB view on User","userIp":"","userAgent":""}
{"timestamp":"2025-05-13T11:40:59.204Z","userId":68232,"action":"view","resourceType":"Reminder","resourceId":"multiple","details":"MongoDB view on Reminder","userIp":"","userAgent":""}
{"timestamp":"2025-05-13T11:40:59.216Z","userId":0,"action":"view","resourceType":"Doctor","resourceId":"multiple","details":"MongoDB view on Doctor","userIp":"","userAgent":""}
{"timestamp":"2025-05-13T11:40:59.228Z","userId":68232,"action":"view","resourceType":"Goal","resourceId":"multiple","details":"MongoDB view on Goal","userIp":"","userAgent":""}
{"timestamp":"2025-05-13T11:41:15.324Z","userId":"68232ad8828bda58cee1736f","action":"view","resourceType":"User","resourceId":"68232ad8828bda58cee1736f","details":"MongoDB view on User","userIp":"","userAgent":""}
{"timestamp":"2025-05-13T11:41:15.332Z","userId":"68232ad8828bda58cee1736f","action":"create","resourceType":"HealthData","resourceId":"multiple","details":"MongoDB create on HealthData","userIp":"","userAgent":""}
{"timestamp":"2025-05-13T11:41:15.354Z","userId":"68232ad8828bda58cee1736f","action":"view","resourceType":"User","resourceId":"68232ad8828bda58cee1736f","details":"MongoDB view on User","userIp":"","userAgent":""}
{"timestamp":"2025-05-13T11:41:15.357Z","userId":"68232ad8828bda58cee1736f","action":"view","resourceType":"HealthData","resourceId":"latest","details":"MongoDB view on HealthData","userIp":"","userAgent":""}
{"timestamp":"2025-05-13T11:41:18.819Z","userId":"68232ad8828bda58cee1736f","action":"view","resourceType":"User","resourceId":"68232ad8828bda58cee1736f","details":"MongoDB view on User","userIp":"","userAgent":""}
{"timestamp":"2025-05-13T11:41:18.826Z","userId":"68232ad8828bda58cee1736f","action":"view","resourceType":"HealthData","resourceId":"multiple","details":"MongoDB view on HealthData","userIp":"","userAgent":""}
{"timestamp":"2025-05-13T11:42:15.413Z","userId":"68232ad8828bda58cee1736f","action":"view","resourceType":"User","resourceId":"68232ad8828bda58cee1736f","details":"MongoDB view on User","userIp":"","userAgent":""}
{"timestamp":"2025-05-13T11:42:15.471Z","userId":"68232ad8828bda58cee1736f","action":"view","resourceType":"User","resourceId":"68232ad8828bda58cee1736f","details":"MongoDB view on User","userIp":"","userAgent":""}
{"timestamp":"2025-05-13T11:42:15.481Z","userId":"68232ad8828bda58cee1736f","action":"view","resourceType":"User","resourceId":"68232ad8828bda58cee1736f","details":"MongoDB view on User","userIp":"","userAgent":""}
{"timestamp":"2025-05-13T11:42:15.484Z","userId":"68232ad8828bda58cee1736f","action":"view","resourceType":"User","resourceId":"68232ad8828bda58cee1736f","details":"MongoDB view on User","userIp":"","userAgent":""}
{"timestamp":"2025-05-13T11:42:15.486Z","userId":"68232ad8828bda58cee1736f","action":"view","resourceType":"User","resourceId":"68232ad8828bda58cee1736f","details":"MongoDB view on User","userIp":"","userAgent":""}
{"timestamp":"2025-05-13T11:42:15.488Z","userId":"68232ad8828bda58cee1736f","action":"view","resourceType":"User","resourceId":"68232ad8828bda58cee1736f","details":"MongoDB view on User","userIp":"","userAgent":""}
{"timestamp":"2025-05-13T11:42:15.490Z","userId":"68232ad8828bda58cee1736f","action":"view","resourceType":"User","resourceId":"68232ad8828bda58cee1736f","details":"MongoDB view on User","userIp":"","userAgent":""}
{"timestamp":"2025-05-13T11:42:15.495Z","userId":"68232ad8828bda58cee1736f","action":"view","resourceType":"AIInsight","resourceId":"multiple","details":"MongoDB view on AIInsight","userIp":"","userAgent":""}
{"timestamp":"2025-05-13T11:42:15.497Z","userId":"68232ad8828bda58cee1736f","action":"view","resourceType":"HealthData","resourceId":"latest","details":"MongoDB view on HealthData","userIp":"","userAgent":""}
{"timestamp":"2025-05-13T11:42:15.501Z","userId":68232,"action":"view","resourceType":"Reminder","resourceId":"multiple","details":"MongoDB view on Reminder","userIp":"","userAgent":""}
{"timestamp":"2025-05-13T11:42:15.523Z","userId":68232,"action":"view","resourceType":"Goal","resourceId":"multiple","details":"MongoDB view on Goal","userIp":"","userAgent":""}
{"timestamp":"2025-05-13T11:42:15.528Z","userId":0,"action":"view","resourceType":"Doctor","resourceId":"multiple","details":"MongoDB view on Doctor","userIp":"","userAgent":""}
{"timestamp":"2025-05-13T11:46:02.006Z","userId":0,"action":"view","resourceType":"User","resourceId":"sasu","details":"MongoDB view on User","userIp":"","userAgent":""}
{"timestamp":"2025-05-13T11:46:02.245Z","userId":"68232ad8828bda58cee1736f","action":"view","resourceType":"User","resourceId":"68232ad8828bda58cee1736f","details":"MongoDB view on User","userIp":"","userAgent":""}
{"timestamp":"2025-05-13T11:46:02.252Z","userId":"68232ad8828bda58cee1736f","action":"view","resourceType":"User","resourceId":"68232ad8828bda58cee1736f","details":"MongoDB view on User","userIp":"","userAgent":""}
{"timestamp":"2025-05-13T11:46:02.254Z","userId":"68232ad8828bda58cee1736f","action":"view","resourceType":"User","resourceId":"68232ad8828bda58cee1736f","details":"MongoDB view on User","userIp":"","userAgent":""}
{"timestamp":"2025-05-13T11:46:02.259Z","userId":"68232ad8828bda58cee1736f","action":"view","resourceType":"HealthData","resourceId":"latest","details":"MongoDB view on HealthData","userIp":"","userAgent":""}
{"timestamp":"2025-05-13T11:46:02.266Z","userId":"68232ad8828bda58cee1736f","action":"view","resourceType":"AIInsight","resourceId":"multiple","details":"MongoDB view on AIInsight","userIp":"","userAgent":""}
{"timestamp":"2025-05-13T11:46:02.271Z","userId":"68232ad8828bda58cee1736f","action":"view","resourceType":"User","resourceId":"68232ad8828bda58cee1736f","details":"MongoDB view on User","userIp":"","userAgent":""}
{"timestamp":"2025-05-13T11:46:02.274Z","userId":"68232ad8828bda58cee1736f","action":"view","resourceType":"User","resourceId":"68232ad8828bda58cee1736f","details":"MongoDB view on User","userIp":"","userAgent":""}
{"timestamp":"2025-05-13T11:46:02.277Z","userId":"68232ad8828bda58cee1736f","action":"view","resourceType":"User","resourceId":"68232ad8828bda58cee1736f","details":"MongoDB view on User","userIp":"","userAgent":""}
{"timestamp":"2025-05-13T11:46:02.288Z","userId":0,"action":"view","resourceType":"Doctor","resourceId":"multiple","details":"MongoDB view on Doctor","userIp":"","userAgent":""}
{"timestamp":"2025-05-13T11:46:02.374Z","userId":68232,"action":"view","resourceType":"Goal","resourceId":"multiple","details":"MongoDB view on Goal","userIp":"","userAgent":""}
{"timestamp":"2025-05-13T11:46:02.409Z","userId":68232,"action":"view","resourceType":"Reminder","resourceId":"multiple","details":"MongoDB view on Reminder","userIp":"","userAgent":""}
{"timestamp":"2025-05-13T11:46:02.421Z","userId":"68232ad8828bda58cee1736f","action":"view","resourceType":"User","resourceId":"68232ad8828bda58cee1736f","details":"MongoDB view on User","userIp":"","userAgent":""}
{"timestamp":"2025-05-13T11:46:02.438Z","userId":"68232ad8828bda58cee1736f","action":"view","resourceType":"User","resourceId":"68232ad8828bda58cee1736f","details":"MongoDB view on User","userIp":"","userAgent":""}
{"timestamp":"2025-05-13T11:46:02.443Z","userId":"68232ad8828bda58cee1736f","action":"view","resourceType":"User","resourceId":"68232ad8828bda58cee1736f","details":"MongoDB view on User","userIp":"","userAgent":""}
{"timestamp":"2025-05-13T11:46:02.448Z","userId":"68232ad8828bda58cee1736f","action":"view","resourceType":"User","resourceId":"68232ad8828bda58cee1736f","details":"MongoDB view on User","userIp":"","userAgent":""}
{"timestamp":"2025-05-13T11:46:02.461Z","userId":"68232ad8828bda58cee1736f","action":"view","resourceType":"AIInsight","resourceId":"multiple","details":"MongoDB view on AIInsight","userIp":"","userAgent":""}
{"timestamp":"2025-05-13T11:46:02.469Z","userId":"68232ad8828bda58cee1736f","action":"view","resourceType":"HealthData","resourceId":"latest","details":"MongoDB view on HealthData","userIp":"","userAgent":""}
{"timestamp":"2025-05-13T11:46:02.480Z","userId":0,"action":"view","resourceType":"Doctor","resourceId":"multiple","details":"MongoDB view on Doctor","userIp":"","userAgent":""}
{"timestamp":"2025-05-13T11:51:56.589Z","userId":0,"action":"view","resourceType":"User","resourceId":"sasu","details":"MongoDB view on User","userIp":"","userAgent":""}
{"timestamp":"2025-05-13T11:51:56.807Z","userId":"68232ad8828bda58cee1736f","action":"view","resourceType":"User","resourceId":"68232ad8828bda58cee1736f","details":"MongoDB view on User","userIp":"","userAgent":""}
{"timestamp":"2025-05-13T11:51:56.815Z","userId":"68232ad8828bda58cee1736f","action":"view","resourceType":"User","resourceId":"68232ad8828bda58cee1736f","details":"MongoDB view on User","userIp":"","userAgent":""}
{"timestamp":"2025-05-13T11:51:56.817Z","userId":"68232ad8828bda58cee1736f","action":"view","resourceType":"User","resourceId":"68232ad8828bda58cee1736f","details":"MongoDB view on User","userIp":"","userAgent":""}
{"timestamp":"2025-05-13T11:51:56.822Z","userId":"68232ad8828bda58cee1736f","action":"view","resourceType":"HealthData","resourceId":"latest","details":"MongoDB view on HealthData","userIp":"","userAgent":""}
{"timestamp":"2025-05-13T11:51:56.830Z","userId":"68232ad8828bda58cee1736f","action":"view","resourceType":"AIInsight","resourceId":"multiple","details":"MongoDB view on AIInsight","userIp":"","userAgent":""}
{"timestamp":"2025-05-13T11:51:56.834Z","userId":"68232ad8828bda58cee1736f","action":"view","resourceType":"User","resourceId":"68232ad8828bda58cee1736f","details":"MongoDB view on User","userIp":"","userAgent":""}
{"timestamp":"2025-05-13T11:51:56.838Z","userId":"68232ad8828bda58cee1736f","action":"view","resourceType":"User","resourceId":"68232ad8828bda58cee1736f","details":"MongoDB view on User","userIp":"","userAgent":""}
{"timestamp":"2025-05-13T11:51:56.841Z","userId":"68232ad8828bda58cee1736f","action":"view","resourceType":"User","resourceId":"68232ad8828bda58cee1736f","details":"MongoDB view on User","userIp":"","userAgent":""}
{"timestamp":"2025-05-13T11:51:56.924Z","userId":0,"action":"view","resourceType":"Doctor","resourceId":"multiple","details":"MongoDB view on Doctor","userIp":"","userAgent":""}
{"timestamp":"2025-05-13T11:51:56.934Z","userId":68232,"action":"view","resourceType":"Goal","resourceId":"multiple","details":"MongoDB view on Goal","userIp":"","userAgent":""}
{"timestamp":"2025-05-13T11:51:56.956Z","userId":68232,"action":"view","resourceType":"Reminder","resourceId":"multiple","details":"MongoDB view on Reminder","userIp":"","userAgent":""}
{"timestamp":"2025-05-13T11:51:57.015Z","userId":"68232ad8828bda58cee1736f","action":"view","resourceType":"User","resourceId":"68232ad8828bda58cee1736f","details":"MongoDB view on User","userIp":"","userAgent":""}
{"timestamp":"2025-05-13T11:51:57.043Z","userId":"68232ad8828bda58cee1736f","action":"view","resourceType":"User","resourceId":"68232ad8828bda58cee1736f","details":"MongoDB view on User","userIp":"","userAgent":""}
{"timestamp":"2025-05-13T11:51:57.049Z","userId":"68232ad8828bda58cee1736f","action":"view","resourceType":"User","resourceId":"68232ad8828bda58cee1736f","details":"MongoDB view on User","userIp":"","userAgent":""}
{"timestamp":"2025-05-13T11:51:57.055Z","userId":"68232ad8828bda58cee1736f","action":"view","resourceType":"User","resourceId":"68232ad8828bda58cee1736f","details":"MongoDB view on User","userIp":"","userAgent":""}
{"timestamp":"2025-05-13T11:51:57.061Z","userId":"68232ad8828bda58cee1736f","action":"view","resourceType":"User","resourceId":"68232ad8828bda58cee1736f","details":"MongoDB view on User","userIp":"","userAgent":""}
{"timestamp":"2025-05-13T11:51:57.066Z","userId":"68232ad8828bda58cee1736f","action":"view","resourceType":"User","resourceId":"68232ad8828bda58cee1736f","details":"MongoDB view on User","userIp":"","userAgent":""}
{"timestamp":"2025-05-13T11:51:57.078Z","userId":0,"action":"view","resourceType":"Doctor","resourceId":"multiple","details":"MongoDB view on Doctor","userIp":"","userAgent":""}
{"timestamp":"2025-05-13T11:51:57.088Z","userId":"68232ad8828bda58cee1736f","action":"view","resourceType":"HealthData","resourceId":"latest","details":"MongoDB view on HealthData","userIp":"","userAgent":""}
{"timestamp":"2025-05-13T11:51:57.098Z","userId":"68232ad8828bda58cee1736f","action":"view","resourceType":"AIInsight","resourceId":"multiple","details":"MongoDB view on AIInsight","userIp":"","userAgent":""}
{"timestamp":"2025-05-13T11:51:57.107Z","userId":68232,"action":"view","resourceType":"Goal","resourceId":"multiple","details":"MongoDB view on Goal","userIp":"","userAgent":""}
{"timestamp":"2025-05-13T11:51:57.121Z","userId":68232,"action":"view","resourceType":"Reminder","resourceId":"multiple","details":"MongoDB view on Reminder","userIp":"","userAgent":""}
{"timestamp":"2025-05-13T11:58:17.780Z","userId":0,"action":"view","resourceType":"User","resourceId":"sasu","details":"MongoDB view on User","userIp":"","userAgent":""}
{"timestamp":"2025-05-13T11:58:17.996Z","userId":"68232ad8828bda58cee1736f","action":"view","resourceType":"User","resourceId":"68232ad8828bda58cee1736f","details":"MongoDB view on User","userIp":"","userAgent":""}
{"timestamp":"2025-05-13T11:58:18.022Z","userId":"68232ad8828bda58cee1736f","action":"view","resourceType":"User","resourceId":"68232ad8828bda58cee1736f","details":"MongoDB view on User","userIp":"","userAgent":""}
{"timestamp":"2025-05-13T11:58:18.031Z","userId":"68232ad8828bda58cee1736f","action":"view","resourceType":"User","resourceId":"68232ad8828bda58cee1736f","details":"MongoDB view on User","userIp":"","userAgent":""}
{"timestamp":"2025-05-13T11:58:18.035Z","userId":"68232ad8828bda58cee1736f","action":"view","resourceType":"User","resourceId":"68232ad8828bda58cee1736f","details":"MongoDB view on User","userIp":"","userAgent":""}
{"timestamp":"2025-05-13T11:58:18.038Z","userId":"68232ad8828bda58cee1736f","action":"view","resourceType":"User","resourceId":"68232ad8828bda58cee1736f","details":"MongoDB view on User","userIp":"","userAgent":""}
{"timestamp":"2025-05-13T11:58:18.045Z","userId":"68232ad8828bda58cee1736f","action":"view","resourceType":"User","resourceId":"68232ad8828bda58cee1736f","details":"MongoDB view on User","userIp":"","userAgent":""}
{"timestamp":"2025-05-13T11:58:18.056Z","userId":"68232ad8828bda58cee1736f","action":"view","resourceType":"HealthData","resourceId":"latest","details":"MongoDB view on HealthData","userIp":"","userAgent":""}
{"timestamp":"2025-05-13T11:58:18.071Z","userId":0,"action":"view","resourceType":"Doctor","resourceId":"multiple","details":"MongoDB view on Doctor","userIp":"","userAgent":""}
{"timestamp":"2025-05-13T11:58:18.084Z","userId":"68232ad8828bda58cee1736f","action":"view","resourceType":"AIInsight","resourceId":"multiple","details":"MongoDB view on AIInsight","userIp":"","userAgent":""}
{"timestamp":"2025-05-13T11:58:18.167Z","userId":68232,"action":"view","resourceType":"Reminder","resourceId":"multiple","details":"MongoDB view on Reminder","userIp":"","userAgent":""}
{"timestamp":"2025-05-13T11:58:18.183Z","userId":68232,"action":"view","resourceType":"Goal","resourceId":"multiple","details":"MongoDB view on Goal","userIp":"","userAgent":""}
{"timestamp":"2025-05-13T11:58:18.256Z","userId":"68232ad8828bda58cee1736f","action":"view","resourceType":"User","resourceId":"68232ad8828bda58cee1736f","details":"MongoDB view on User","userIp":"","userAgent":""}
{"timestamp":"2025-05-13T11:58:18.267Z","userId":"68232ad8828bda58cee1736f","action":"view","resourceType":"User","resourceId":"68232ad8828bda58cee1736f","details":"MongoDB view on User","userIp":"","userAgent":""}
{"timestamp":"2025-05-13T11:58:18.296Z","userId":"68232ad8828bda58cee1736f","action":"view","resourceType":"User","resourceId":"68232ad8828bda58cee1736f","details":"MongoDB view on User","userIp":"","userAgent":""}
{"timestamp":"2025-05-13T11:58:18.302Z","userId":"68232ad8828bda58cee1736f","action":"view","resourceType":"User","resourceId":"68232ad8828bda58cee1736f","details":"MongoDB view on User","userIp":"","userAgent":""}
{"timestamp":"2025-05-13T11:58:18.307Z","userId":"68232ad8828bda58cee1736f","action":"view","resourceType":"User","resourceId":"68232ad8828bda58cee1736f","details":"MongoDB view on User","userIp":"","userAgent":""}
{"timestamp":"2025-05-13T11:58:18.313Z","userId":"68232ad8828bda58cee1736f","action":"view","resourceType":"User","resourceId":"68232ad8828bda58cee1736f","details":"MongoDB view on User","userIp":"","userAgent":""}
{"timestamp":"2025-05-13T11:58:18.322Z","userId":68232,"action":"view","resourceType":"Goal","resourceId":"multiple","details":"MongoDB view on Goal","userIp":"","userAgent":""}
{"timestamp":"2025-05-13T11:58:18.332Z","userId":"68232ad8828bda58cee1736f","action":"view","resourceType":"HealthData","resourceId":"latest","details":"MongoDB view on HealthData","userIp":"","userAgent":""}
{"timestamp":"2025-05-13T11:58:18.341Z","userId":68232,"action":"view","resourceType":"Reminder","resourceId":"multiple","details":"MongoDB view on Reminder","userIp":"","userAgent":""}
{"timestamp":"2025-05-13T11:58:18.352Z","userId":0,"action":"view","resourceType":"Doctor","resourceId":"multiple","details":"MongoDB view on Doctor","userIp":"","userAgent":""}
{"timestamp":"2025-05-13T11:58:18.361Z","userId":"68232ad8828bda58cee1736f","action":"view","resourceType":"AIInsight","resourceId":"multiple","details":"MongoDB view on AIInsight","userIp":"","userAgent":""}
{"timestamp":"2025-05-13T12:00:39.761Z","userId":"68232ad8828bda58cee1736f","action":"view","resourceType":"User","resourceId":"68232ad8828bda58cee1736f","details":"MongoDB view on User","userIp":"","userAgent":""}
{"timestamp":"2025-05-13T12:00:40.222Z","userId":"68232ad8828bda58cee1736f","action":"view","resourceType":"User","resourceId":"68232ad8828bda58cee1736f","details":"MongoDB view on User","userIp":"","userAgent":""}
{"timestamp":"2025-05-13T12:00:40.234Z","userId":"68232ad8828bda58cee1736f","action":"view","resourceType":"User","resourceId":"68232ad8828bda58cee1736f","details":"MongoDB view on User","userIp":"","userAgent":""}
{"timestamp":"2025-05-13T12:00:40.238Z","userId":"68232ad8828bda58cee1736f","action":"view","resourceType":"User","resourceId":"68232ad8828bda58cee1736f","details":"MongoDB view on User","userIp":"","userAgent":""}
{"timestamp":"2025-05-13T12:00:40.241Z","userId":"68232ad8828bda58cee1736f","action":"view","resourceType":"User","resourceId":"68232ad8828bda58cee1736f","details":"MongoDB view on User","userIp":"","userAgent":""}
{"timestamp":"2025-05-13T12:00:40.244Z","userId":"68232ad8828bda58cee1736f","action":"view","resourceType":"User","resourceId":"68232ad8828bda58cee1736f","details":"MongoDB view on User","userIp":"","userAgent":""}
{"timestamp":"2025-05-13T12:00:40.246Z","userId":"68232ad8828bda58cee1736f","action":"view","resourceType":"User","resourceId":"68232ad8828bda58cee1736f","details":"MongoDB view on User","userIp":"","userAgent":""}
{"timestamp":"2025-05-13T12:00:40.251Z","userId":"68232ad8828bda58cee1736f","action":"view","resourceType":"AIInsight","resourceId":"multiple","details":"MongoDB view on AIInsight","userIp":"","userAgent":""}
{"timestamp":"2025-05-13T12:00:40.254Z","userId":68232,"action":"view","resourceType":"Goal","resourceId":"multiple","details":"MongoDB view on Goal","userIp":"","userAgent":""}
{"timestamp":"2025-05-13T12:00:40.258Z","userId":68232,"action":"view","resourceType":"Reminder","resourceId":"multiple","details":"MongoDB view on Reminder","userIp":"","userAgent":""}
{"timestamp":"2025-05-13T12:00:40.286Z","userId":0,"action":"view","resourceType":"Doctor","resourceId":"multiple","details":"MongoDB view on Doctor","userIp":"","userAgent":""}
{"timestamp":"2025-05-13T12:00:40.292Z","userId":"68232ad8828bda58cee1736f","action":"view","resourceType":"HealthData","resourceId":"latest","details":"MongoDB view on HealthData","userIp":"","userAgent":""}
{"timestamp":"2025-05-13T12:00:40.320Z","userId":"68232ad8828bda58cee1736f","action":"view","resourceType":"User","resourceId":"68232ad8828bda58cee1736f","details":"MongoDB view on User","userIp":"","userAgent":""}
{"timestamp":"2025-05-13T12:02:56.732Z","userId":"68232ad8828bda58cee1736f","action":"view","resourceType":"User","resourceId":"68232ad8828bda58cee1736f","details":"MongoDB view on User","userIp":"","userAgent":""}
{"timestamp":"2025-05-13T12:02:57.162Z","userId":"68232ad8828bda58cee1736f","action":"view","resourceType":"User","resourceId":"68232ad8828bda58cee1736f","details":"MongoDB view on User","userIp":"","userAgent":""}
{"timestamp":"2025-05-13T12:02:57.168Z","userId":"68232ad8828bda58cee1736f","action":"view","resourceType":"User","resourceId":"68232ad8828bda58cee1736f","details":"MongoDB view on User","userIp":"","userAgent":""}
{"timestamp":"2025-05-13T12:02:57.170Z","userId":"68232ad8828bda58cee1736f","action":"view","resourceType":"User","resourceId":"68232ad8828bda58cee1736f","details":"MongoDB view on User","userIp":"","userAgent":""}
{"timestamp":"2025-05-13T12:02:57.172Z","userId":"68232ad8828bda58cee1736f","action":"view","resourceType":"User","resourceId":"68232ad8828bda58cee1736f","details":"MongoDB view on User","userIp":"","userAgent":""}
{"timestamp":"2025-05-13T12:02:57.174Z","userId":"68232ad8828bda58cee1736f","action":"view","resourceType":"User","resourceId":"68232ad8828bda58cee1736f","details":"MongoDB view on User","userIp":"","userAgent":""}
{"timestamp":"2025-05-13T12:02:57.176Z","userId":"68232ad8828bda58cee1736f","action":"view","resourceType":"User","resourceId":"68232ad8828bda58cee1736f","details":"MongoDB view on User","userIp":"","userAgent":""}
{"timestamp":"2025-05-13T12:02:57.179Z","userId":"68232ad8828bda58cee1736f","action":"view","resourceType":"HealthData","resourceId":"latest","details":"MongoDB view on HealthData","userIp":"","userAgent":""}
{"timestamp":"2025-05-13T12:02:57.189Z","userId":68232,"action":"view","resourceType":"Reminder","resourceId":"multiple","details":"MongoDB view on Reminder","userIp":"","userAgent":""}
{"timestamp":"2025-05-13T12:02:57.194Z","userId":68232,"action":"view","resourceType":"Goal","resourceId":"multiple","details":"MongoDB view on Goal","userIp":"","userAgent":""}
{"timestamp":"2025-05-13T12:02:57.211Z","userId":"68232ad8828bda58cee1736f","action":"view","resourceType":"AIInsight","resourceId":"multiple","details":"MongoDB view on AIInsight","userIp":"","userAgent":""}
{"timestamp":"2025-05-13T12:02:57.256Z","userId":0,"action":"view","resourceType":"Doctor","resourceId":"multiple","details":"MongoDB view on Doctor","userIp":"","userAgent":""}
{"timestamp":"2025-05-13T12:02:57.277Z","userId":"68232ad8828bda58cee1736f","action":"view","resourceType":"User","resourceId":"68232ad8828bda58cee1736f","details":"MongoDB view on User","userIp":"","userAgent":""}
{"timestamp":"2025-05-13T12:04:19.251Z","userId":"68232ad8828bda58cee1736f","action":"view","resourceType":"User","resourceId":"68232ad8828bda58cee1736f","details":"MongoDB view on User","userIp":"","userAgent":""}
{"timestamp":"2025-05-13T12:04:19.664Z","userId":"68232ad8828bda58cee1736f","action":"view","resourceType":"User","resourceId":"68232ad8828bda58cee1736f","details":"MongoDB view on User","userIp":"","userAgent":""}
{"timestamp":"2025-05-13T12:04:19.668Z","userId":"68232ad8828bda58cee1736f","action":"view","resourceType":"HealthData","resourceId":"latest","details":"MongoDB view on HealthData","userIp":"","userAgent":""}
{"timestamp":"2025-05-13T12:04:19.673Z","userId":"68232ad8828bda58cee1736f","action":"view","resourceType":"User","resourceId":"68232ad8828bda58cee1736f","details":"MongoDB view on User","userIp":"","userAgent":""}
{"timestamp":"2025-05-13T12:04:19.675Z","userId":"68232ad8828bda58cee1736f","action":"view","resourceType":"User","resourceId":"68232ad8828bda58cee1736f","details":"MongoDB view on User","userIp":"","userAgent":""}
{"timestamp":"2025-05-13T12:04:19.682Z","userId":"68232ad8828bda58cee1736f","action":"view","resourceType":"User","resourceId":"68232ad8828bda58cee1736f","details":"MongoDB view on User","userIp":"","userAgent":""}
{"timestamp":"2025-05-13T12:04:19.685Z","userId":"68232ad8828bda58cee1736f","action":"view","resourceType":"User","resourceId":"68232ad8828bda58cee1736f","details":"MongoDB view on User","userIp":"","userAgent":""}
{"timestamp":"2025-05-13T12:04:19.687Z","userId":"68232ad8828bda58cee1736f","action":"view","resourceType":"User","resourceId":"68232ad8828bda58cee1736f","details":"MongoDB view on User","userIp":"","userAgent":""}
{"timestamp":"2025-05-13T12:04:19.692Z","userId":68232,"action":"view","resourceType":"Reminder","resourceId":"multiple","details":"MongoDB view on Reminder","userIp":"","userAgent":""}
{"timestamp":"2025-05-13T12:04:19.704Z","userId":68232,"action":"view","resourceType":"Goal","resourceId":"multiple","details":"MongoDB view on Goal","userIp":"","userAgent":""}
{"timestamp":"2025-05-13T12:04:19.716Z","userId":"68232ad8828bda58cee1736f","action":"view","resourceType":"AIInsight","resourceId":"multiple","details":"MongoDB view on AIInsight","userIp":"","userAgent":""}
{"timestamp":"2025-05-13T12:04:19.726Z","userId":0,"action":"view","resourceType":"Doctor","resourceId":"multiple","details":"MongoDB view on Doctor","userIp":"","userAgent":""}
{"timestamp":"2025-05-13T12:04:19.797Z","userId":"68232ad8828bda58cee1736f","action":"view","resourceType":"User","resourceId":"68232ad8828bda58cee1736f","details":"MongoDB view on User","userIp":"","userAgent":""}
{"timestamp":"2025-05-13T12:04:19.800Z","userId":"68232ad8828bda58cee1736f","action":"view","resourceType":"User","resourceId":"68232ad8828bda58cee1736f","details":"MongoDB view on User","userIp":"","userAgent":""}
{"timestamp":"2025-05-13T12:04:19.805Z","userId":"68232ad8828bda58cee1736f","action":"view","resourceType":"HealthData","resourceId":"latest","details":"MongoDB view on HealthData","userIp":"","userAgent":""}
{"timestamp":"2025-05-13T12:04:29.195Z","userId":"68232ad8828bda58cee1736f","action":"view","resourceType":"User","resourceId":"68232ad8828bda58cee1736f","details":"MongoDB view on User","userIp":"","userAgent":""}
{"timestamp":"2025-05-13T12:04:36.664Z","userId":0,"action":"view","resourceType":"User","resourceId":"sasu","details":"MongoDB view on User","userIp":"","userAgent":""}
{"timestamp":"2025-05-13T12:04:36.861Z","userId":"68232ad8828bda58cee1736f","action":"view","resourceType":"User","resourceId":"68232ad8828bda58cee1736f","details":"MongoDB view on User","userIp":"","userAgent":""}
{"timestamp":"2025-05-13T12:04:36.897Z","userId":"68232ad8828bda58cee1736f","action":"view","resourceType":"User","resourceId":"68232ad8828bda58cee1736f","details":"MongoDB view on User","userIp":"","userAgent":""}
{"timestamp":"2025-05-13T12:04:36.907Z","userId":"68232ad8828bda58cee1736f","action":"view","resourceType":"User","resourceId":"68232ad8828bda58cee1736f","details":"MongoDB view on User","userIp":"","userAgent":""}
{"timestamp":"2025-05-13T12:04:36.910Z","userId":"68232ad8828bda58cee1736f","action":"view","resourceType":"User","resourceId":"68232ad8828bda58cee1736f","details":"MongoDB view on User","userIp":"","userAgent":""}
{"timestamp":"2025-05-13T12:04:36.912Z","userId":"68232ad8828bda58cee1736f","action":"view","resourceType":"User","resourceId":"68232ad8828bda58cee1736f","details":"MongoDB view on User","userIp":"","userAgent":""}
{"timestamp":"2025-05-13T12:04:36.921Z","userId":0,"action":"view","resourceType":"Doctor","resourceId":"multiple","details":"MongoDB view on Doctor","userIp":"","userAgent":""}
{"timestamp":"2025-05-13T12:04:36.930Z","userId":"68232ad8828bda58cee1736f","action":"view","resourceType":"HealthData","resourceId":"latest","details":"MongoDB view on HealthData","userIp":"","userAgent":""}
{"timestamp":"2025-05-13T12:04:36.959Z","userId":"68232ad8828bda58cee1736f","action":"view","resourceType":"User","resourceId":"68232ad8828bda58cee1736f","details":"MongoDB view on User","userIp":"","userAgent":""}
{"timestamp":"2025-05-13T12:04:36.965Z","userId":"68232ad8828bda58cee1736f","action":"view","resourceType":"User","resourceId":"68232ad8828bda58cee1736f","details":"MongoDB view on User","userIp":"","userAgent":""}
{"timestamp":"2025-05-13T12:04:36.972Z","userId":"68232ad8828bda58cee1736f","action":"view","resourceType":"AIInsight","resourceId":"multiple","details":"MongoDB view on AIInsight","userIp":"","userAgent":""}
{"timestamp":"2025-05-13T12:04:36.981Z","userId":68232,"action":"view","resourceType":"Reminder","resourceId":"multiple","details":"MongoDB view on Reminder","userIp":"","userAgent":""}
{"timestamp":"2025-05-13T12:04:36.991Z","userId":68232,"action":"view","resourceType":"Goal","resourceId":"multiple","details":"MongoDB view on Goal","userIp":"","userAgent":""}
{"timestamp":"2025-05-13T12:04:57.800Z","userId":"68232ad8828bda58cee1736f","action":"view","resourceType":"User","resourceId":"68232ad8828bda58cee1736f","details":"MongoDB view on User","userIp":"","userAgent":""}
{"timestamp":"2025-05-13T12:05:03.045Z","userId":0,"action":"view","resourceType":"User","resourceId":"aaa","details":"MongoDB view on User","userIp":"","userAgent":""}
{"timestamp":"2025-05-13T12:05:03.216Z","userId":"68232d2ef48a989182244092","action":"view","resourceType":"User","resourceId":"68232d2ef48a989182244092","details":"MongoDB view on User","userIp":"","userAgent":""}
{"timestamp":"2025-05-13T12:05:03.223Z","userId":"68232d2ef48a989182244092","action":"view","resourceType":"HealthData","resourceId":"latest","details":"MongoDB view on HealthData","userIp":"","userAgent":""}
{"timestamp":"2025-05-13T12:05:03.234Z","userId":"68232d2ef48a989182244092","action":"view","resourceType":"User","resourceId":"68232d2ef48a989182244092","details":"MongoDB view on User","userIp":"","userAgent":""}
{"timestamp":"2025-05-13T12:05:03.235Z","userId":"68232d2ef48a989182244092","action":"view","resourceType":"User","resourceId":"68232d2ef48a989182244092","details":"MongoDB view on User","userIp":"","userAgent":""}
{"timestamp":"2025-05-13T12:05:03.237Z","userId":"68232d2ef48a989182244092","action":"view","resourceType":"User","resourceId":"68232d2ef48a989182244092","details":"MongoDB view on User","userIp":"","userAgent":""}
{"timestamp":"2025-05-13T12:05:03.239Z","userId":"68232d2ef48a989182244092","action":"view","resourceType":"User","resourceId":"68232d2ef48a989182244092","details":"MongoDB view on User","userIp":"","userAgent":""}
{"timestamp":"2025-05-13T12:05:03.243Z","userId":"68232d2ef48a989182244092","action":"view","resourceType":"AIInsight","resourceId":"multiple","details":"MongoDB view on AIInsight","userIp":"","userAgent":""}
{"timestamp":"2025-05-13T12:05:03.255Z","userId":68232,"action":"view","resourceType":"Reminder","resourceId":"multiple","details":"MongoDB view on Reminder","userIp":"","userAgent":""}
{"timestamp":"2025-05-13T12:05:03.267Z","userId":68232,"action":"view","resourceType":"Goal","resourceId":"multiple","details":"MongoDB view on Goal","userIp":"","userAgent":""}
{"timestamp":"2025-05-13T12:05:03.308Z","userId":"68232d2ef48a989182244092","action":"view","resourceType":"User","resourceId":"68232d2ef48a989182244092","details":"MongoDB view on User","userIp":"","userAgent":""}
{"timestamp":"2025-05-13T12:05:03.328Z","userId":"68232d2ef48a989182244092","action":"view","resourceType":"User","resourceId":"68232d2ef48a989182244092","details":"MongoDB view on User","userIp":"","userAgent":""}
{"timestamp":"2025-05-13T12:05:03.332Z","userId":"68232d2ef48a989182244092","action":"view","resourceType":"User","resourceId":"68232d2ef48a989182244092","details":"MongoDB view on User","userIp":"","userAgent":""}
{"timestamp":"2025-05-13T12:05:03.337Z","userId":"68232d2ef48a989182244092","action":"view","resourceType":"User","resourceId":"68232d2ef48a989182244092","details":"MongoDB view on User","userIp":"","userAgent":""}
{"timestamp":"2025-05-13T12:05:03.342Z","userId":"68232d2ef48a989182244092","action":"view","resourceType":"User","resourceId":"68232d2ef48a989182244092","details":"MongoDB view on User","userIp":"","userAgent":""}
{"timestamp":"2025-05-13T12:05:03.346Z","userId":"68232d2ef48a989182244092","action":"view","resourceType":"User","resourceId":"68232d2ef48a989182244092","details":"MongoDB view on User","userIp":"","userAgent":""}
{"timestamp":"2025-05-13T12:05:03.356Z","userId":0,"action":"view","resourceType":"Doctor","resourceId":"multiple","details":"MongoDB view on Doctor","userIp":"","userAgent":""}
{"timestamp":"2025-05-13T12:05:03.365Z","userId":68232,"action":"view","resourceType":"Reminder","resourceId":"multiple","details":"MongoDB view on Reminder","userIp":"","userAgent":""}
{"timestamp":"2025-05-13T12:05:03.374Z","userId":"68232d2ef48a989182244092","action":"view","resourceType":"AIInsight","resourceId":"multiple","details":"MongoDB view on AIInsight","userIp":"","userAgent":""}
{"timestamp":"2025-05-13T12:05:03.381Z","userId":"68232d2ef48a989182244092","action":"view","resourceType":"HealthData","resourceId":"latest","details":"MongoDB view on HealthData","userIp":"","userAgent":""}
{"timestamp":"2025-05-13T12:05:03.391Z","userId":68232,"action":"view","resourceType":"Goal","resourceId":"multiple","details":"MongoDB view on Goal","userIp":"","userAgent":""}
{"timestamp":"2025-05-13T12:06:27.076Z","userId":"68232d2ef48a989182244092","action":"view","resourceType":"User","resourceId":"68232d2ef48a989182244092","details":"MongoDB view on User","userIp":"","userAgent":""}
{"timestamp":"2025-05-13T12:06:27.498Z","userId":"68232d2ef48a989182244092","action":"view","resourceType":"User","resourceId":"68232d2ef48a989182244092","details":"MongoDB view on User","userIp":"","userAgent":""}
{"timestamp":"2025-05-13T12:06:27.505Z","userId":"68232d2ef48a989182244092","action":"view","resourceType":"User","resourceId":"68232d2ef48a989182244092","details":"MongoDB view on User","userIp":"","userAgent":""}
{"timestamp":"2025-05-13T12:06:27.506Z","userId":"68232d2ef48a989182244092","action":"view","resourceType":"User","resourceId":"68232d2ef48a989182244092","details":"MongoDB view on User","userIp":"","userAgent":""}
{"timestamp":"2025-05-13T12:06:27.508Z","userId":"68232d2ef48a989182244092","action":"view","resourceType":"User","resourceId":"68232d2ef48a989182244092","details":"MongoDB view on User","userIp":"","userAgent":""}
{"timestamp":"2025-05-13T12:06:27.509Z","userId":"68232d2ef48a989182244092","action":"view","resourceType":"User","resourceId":"68232d2ef48a989182244092","details":"MongoDB view on User","userIp":"","userAgent":""}
{"timestamp":"2025-05-13T12:06:27.511Z","userId":"68232d2ef48a989182244092","action":"view","resourceType":"User","resourceId":"68232d2ef48a989182244092","details":"MongoDB view on User","userIp":"","userAgent":""}
{"timestamp":"2025-05-13T12:06:27.514Z","userId":"68232d2ef48a989182244092","action":"view","resourceType":"HealthData","resourceId":"latest","details":"MongoDB view on HealthData","userIp":"","userAgent":""}
{"timestamp":"2025-05-13T12:06:27.518Z","userId":0,"action":"view","resourceType":"Doctor","resourceId":"multiple","details":"MongoDB view on Doctor","userIp":"","userAgent":""}
{"timestamp":"2025-05-13T12:06:27.526Z","userId":68232,"action":"view","resourceType":"Goal","resourceId":"multiple","details":"MongoDB view on Goal","userIp":"","userAgent":""}
{"timestamp":"2025-05-13T12:06:27.542Z","userId":"68232d2ef48a989182244092","action":"view","resourceType":"AIInsight","resourceId":"multiple","details":"MongoDB view on AIInsight","userIp":"","userAgent":""}
{"timestamp":"2025-05-13T12:06:27.553Z","userId":68232,"action":"view","resourceType":"Reminder","resourceId":"multiple","details":"MongoDB view on Reminder","userIp":"","userAgent":""}
{"timestamp":"2025-05-13T12:06:27.603Z","userId":"68232d2ef48a989182244092","action":"view","resourceType":"User","resourceId":"68232d2ef48a989182244092","details":"MongoDB view on User","userIp":"","userAgent":""}
{"timestamp":"2025-05-13T12:06:33.871Z","userId":"68232d2ef48a989182244092","action":"view","resourceType":"User","resourceId":"68232d2ef48a989182244092","details":"MongoDB view on User","userIp":"","userAgent":""}
{"timestamp":"2025-05-13T12:06:34.181Z","userId":"68232d2ef48a989182244092","action":"view","resourceType":"User","resourceId":"68232d2ef48a989182244092","details":"MongoDB view on User","userIp":"","userAgent":""}
{"timestamp":"2025-05-13T12:06:34.188Z","userId":"68232d2ef48a989182244092","action":"view","resourceType":"User","resourceId":"68232d2ef48a989182244092","details":"MongoDB view on User","userIp":"","userAgent":""}
{"timestamp":"2025-05-13T12:06:34.189Z","userId":"68232d2ef48a989182244092","action":"view","resourceType":"User","resourceId":"68232d2ef48a989182244092","details":"MongoDB view on User","userIp":"","userAgent":""}
{"timestamp":"2025-05-13T12:06:34.192Z","userId":"68232d2ef48a989182244092","action":"view","resourceType":"User","resourceId":"68232d2ef48a989182244092","details":"MongoDB view on User","userIp":"","userAgent":""}
{"timestamp":"2025-05-13T12:06:34.198Z","userId":"68232d2ef48a989182244092","action":"view","resourceType":"HealthData","resourceId":"latest","details":"MongoDB view on HealthData","userIp":"","userAgent":""}
{"timestamp":"2025-05-13T12:06:34.202Z","userId":"68232d2ef48a989182244092","action":"view","resourceType":"AIInsight","resourceId":"multiple","details":"MongoDB view on AIInsight","userIp":"","userAgent":""}
{"timestamp":"2025-05-13T12:06:34.204Z","userId":0,"action":"view","resourceType":"Doctor","resourceId":"multiple","details":"MongoDB view on Doctor","userIp":"","userAgent":""}
{"timestamp":"2025-05-13T12:06:34.206Z","userId":"68232d2ef48a989182244092","action":"view","resourceType":"User","resourceId":"68232d2ef48a989182244092","details":"MongoDB view on User","userIp":"","userAgent":""}
{"timestamp":"2025-05-13T12:06:34.207Z","userId":"68232d2ef48a989182244092","action":"view","resourceType":"User","resourceId":"68232d2ef48a989182244092","details":"MongoDB view on User","userIp":"","userAgent":""}
{"timestamp":"2025-05-13T12:06:34.235Z","userId":68232,"action":"view","resourceType":"Reminder","resourceId":"multiple","details":"MongoDB view on Reminder","userIp":"","userAgent":""}
{"timestamp":"2025-05-13T12:06:34.242Z","userId":68232,"action":"view","resourceType":"Goal","resourceId":"multiple","details":"MongoDB view on Goal","userIp":"","userAgent":""}
{"timestamp":"2025-05-13T12:06:34.257Z","userId":"68232d2ef48a989182244092","action":"view","resourceType":"User","resourceId":"68232d2ef48a989182244092","details":"MongoDB view on User","userIp":"","userAgent":""}
{"timestamp":"2025-05-13T12:06:50.972Z","userId":"68232d2ef48a989182244092","action":"view","resourceType":"User","resourceId":"68232d2ef48a989182244092","details":"MongoDB view on User","userIp":"","userAgent":""}
{"timestamp":"2025-05-13T12:09:23.752Z","userId":0,"action":"view","resourceType":"User","resourceId":"aaa","details":"MongoDB view on User","userIp":"","userAgent":""}
{"timestamp":"2025-05-13T12:09:23.974Z","userId":"68232d2ef48a989182244092","action":"view","resourceType":"User","resourceId":"68232d2ef48a989182244092","details":"MongoDB view on User","userIp":"","userAgent":""}
{"timestamp":"2025-05-13T12:09:23.983Z","userId":"68232d2ef48a989182244092","action":"view","resourceType":"User","resourceId":"68232d2ef48a989182244092","details":"MongoDB view on User","userIp":"","userAgent":""}
{"timestamp":"2025-05-13T12:09:23.990Z","userId":"68232d2ef48a989182244092","action":"view","resourceType":"HealthData","resourceId":"latest","details":"MongoDB view on HealthData","userIp":"","userAgent":""}
{"timestamp":"2025-05-13T12:09:23.999Z","userId":"68232d2ef48a989182244092","action":"view","resourceType":"User","resourceId":"68232d2ef48a989182244092","details":"MongoDB view on User","userIp":"","userAgent":""}
{"timestamp":"2025-05-13T12:09:24.002Z","userId":"68232d2ef48a989182244092","action":"view","resourceType":"User","resourceId":"68232d2ef48a989182244092","details":"MongoDB view on User","userIp":"","userAgent":""}
{"timestamp":"2025-05-13T12:09:24.006Z","userId":"68232d2ef48a989182244092","action":"view","resourceType":"User","resourceId":"68232d2ef48a989182244092","details":"MongoDB view on User","userIp":"","userAgent":""}
{"timestamp":"2025-05-13T12:09:24.010Z","userId":"68232d2ef48a989182244092","action":"view","resourceType":"User","resourceId":"68232d2ef48a989182244092","details":"MongoDB view on User","userIp":"","userAgent":""}
{"timestamp":"2025-05-13T12:09:24.019Z","userId":"68232d2ef48a989182244092","action":"view","resourceType":"AIInsight","resourceId":"multiple","details":"MongoDB view on AIInsight","userIp":"","userAgent":""}
{"timestamp":"2025-05-13T12:09:24.038Z","userId":0,"action":"view","resourceType":"Doctor","resourceId":"multiple","details":"MongoDB view on Doctor","userIp":"","userAgent":""}
{"timestamp":"2025-05-13T12:09:24.044Z","userId":"68232d2ef48a989182244092","action":"view","resourceType":"Reminder","resourceId":"multiple","details":"MongoDB view on Reminder","userIp":"","userAgent":""}
{"timestamp":"2025-05-13T12:09:24.118Z","userId":68232,"action":"view","resourceType":"Goal","resourceId":"multiple","details":"MongoDB view on Goal","userIp":"","userAgent":""}
{"timestamp":"2025-05-13T12:09:24.216Z","userId":"68232d2ef48a989182244092","action":"view","resourceType":"User","resourceId":"68232d2ef48a989182244092","details":"MongoDB view on User","userIp":"","userAgent":""}
{"timestamp":"2025-05-13T12:09:24.225Z","userId":"68232d2ef48a989182244092","action":"view","resourceType":"User","resourceId":"68232d2ef48a989182244092","details":"MongoDB view on User","userIp":"","userAgent":""}
{"timestamp":"2025-05-13T12:09:24.227Z","userId":"68232d2ef48a989182244092","action":"view","resourceType":"User","resourceId":"68232d2ef48a989182244092","details":"MongoDB view on User","userIp":"","userAgent":""}
{"timestamp":"2025-05-13T12:09:24.229Z","userId":"68232d2ef48a989182244092","action":"view","resourceType":"User","resourceId":"68232d2ef48a989182244092","details":"MongoDB view on User","userIp":"","userAgent":""}
{"timestamp":"2025-05-13T12:09:24.232Z","userId":"68232d2ef48a989182244092","action":"view","resourceType":"User","resourceId":"68232d2ef48a989182244092","details":"MongoDB view on User","userIp":"","userAgent":""}
{"timestamp":"2025-05-13T12:09:24.235Z","userId":"68232d2ef48a989182244092","action":"view","resourceType":"User","resourceId":"68232d2ef48a989182244092","details":"MongoDB view on User","userIp":"","userAgent":""}
{"timestamp":"2025-05-13T12:09:24.241Z","userId":"68232d2ef48a989182244092","action":"view","resourceType":"HealthData","resourceId":"latest","details":"MongoDB view on HealthData","userIp":"","userAgent":""}
{"timestamp":"2025-05-13T12:09:24.245Z","userId":0,"action":"view","resourceType":"Doctor","resourceId":"multiple","details":"MongoDB view on Doctor","userIp":"","userAgent":""}
{"timestamp":"2025-05-13T12:09:24.251Z","userId":"68232d2ef48a989182244092","action":"view","resourceType":"AIInsight","resourceId":"multiple","details":"MongoDB view on AIInsight","userIp":"","userAgent":""}
{"timestamp":"2025-05-13T12:09:24.266Z","userId":"68232d2ef48a989182244092","action":"view","resourceType":"Reminder","resourceId":"multiple","details":"MongoDB view on Reminder","userIp":"","userAgent":""}
{"timestamp":"2025-05-13T12:09:24.275Z","userId":68232,"action":"view","resourceType":"Goal","resourceId":"multiple","details":"MongoDB view on Goal","userIp":"","userAgent":""}
{"timestamp":"2025-05-13T12:09:36.743Z","userId":"68232d2ef48a989182244092","action":"view","resourceType":"User","resourceId":"68232d2ef48a989182244092","details":"MongoDB view on User","userIp":"","userAgent":""}
{"timestamp":"2025-05-13T12:14:13.384Z","userId":0,"action":"view","resourceType":"User","resourceId":"aaa","details":"MongoDB view on User","userIp":"","userAgent":""}
{"timestamp":"2025-05-13T12:14:13.621Z","userId":"68232d2ef48a989182244092","action":"view","resourceType":"User","resourceId":"68232d2ef48a989182244092","details":"MongoDB view on User","userIp":"","userAgent":""}
{"timestamp":"2025-05-13T12:14:13.646Z","userId":"68232d2ef48a989182244092","action":"view","resourceType":"User","resourceId":"68232d2ef48a989182244092","details":"MongoDB view on User","userIp":"","userAgent":""}
{"timestamp":"2025-05-13T12:14:13.651Z","userId":"68232d2ef48a989182244092","action":"view","resourceType":"User","resourceId":"68232d2ef48a989182244092","details":"MongoDB view on User","userIp":"","userAgent":""}
{"timestamp":"2025-05-13T12:14:13.688Z","userId":"68232d2ef48a989182244092","action":"view","resourceType":"User","resourceId":"68232d2ef48a989182244092","details":"MongoDB view on User","userIp":"","userAgent":""}
{"timestamp":"2025-05-13T12:14:13.692Z","userId":"68232d2ef48a989182244092","action":"view","resourceType":"User","resourceId":"68232d2ef48a989182244092","details":"MongoDB view on User","userIp":"","userAgent":""}
{"timestamp":"2025-05-13T12:14:13.697Z","userId":"68232d2ef48a989182244092","action":"view","resourceType":"User","resourceId":"68232d2ef48a989182244092","details":"MongoDB view on User","userIp":"","userAgent":""}
{"timestamp":"2025-05-13T12:14:13.709Z","userId":"68232d2ef48a989182244092","action":"view","resourceType":"HealthData","resourceId":"latest","details":"MongoDB view on HealthData","userIp":"","userAgent":""}
{"timestamp":"2025-05-13T12:14:13.718Z","userId":"68232d2ef48a989182244092","action":"view","resourceType":"AIInsight","resourceId":"multiple","details":"MongoDB view on AIInsight","userIp":"","userAgent":""}
{"timestamp":"2025-05-13T12:14:13.729Z","userId":0,"action":"view","resourceType":"Doctor","resourceId":"multiple","details":"MongoDB view on Doctor","userIp":"","userAgent":""}
{"timestamp":"2025-05-13T12:14:13.816Z","userId":"68232d2ef48a989182244092","action":"view","resourceType":"Reminder","resourceId":"multiple","details":"MongoDB view on Reminder","userIp":"","userAgent":""}
{"timestamp":"2025-05-13T12:14:13.879Z","userId":68232,"action":"view","resourceType":"Goal","resourceId":"multiple","details":"MongoDB view on Goal","userIp":"","userAgent":""}
{"timestamp":"2025-05-13T12:14:13.906Z","userId":"68232d2ef48a989182244092","action":"view","resourceType":"User","resourceId":"68232d2ef48a989182244092","details":"MongoDB view on User","userIp":"","userAgent":""}
{"timestamp":"2025-05-13T12:14:13.924Z","userId":"68232d2ef48a989182244092","action":"view","resourceType":"User","resourceId":"68232d2ef48a989182244092","details":"MongoDB view on User","userIp":"","userAgent":""}
{"timestamp":"2025-05-13T12:14:13.929Z","userId":"68232d2ef48a989182244092","action":"view","resourceType":"User","resourceId":"68232d2ef48a989182244092","details":"MongoDB view on User","userIp":"","userAgent":""}
{"timestamp":"2025-05-13T12:14:13.934Z","userId":"68232d2ef48a989182244092","action":"view","resourceType":"User","resourceId":"68232d2ef48a989182244092","details":"MongoDB view on User","userIp":"","userAgent":""}
{"timestamp":"2025-05-13T12:14:13.940Z","userId":"68232d2ef48a989182244092","action":"view","resourceType":"User","resourceId":"68232d2ef48a989182244092","details":"MongoDB view on User","userIp":"","userAgent":""}
{"timestamp":"2025-05-13T12:14:13.953Z","userId":"68232d2ef48a989182244092","action":"view","resourceType":"HealthData","resourceId":"latest","details":"MongoDB view on HealthData","userIp":"","userAgent":""}
{"timestamp":"2025-05-13T12:14:13.963Z","userId":"68232d2ef48a989182244092","action":"view","resourceType":"AIInsight","resourceId":"multiple","details":"MongoDB view on AIInsight","userIp":"","userAgent":""}
{"timestamp":"2025-05-13T12:14:13.973Z","userId":0,"action":"view","resourceType":"Doctor","resourceId":"multiple","details":"MongoDB view on Doctor","userIp":"","userAgent":""}
{"timestamp":"2025-05-13T12:14:13.982Z","userId":"68232d2ef48a989182244092","action":"view","resourceType":"Reminder","resourceId":"multiple","details":"MongoDB view on Reminder","userIp":"","userAgent":""}
{"timestamp":"2025-05-13T12:14:24.564Z","userId":"68232d2ef48a989182244092","action":"view","resourceType":"User","resourceId":"68232d2ef48a989182244092","details":"MongoDB view on User","userIp":"","userAgent":""}
{"timestamp":"2025-05-13T12:14:24.592Z","userId":"68232d2ef48a989182244092","action":"view","resourceType":"User","resourceId":"68232d2ef48a989182244092","details":"MongoDB view on User","userIp":"","userAgent":""}
{"timestamp":"2025-05-13T12:14:24.596Z","userId":"68232d2ef48a989182244092","action":"view","resourceType":"Reminder","resourceId":"multiple","details":"MongoDB view on Reminder","userIp":"","userAgent":""}
{"timestamp":"2025-05-13T12:14:51.689Z","userId":"68232d2ef48a989182244092","action":"view","resourceType":"User","resourceId":"68232d2ef48a989182244092","details":"MongoDB view on User","userIp":"","userAgent":""}
{"timestamp":"2025-05-13T12:14:51.695Z","userId":"68232d2ef48a989182244092","action":"view","resourceType":"HealthData","resourceId":"multiple","details":"MongoDB view on HealthData","userIp":"","userAgent":""}
{"timestamp":"2025-05-13T12:14:55.919Z","userId":"68232d2ef48a989182244092","action":"view","resourceType":"User","resourceId":"68232d2ef48a989182244092","details":"MongoDB view on User","userIp":"","userAgent":""}
{"timestamp":"2025-05-13T12:14:55.955Z","userId":"68232d2ef48a989182244092","action":"view","resourceType":"User","resourceId":"68232d2ef48a989182244092","details":"MongoDB view on User","userIp":"","userAgent":""}
{"timestamp":"2025-05-13T12:14:55.962Z","userId":"68232d2ef48a989182244092","action":"view","resourceType":"User","resourceId":"68232d2ef48a989182244092","details":"MongoDB view on User","userIp":"","userAgent":""}
{"timestamp":"2025-05-13T12:14:55.964Z","userId":"68232d2ef48a989182244092","action":"view","resourceType":"User","resourceId":"68232d2ef48a989182244092","details":"MongoDB view on User","userIp":"","userAgent":""}
{"timestamp":"2025-05-13T12:14:55.967Z","userId":"68232d2ef48a989182244092","action":"view","resourceType":"User","resourceId":"68232d2ef48a989182244092","details":"MongoDB view on User","userIp":"","userAgent":""}
{"timestamp":"2025-05-13T12:14:55.972Z","userId":"68232d2ef48a989182244092","action":"view","resourceType":"User","resourceId":"68232d2ef48a989182244092","details":"MongoDB view on User","userIp":"","userAgent":""}
{"timestamp":"2025-05-13T12:14:55.984Z","userId":"68232d2ef48a989182244092","action":"view","resourceType":"HealthData","resourceId":"latest","details":"MongoDB view on HealthData","userIp":"","userAgent":""}
{"timestamp":"2025-05-13T12:14:55.992Z","userId":0,"action":"view","resourceType":"Doctor","resourceId":"multiple","details":"MongoDB view on Doctor","userIp":"","userAgent":""}
{"timestamp":"2025-05-13T12:14:56.006Z","userId":"68232d2ef48a989182244092","action":"view","resourceType":"User","resourceId":"68232d2ef48a989182244092","details":"MongoDB view on User","userIp":"","userAgent":""}
{"timestamp":"2025-05-13T12:14:56.026Z","userId":"68232d2ef48a989182244092","action":"view","resourceType":"AIInsight","resourceId":"multiple","details":"MongoDB view on AIInsight","userIp":"","userAgent":""}
{"timestamp":"2025-05-13T12:14:56.038Z","userId":"68232d2ef48a989182244092","action":"view","resourceType":"Reminder","resourceId":"multiple","details":"MongoDB view on Reminder","userIp":"","userAgent":""}
{"timestamp":"2025-05-13T12:14:56.048Z","userId":68232,"action":"view","resourceType":"Goal","resourceId":"multiple","details":"MongoDB view on Goal","userIp":"","userAgent":""}
{"timestamp":"2025-05-13T12:15:29.499Z","userId":"68232d2ef48a989182244092","action":"view","resourceType":"User","resourceId":"68232d2ef48a989182244092","details":"MongoDB view on User","userIp":"","userAgent":""}
{"timestamp":"2025-05-13T12:15:29.521Z","userId":"68232d2ef48a989182244092","action":"create","resourceType":"HealthData","resourceId":"multiple","details":"MongoDB create on HealthData","userIp":"","userAgent":""}
{"timestamp":"2025-05-13T12:15:29.559Z","userId":"68232d2ef48a989182244092","action":"view","resourceType":"User","resourceId":"68232d2ef48a989182244092","details":"MongoDB view on User","userIp":"","userAgent":""}
{"timestamp":"2025-05-13T12:15:29.563Z","userId":"68232d2ef48a989182244092","action":"view","resourceType":"HealthData","resourceId":"latest","details":"MongoDB view on HealthData","userIp":"","userAgent":""}
{"timestamp":"2025-05-13T12:15:33.867Z","userId":"68232d2ef48a989182244092","action":"view","resourceType":"User","resourceId":"68232d2ef48a989182244092","details":"MongoDB view on User","userIp":"","userAgent":""}
{"timestamp":"2025-05-13T12:15:33.872Z","userId":"68232d2ef48a989182244092","action":"view","resourceType":"HealthData","resourceId":"multiple","details":"MongoDB view on HealthData","userIp":"","userAgent":""}
{"timestamp":"2025-05-13T12:15:45.579Z","userId":"68232d2ef48a989182244092","action":"view","resourceType":"User","resourceId":"68232d2ef48a989182244092","details":"MongoDB view on User","userIp":"","userAgent":""}
{"timestamp":"2025-05-13T12:15:45.632Z","userId":"68232d2ef48a989182244092","action":"view","resourceType":"User","resourceId":"68232d2ef48a989182244092","details":"MongoDB view on User","userIp":"","userAgent":""}
{"timestamp":"2025-05-13T12:15:45.660Z","userId":"68232d2ef48a989182244092","action":"view","resourceType":"User","resourceId":"68232d2ef48a989182244092","details":"MongoDB view on User","userIp":"","userAgent":""}
{"timestamp":"2025-05-13T12:15:45.665Z","userId":"68232d2ef48a989182244092","action":"view","resourceType":"User","resourceId":"68232d2ef48a989182244092","details":"MongoDB view on User","userIp":"","userAgent":""}
{"timestamp":"2025-05-13T12:15:45.670Z","userId":"68232d2ef48a989182244092","action":"view","resourceType":"User","resourceId":"68232d2ef48a989182244092","details":"MongoDB view on User","userIp":"","userAgent":""}
{"timestamp":"2025-05-13T12:15:45.674Z","userId":"68232d2ef48a989182244092","action":"view","resourceType":"User","resourceId":"68232d2ef48a989182244092","details":"MongoDB view on User","userIp":"","userAgent":""}
{"timestamp":"2025-05-13T12:15:45.679Z","userId":"68232d2ef48a989182244092","action":"view","resourceType":"User","resourceId":"68232d2ef48a989182244092","details":"MongoDB view on User","userIp":"","userAgent":""}
{"timestamp":"2025-05-13T12:15:45.693Z","userId":0,"action":"view","resourceType":"Doctor","resourceId":"multiple","details":"MongoDB view on Doctor","userIp":"","userAgent":""}
{"timestamp":"2025-05-13T12:15:45.703Z","userId":"68232d2ef48a989182244092","action":"view","resourceType":"HealthData","resourceId":"latest","details":"MongoDB view on HealthData","userIp":"","userAgent":""}
{"timestamp":"2025-05-13T12:15:45.715Z","userId":"68232d2ef48a989182244092","action":"view","resourceType":"AIInsight","resourceId":"multiple","details":"MongoDB view on AIInsight","userIp":"","userAgent":""}
{"timestamp":"2025-05-13T12:15:45.751Z","userId":"68232d2ef48a989182244092","action":"view","resourceType":"Reminder","resourceId":"multiple","details":"MongoDB view on Reminder","userIp":"","userAgent":""}
{"timestamp":"2025-05-13T12:15:45.759Z","userId":68232,"action":"view","resourceType":"Goal","resourceId":"multiple","details":"MongoDB view on Goal","userIp":"","userAgent":""}
{"timestamp":"2025-05-13T12:18:56.246Z","userId":"68232d2ef48a989182244092","action":"view","resourceType":"User","resourceId":"68232d2ef48a989182244092","details":"MongoDB view on User","userIp":"","userAgent":""}
{"timestamp":"2025-05-13T12:18:56.273Z","userId":"68232d2ef48a989182244092","action":"view","resourceType":"User","resourceId":"68232d2ef48a989182244092","details":"MongoDB view on User","userIp":"","userAgent":""}
{"timestamp":"2025-05-13T12:18:56.276Z","userId":"68232d2ef48a989182244092","action":"view","resourceType":"Reminder","resourceId":"multiple","details":"MongoDB view on Reminder","userIp":"","userAgent":""}
{"timestamp":"2025-05-13T12:23:41.529Z","userId":0,"action":"view","resourceType":"User","resourceId":"aaa","details":"MongoDB view on User","userIp":"","userAgent":""}
{"timestamp":"2025-05-13T12:23:41.752Z","userId":"68232d2ef48a989182244092","action":"view","resourceType":"User","resourceId":"68232d2ef48a989182244092","details":"MongoDB view on User","userIp":"","userAgent":""}
{"timestamp":"2025-05-13T12:23:41.774Z","userId":"68232d2ef48a989182244092","action":"view","resourceType":"User","resourceId":"68232d2ef48a989182244092","details":"MongoDB view on User","userIp":"","userAgent":""}
{"timestamp":"2025-05-13T12:23:41.777Z","userId":"68232d2ef48a989182244092","action":"view","resourceType":"User","resourceId":"68232d2ef48a989182244092","details":"MongoDB view on User","userIp":"","userAgent":""}
{"timestamp":"2025-05-13T12:23:41.781Z","userId":"68232d2ef48a989182244092","action":"view","resourceType":"User","resourceId":"68232d2ef48a989182244092","details":"MongoDB view on User","userIp":"","userAgent":""}
{"timestamp":"2025-05-13T12:23:41.784Z","userId":"68232d2ef48a989182244092","action":"view","resourceType":"User","resourceId":"68232d2ef48a989182244092","details":"MongoDB view on User","userIp":"","userAgent":""}
{"timestamp":"2025-05-13T12:23:41.788Z","userId":"68232d2ef48a989182244092","action":"view","resourceType":"User","resourceId":"68232d2ef48a989182244092","details":"MongoDB view on User","userIp":"","userAgent":""}
{"timestamp":"2025-05-13T12:23:41.799Z","userId":"68232d2ef48a989182244092","action":"view","resourceType":"HealthData","resourceId":"latest","details":"MongoDB view on HealthData","userIp":"","userAgent":""}
{"timestamp":"2025-05-13T12:23:41.813Z","userId":"68232d2ef48a989182244092","action":"view","resourceType":"AIInsight","resourceId":"multiple","details":"MongoDB view on AIInsight","userIp":"","userAgent":""}
{"timestamp":"2025-05-13T12:23:41.829Z","userId":0,"action":"view","resourceType":"Doctor","resourceId":"multiple","details":"MongoDB view on Doctor","userIp":"","userAgent":""}
{"timestamp":"2025-05-13T12:23:41.840Z","userId":"68232d2ef48a989182244092","action":"view","resourceType":"Reminder","resourceId":"multiple","details":"MongoDB view on Reminder","userIp":"","userAgent":""}
{"timestamp":"2025-05-13T12:23:41.928Z","userId":68232,"action":"view","resourceType":"Goal","resourceId":"multiple","details":"MongoDB view on Goal","userIp":"","userAgent":""}
{"timestamp":"2025-05-13T12:23:42.007Z","userId":"68232d2ef48a989182244092","action":"view","resourceType":"User","resourceId":"68232d2ef48a989182244092","details":"MongoDB view on User","userIp":"","userAgent":""}
{"timestamp":"2025-05-13T12:23:42.020Z","userId":"68232d2ef48a989182244092","action":"view","resourceType":"User","resourceId":"68232d2ef48a989182244092","details":"MongoDB view on User","userIp":"","userAgent":""}
{"timestamp":"2025-05-13T12:23:42.026Z","userId":"68232d2ef48a989182244092","action":"view","resourceType":"User","resourceId":"68232d2ef48a989182244092","details":"MongoDB view on User","userIp":"","userAgent":""}
{"timestamp":"2025-05-13T12:23:42.054Z","userId":"68232d2ef48a989182244092","action":"view","resourceType":"Reminder","resourceId":"multiple","details":"MongoDB view on Reminder","userIp":"","userAgent":""}
{"timestamp":"2025-05-13T12:23:42.063Z","userId":"68232d2ef48a989182244092","action":"view","resourceType":"User","resourceId":"68232d2ef48a989182244092","details":"MongoDB view on User","userIp":"","userAgent":""}
{"timestamp":"2025-05-13T12:23:42.068Z","userId":"68232d2ef48a989182244092","action":"view","resourceType":"User","resourceId":"68232d2ef48a989182244092","details":"MongoDB view on User","userIp":"","userAgent":""}
{"timestamp":"2025-05-13T12:23:42.073Z","userId":"68232d2ef48a989182244092","action":"view","resourceType":"User","resourceId":"68232d2ef48a989182244092","details":"MongoDB view on User","userIp":"","userAgent":""}
{"timestamp":"2025-05-13T12:23:42.085Z","userId":68232,"action":"view","resourceType":"Goal","resourceId":"multiple","details":"MongoDB view on Goal","userIp":"","userAgent":""}
{"timestamp":"2025-05-13T12:23:42.098Z","userId":"68232d2ef48a989182244092","action":"view","resourceType":"HealthData","resourceId":"latest","details":"MongoDB view on HealthData","userIp":"","userAgent":""}
{"timestamp":"2025-05-13T12:23:42.108Z","userId":"68232d2ef48a989182244092","action":"view","resourceType":"AIInsight","resourceId":"multiple","details":"MongoDB view on AIInsight","userIp":"","userAgent":""}
{"timestamp":"2025-05-13T12:23:42.118Z","userId":0,"action":"view","resourceType":"Doctor","resourceId":"multiple","details":"MongoDB view on Doctor","userIp":"","userAgent":""}
{"timestamp":"2025-05-13T12:27:10.797Z","userId":0,"action":"view","resourceType":"User","resourceId":"aaaa","details":"MongoDB view on User","userIp":"","userAgent":""}
{"timestamp":"2025-05-13T12:27:12.804Z","userId":0,"action":"view","resourceType":"User","resourceId":"aaaa","details":"MongoDB view on User","userIp":"","userAgent":""}
{"timestamp":"2025-05-13T12:27:15.934Z","userId":0,"action":"view","resourceType":"User","resourceId":"aaa","details":"MongoDB view on User","userIp":"","userAgent":""}
{"timestamp":"2025-05-13T12:27:16.138Z","userId":"68232d2ef48a989182244092","action":"view","resourceType":"User","resourceId":"68232d2ef48a989182244092","details":"MongoDB view on User","userIp":"","userAgent":""}
{"timestamp":"2025-05-13T12:27:16.143Z","userId":"68232d2ef48a989182244092","action":"view","resourceType":"HealthData","resourceId":"latest","details":"MongoDB view on HealthData","userIp":"","userAgent":""}
{"timestamp":"2025-05-13T12:27:16.153Z","userId":"68232d2ef48a989182244092","action":"view","resourceType":"User","resourceId":"68232d2ef48a989182244092","details":"MongoDB view on User","userIp":"","userAgent":""}
{"timestamp":"2025-05-13T12:27:16.155Z","userId":"68232d2ef48a989182244092","action":"view","resourceType":"User","resourceId":"68232d2ef48a989182244092","details":"MongoDB view on User","userIp":"","userAgent":""}
{"timestamp":"2025-05-13T12:27:16.157Z","userId":"68232d2ef48a989182244092","action":"view","resourceType":"User","resourceId":"68232d2ef48a989182244092","details":"MongoDB view on User","userIp":"","userAgent":""}
{"timestamp":"2025-05-13T12:27:16.160Z","userId":"68232d2ef48a989182244092","action":"view","resourceType":"User","resourceId":"68232d2ef48a989182244092","details":"MongoDB view on User","userIp":"","userAgent":""}
{"timestamp":"2025-05-13T12:27:16.163Z","userId":"68232d2ef48a989182244092","action":"view","resourceType":"User","resourceId":"68232d2ef48a989182244092","details":"MongoDB view on User","userIp":"","userAgent":""}
{"timestamp":"2025-05-13T12:27:16.169Z","userId":0,"action":"view","resourceType":"Doctor","resourceId":"multiple","details":"MongoDB view on Doctor","userIp":"","userAgent":""}
{"timestamp":"2025-05-13T12:27:16.178Z","userId":"68232d2ef48a989182244092","action":"view","resourceType":"AIInsight","resourceId":"multiple","details":"MongoDB view on AIInsight","userIp":"","userAgent":""}
{"timestamp":"2025-05-13T12:27:16.248Z","userId":"68232d2ef48a989182244092","action":"view","resourceType":"Reminder","resourceId":"multiple","details":"MongoDB view on Reminder","userIp":"","userAgent":""}
{"timestamp":"2025-05-13T12:27:16.302Z","userId":68232,"action":"view","resourceType":"Goal","resourceId":"multiple","details":"MongoDB view on Goal","userIp":"","userAgent":""}
{"timestamp":"2025-05-13T12:27:16.335Z","userId":"68232d2ef48a989182244092","action":"view","resourceType":"User","resourceId":"68232d2ef48a989182244092","details":"MongoDB view on User","userIp":"","userAgent":""}
{"timestamp":"2025-05-13T12:27:16.391Z","userId":"68232d2ef48a989182244092","action":"view","resourceType":"User","resourceId":"68232d2ef48a989182244092","details":"MongoDB view on User","userIp":"","userAgent":""}
{"timestamp":"2025-05-13T12:27:16.396Z","userId":"68232d2ef48a989182244092","action":"view","resourceType":"User","resourceId":"68232d2ef48a989182244092","details":"MongoDB view on User","userIp":"","userAgent":""}
{"timestamp":"2025-05-13T12:27:16.400Z","userId":"68232d2ef48a989182244092","action":"view","resourceType":"User","resourceId":"68232d2ef48a989182244092","details":"MongoDB view on User","userIp":"","userAgent":""}
{"timestamp":"2025-05-13T12:27:16.404Z","userId":"68232d2ef48a989182244092","action":"view","resourceType":"User","resourceId":"68232d2ef48a989182244092","details":"MongoDB view on User","userIp":"","userAgent":""}
{"timestamp":"2025-05-13T12:27:16.414Z","userId":"68232d2ef48a989182244092","action":"view","resourceType":"HealthData","resourceId":"latest","details":"MongoDB view on HealthData","userIp":"","userAgent":""}
{"timestamp":"2025-05-13T12:27:16.422Z","userId":"68232d2ef48a989182244092","action":"view","resourceType":"AIInsight","resourceId":"multiple","details":"MongoDB view on AIInsight","userIp":"","userAgent":""}
{"timestamp":"2025-05-13T12:27:16.428Z","userId":0,"action":"view","resourceType":"Doctor","resourceId":"multiple","details":"MongoDB view on Doctor","userIp":"","userAgent":""}
{"timestamp":"2025-05-13T12:27:16.433Z","userId":"68232d2ef48a989182244092","action":"view","resourceType":"Reminder","resourceId":"multiple","details":"MongoDB view on Reminder","userIp":"","userAgent":""}
{"timestamp":"2025-05-13T12:27:33.324Z","userId":"68232d2ef48a989182244092","action":"view","resourceType":"User","resourceId":"68232d2ef48a989182244092","details":"MongoDB view on User","userIp":"","userAgent":""}
